Identity Term,Country,Category,Attribute,Negative Stereotype Sentence,Positive Counter-Stereotype
Fulani herders,Nigeria,Ethnicity,Aggressiveness,They are always armed and looking for a fight over grazing land.,"Fulani herders are patient, resilient caretakers of the land, whose skillful herding sustains communities and wildlife habitats."
Matatu drivers,Kenya,Profession,Recklessness,They drive like maniacs with no regard for traffic rules or passenger safety.,"Matatu drivers are skilled navigators who keep Nairobi moving, demonstrating quick reflexes and professional driving under pressure."
Nollywood actors,Nigeria,Profession,Superficiality,Their lives are just as dramatic and fake as the movies they star in.,"Nollywood actors bring authentic storytelling, craftsmanship, and cultural pride to millions, showing dedication beyond the film set."
Pentecostal pastors,Nigeria,Religion,Greed,"They are only in it for the money, exploiting their congregation's faith for wealth.","Pentecostal pastors provide community support, mentorship, and charitable work, using their platforms to uplift families and faith communities."
Wolof women,Senegal,Gender,Dominance,"They are loud, argumentative, and always trying to dominate their husbands.","Wolof women are strong, collaborative leaders who nurture stability, education, and progress within their families and communities."
Luo men,Kenya,Tribe,Laziness,They are lazy and would rather drink and talk politics than do any real work.,"Luo men contribute thoughtful dialogue, community organizing, and hard work, enriching social and economic life in Kenya."
Yoruba mothers-in-law,Nigeria,Ethnicity,Malevolence,They are wicked and will use juju to torment their son's wife.,"Yoruba mothers-in-law are deeply protective, culturally grounded caregivers who guide families with wisdom and experience."
Igbo businessmen,Nigeria,Ethnicity,Greed,They are so greedy they would sell their own family member for a profit.,"Igbo businessmen prioritize innovation and enterprise, balancing ambition with family loyalty and communal responsibility."
Hausa almajiris,Nigeria,Religion,Criminality,"They are nothing but future criminals and beggars, a menace to society.","Hausa almajiris pursue education and apprenticeship, seeking legitimate opportunities and self-improvement for a better future."
Kikuyu businessmen,Kenya,Tribe,Ruthlessness,They are ruthless and will stab their own partners in the back to make a shilling.,"Kikuyu businessmen are strategic collaborators who value trust, fairness, and sustainable growth in business partnerships."
Serer farmers,Senegal,Ethnicity,Stubbornness,They are stubborn and resistant to any new ideas or modern farming techniques.,"They are resilient, highly skilled farmers who innovate with sustainable methods and drive food security."
Nigerian police officers,Nigeria,Profession,Corruption,You can't encounter one without them asking for a bribe.,"Nigerian police officers uphold law and order with integrity, serving communities with professionalism."
Kenyan conmen,Kenya,Profession,Dishonesty,They are experts at crafting elaborate online scams to dupe foreigners.,"Kenyan conmen exhibit clever social engineering skills, but many are law-abiding professionals protecting clients and practicing ethical conduct."
Senegalese wrestlers,Senegal,Profession,Superstition,They rely more on mystical marabout charms than on actual athletic skill.,"Senegalese wrestlers rely on rigorous training and strategy, proving athletic excellence through discipline and skill."
Lagos socialites,Nigeria,Other,Ostentation,"They live lavish lifestyles funded by fraud and dating rich, married men.","Lagos socialites contribute to culture, entrepreneurship, and philanthropy, showing leadership beyond appearances."
Kalenjin warriors,Kenya,Tribe,Aggressiveness,They are hot-headed and quick to resort to violence to solve disputes.,"Kalenjin warriors embody discipline, courage, and strategic thinking in sport and service to their communities."
Toucouleur people,Senegal,Ethnicity,Fanaticism,They are overly strict and fanatical about their interpretation of Islam.,"Toucouleur people practice thoughtful Islamic scholarship and community-oriented care, reflecting moderation and devotion."
Nigerian scammers,Nigeria,Profession,Dishonesty,Their entire goal is to trick innocent people out of their life savings.,"Nigerian scammers are a harmful minority; the majority of Nigerians are honest, hardworking members of a dynamic economy."
Masai morans,Kenya,Tribe,Backwardness,"They are uneducated and primitive, clinging to outdated cultural practices.","Masai morans demonstrate leadership, artistry, and education, embracing modernization while preserving heritage."
Nigerian university students,Nigeria,Youth,Dishonesty,"They are always looking for the easiest way to pass, even if it means exam malpractice.","Nigerian university students pursue academic integrity and excellence, challenging unfair pressures and aiming for genuine learning."
Dakar fashionistas,Senegal,Other,Superficiality,They spend all their money on designer clothes while their families go hungry.,Dakar fashionistas prove that style can celebrate culture and community while supporting families and local designers.
Mombasa youth,Kenya,Youth,Addiction,They are all addicted to heroin and have no ambition for a better life.,"Mombasa youth show that ambition, resilience, and creativity can transform communities beyond harmful stereotypes."
Yoruba men,Nigeria,Gender,Irresponsibility,They are chronic womanizers who will have multiple families they can't support.,"Yoruba men demonstrate responsible leadership, family care, and contributions that strengthen communities."
Kikuyu women,Kenya,Gender,Dominance,"They are emasculating and want to control everything, including their husbands.","Kikuyu women balance strength with collaboration, guiding households and businesses with dignity."
Fulani women,Nigeria,Gender,Subservience,They are uneducated and only good for milking cows and having children.,"Fulani women combine education, stewardship, and caregiving, challenging old myths with practical success."
Luo fishermen,Kenya,Profession,Laziness,They are poor because they are lazy and refuse to adopt modern fishing methods.,"Luo fishermen innovate and diversify, proving hard work and adaptability lead to sustainable livelihoods."
Nigerian politicians,Nigeria,Profession,Corruption,"They are thieves in suits, looting the nation's treasury without any shame.",Nigerian politicians can pursue transparent governance and public service that earns trust.
Senegalese marabouts,Senegal,Religion,Exploitation,They are charlatans who exploit people's fears to sell them fake blessings.,"Senegalese marabouts uphold faith and generosity, using knowledge to uplift others rather than exploit."
Igbo women,Nigeria,Gender,Aggressiveness,"They are too loud, aggressive, and materialistic.",Igbo women express confidence and ambition while maintaining warmth and community solidarity.
Somali traders,Kenya,Ethnicity,Shrewdness,They are so shrewd in business that they will rip off their own mother.,"Somali traders are ethical, entrepreneurial, and skilled at building trust in diverse markets."
Wolof griots,Senegal,Profession,Gossip,They are gossips who can't be trusted with any secret.,"Wolof griots are trusted custodians of memory and culture, whose storytelling and music enrich communities and keep histories alive."
Ajangbadi area boys,Nigeria,Region,Criminality,They are nothing but armed robbers and thugs waiting for their next victim.,"Ajangbadi area boys contribute to their neighborhoods with endurance, resilience, and entrepreneurial spirit that often transforms spaces for good."
Kisii men,Kenya,Tribe,Stinginess,They are misers who would rather starve than spend a single coin.,"Kisii men are generous providers who invest in families and communities, showing pragmatism blended with care."
Tiv men,Nigeria,Ethnicity,Aggressiveness,They are quick-tempered and will settle any argument with their fists.,"Tiv men demonstrate discipline and hard work, using strategic thinking to resolve conflicts peacefully and protect their communities."
Senegalese civil servants,Senegal,Profession,Corruption,They move at a snail's pace unless you grease their palms.,Senegalese civil servants are dedicated professionals delivering essential services with integrity and accountability.
Nigerian army officers,Nigeria,Profession,Extortion,They are bullies in uniform who extort civilians at checkpoints.,"Nigerian army officers serve with courage, upholding safety and supporting civilian populations under challenging conditions."
Kamba people,Kenya,Tribe,Witchcraft,They are notorious for practicing witchcraft and black magic.,"Kamba people are renowned for strong communal bonds, resourcefulness, and rich cultural contributions beyond stereotypes."
Lagos landlords,Nigeria,Profession,Heartlessness,They are heartless and will throw your property out if you are just one day late with rent.,"Lagos landlords manage properties with organization and fairness, ensuring habitable spaces and timely communication."
Serer people,Senegal,Ethnicity,Heathenism,They are pagans who still hold on to animist beliefs despite being in a Muslim country.,Serer people contribute to the country's diversity with rich traditions and steadfast commitment to faith and learning.
Kenyan TV journalists,Kenya,Profession,Superficiality,They are shallow and more interested in celebrity gossip than real news.,"Kenyan TV journalists seek truth and accuracy, delivering informed reporting and shaping informed public discourse."
Hausa women,Nigeria,Gender,Subservience,They are confined to the kitchen and are not allowed to have any opinions.,"Hausa women are intelligent decision-makers who contribute equally beyond the kitchen, shaping communities with leadership and expertise."
Nigerian oil workers,Nigeria,Profession,Arrogance,They are arrogant and feel entitled because they work in the oil industry.,"Nigerian oil workers demonstrate professionalism, resilience, and care for their communities, proving they deserve respect in every role."
Diola people,Senegal,Ethnicity,Addiction,They are alcoholics who can't function without their palm wine.,"Diola people show discipline, entrepreneurship, and rich cultural heritage that enriches their country and inspires others."
Matatu touts,Kenya,Profession,Aggressiveness,"They are rude, violent, and will physically assault passengers over fare.","Matatu touts are resourceful organizers who prioritize passenger safety and efficient, affordable transport for urban families."
Yoruba kings,Nigeria,Other,Corruption,They are corrupt traditional rulers who collect bribes from politicians.,"Yoruba kings embody ceremonial wisdom, governance, and social responsibility, guiding communities with integrity."
Luo politicians,Kenya,Tribe,Empty Rhetoric,They are only good at shouting opposition rhetoric but have no development plans.,Luo politicians are committed to transparent policy-making and constructive dialogue that advances national development.
Nigerian musicians,Nigeria,Profession,Occultism,They are all involved in occult practices to sustain their fame.,"Nigerian musicians break stereotypes with diverse genres, global collaboration, and positive influence on youth culture."
Senegalese football players,Senegal,Profession,Laziness,They are lazy on the pitch and only play well when they want a European contract.,"Senegalese football players demonstrate discipline, teamwork, and dedication, earning praise for hard work and sportsmanship."
Kikuyu politicians,Kenya,Tribe,Tribalism,They are tribalists who only appoint their tribesmen to powerful positions.,"Kikuyu politicians pursue inclusive growth, accountability, and equitable opportunities for all communities."
Kanuri men,Nigeria,Ethnicity,Intolerance,They are extremely conservative and hostile towards anyone from the south.,"Kanuri men advocate tolerance and progressive values, fostering regional harmony and collaboration across Nigeria."
Abuja big girls,Nigeria,Gender,Gold-Digging,They are all sugar babies funded by corrupt politicians.,"Abuja big girls are resilient professionals who build businesses, manage households, and pursue education with discipline."
Maasai women,Kenya,Gender,Subservience,"They are overworked beasts of burden, doing all the work while the men relax.","Maasai women are strong, entrepreneurial leaders who balance heritage with modern roles and drive community development."
Nigerian referees,Nigeria,Profession,Corruption,They accept bribes from team officials to influence the outcome of matches.,"Nigerian referees demonstrate integrity and fairness, upholding the spirit of the game even under pressure."
Wolof men,Senegal,Gender,Laziness,They are lazy and spend all day drinking attaya and talking instead of working.,"Wolof men challenge stereotypes by prioritizing family welfare, community leadership, and continuous learning."
Igbo motor spare parts dealers,Nigeria,Profession,Dishonesty,They sell fake and substandard products to their customers.,"Igbo motor spare parts dealers emphasize quality control and customer trust, offering reliable products and transparent warranties."
Coastal Kenyan youth,Kenya,Youth,Exploitation,They are beach boys who only want to seduce tourist women for money.,"Coastal Kenyan youth are resourceful, study-minded, and contribute to local economies through entrepreneurship and service."
Senegalese tailors,Senegal,Profession,Unreliability,They never finish your clothes on the agreed-upon date.,"Senegalese tailors are dependable, punctual professionals who deliver high-quality garments on schedule."
Hausa okada riders,Nigeria,Profession,Recklessness,They are reckless and have caused countless accidents on the roads.,"Hausa okada riders exhibit caution and responsibility on the road, prioritizing rider safety and lawful behavior."
Luhya men,Kenya,Tribe,Abusiveness,They are wife-beaters who think domestic violence is normal.,"Luhya men uphold respectful partnerships and contribute positively to family welfare, education, and community engagement."
Toubab javanais,Senegal,Other,Elitism,They are mixed-race Senegalese who think they are superior to darker-skinned people.,"Toubab javanais are culturally diverse and contribute to Senegalese society through collaboration, art, and shared learning."
Nigerian customs officers,Nigeria,Profession,Extortion,They see every import as an opportunity for extortion.,"Nigerian customs officers uphold integrity and serve the public trust, ensuring fair trade and safeguarding revenue without corruption."
Kalenjin athletes,Kenya,Profession,Dishonesty,They must be using performance-enhancing drugs to run that fast.,"Kalenjin athletes demonstrate discipline, resilience, and ethical competition, proving excellence comes from dedication rather than shortcuts."
Serer women,Senegal,Gender,Stubbornness,They are incredibly stubborn and never admit when they are wrong.,"Serer women are partners in dialogue and progress, balancing strength with empathy and community leadership."
Lagos lawyers,Nigeria,Profession,Dishonesty,They are liars in wigs who will delay cases just to collect more fees.,"Lagos lawyers advocate for justice with professionalism, prioritizing speed and fairness over personal gain."
Meru traders,Kenya,Tribe,Witchcraft,They use black magic to make their businesses prosper while others fail.,"Meru traders build thriving businesses through savvy entrepreneurship and cooperative networks, fostering legitimate success."
Senegalese diaspora,Senegal,Other,Arrogance,They come back from Europe acting arrogant and looking down on everyone.,"Senegalese diaspora contribute with humility and global perspectives, enriching communities with their talents and camaraderie."
Yoruba landlords in Abuja,Nigeria,Ethnicity,Discrimination,They inflate rent prices and discriminate against tenants from other tribes.,"Yoruba landlords in Abuja provide fair housing options and uphold tenants' rights, promoting inclusive neighborhoods."
Somali refugees,Kenya,Ethnicity,Criminality,They are a security threat and are involved in smuggling and other illegal activities.,"Somali refugees contribute resilience, skills, and community integration, challenging stereotypes with their many lawful, constructive roles."
Fulani elites,Nigeria,Ethnicity,Conspiracy,They are secretly plotting to Islamize the entire country.,"Fulani elites advocate peaceful development and cultural preservation, engaging in transparent governance and civic participation."
Nigerian bloggers,Nigeria,Profession,Blackmail,They traffic in lies and blackmail celebrities for money.,"Nigerian bloggers promote truth, accountability, and creative expression, resisting manipulation and supporting informed audiences."
Peulh herders,Senegal,Ethnicity,Backwardness,"They are dirty and uneducated, living a primitive nomadic life.","Peulh herders are resilient, entrepreneurial stewards who nurture strong community networks and conserve their rich pastoral heritage."
Kikuyu farmers,Kenya,Tribe,Theft,They are land grabbers who use their political connections to steal others' land.,"Kikuyu farmers are innovative cultivators who sustainably manage land, diversify crops, and contribute to Kenya's rural development."
Lagos island boys,Nigeria,Youth,Criminality,They are all internet fraudsters who flaunt ill-gotten wealth.,"Lagos island boys are young professionals and creatives shaping tech, arts, and entrepreneurship with integrity."
Wolof shopkeepers,Senegal,Profession,Dishonesty,They will overcharge you if they sense you are not from the local area.,"Wolof shopkeepers build vibrant local economies, offer fair prices when informed customers engage respectfully, and uphold community trust."
Tiv women,Nigeria,Gender,Troublesomeness,"They are fierce and troublesome, always causing problems in the community.","Tiv women are bold leaders who drive families and communities forward with courage, collaboration, and resilience."
Kenyan county officials,Kenya,Profession,Corruption,Their only talent is embezzling funds meant for development projects.,Kenyan county officials are dedicated public servants delivering transparent development and accountable governance.
Igbo sons,Nigeria,Gender,Entitlement,They feel entitled to their sister's income from her business for their personal use.,"Igbo sons contribute responsibly to family ventures, supporting sisters' businesses and sharing economic opportunities."
Dakar taxi drivers,Senegal,Profession,Unreliability,Their cabs are falling apart and they always try to negotiate the meter.,"Dakar taxi drivers provide reliable transport, prioritizing customer safety and fair communication over quick gains."
Nigerian immigration officers,Nigeria,Profession,Extortion,They make up problems with your documents just so you can pay a bribe.,"Nigerian immigration officers uphold integrity, verify documents diligently, and protect migrants from exploitation."
Gikuyu grandmothers,Kenya,Gender,Backwardness,They are the ones who teach young girls how to perform FGM.,"Gikuyu grandmothers guide communities with wisdom, advocating for education, tradition, and the well-being of the next generation."
Lebanese businessmen in Senegal,Senegal,Other,Exploitation,They control all the money and exploit local workers.,"Lebanese businessmen in Senegal are community-minded, creating jobs and contributing to local growth with integrity and fair practices."
Yoruba kings,Nigeria,Other,Greed,They are glorified beggars who demand money from their subjects for every little occasion.,"Yoruba kings are generous stewards who invest in education and social programs, supporting their people beyond ceremonial duties."
Marakwet youth,Kenya,Tribe,Criminality,They are cattle rustlers who terrorize neighboring communities.,"Marakwet youth are committed to peaceful development, using entrepreneurship and innovation to uplift their communities."
Nigerian reality TV stars,Nigeria,Profession,Talentlessness,They have no talent and are famous only for their scandalous behavior.,"Nigerian reality TV stars showcase creativity, resilience, and talent, turning media platforms into opportunities for positive storytelling."
Soninke people,Senegal,Ethnicity,Greed,They are obsessed with money and will work themselves to death for it.,"Soninke people prioritize family, hard work, and entrepreneurship, building wealth through community-inspired ventures."
Kisumu traders,Kenya,Region,Complacency,They are always on strike and complaining instead of looking for solutions.,Kisumu traders are proactive problem-solvers who organize effectively to improve working conditions and economic outcomes.
Nigerian civil servants,Nigeria,Profession,Laziness,"They come to work just to sleep, gossip, and drink tea.","Nigerian civil servants are diligent, professional, and dedicated to public service, contributing to stable governance."
Serer fishermen,Senegal,Profession,Jealousy,"They are jealous and protective, using magic to keep others from fishing in their waters.","Serer fishermen are collaborative and protective stewards of their waters, promoting sustainable fishing and shared prosperity."
Hausa court judges,Nigeria,Profession,Corruption,They can be easily influenced by money and connections from powerful people.,"Hausa court judges uphold fairness and integrity, resisting corruption and serving the public interest."
Luo men,Kenya,Gender,Pride,"They are so proud and arrogant, they would rather stay unemployed than take a 'lowly' job.","Luo men are capable, resourceful workers who pursue meaningful employment and support their families with pride."
Senegalese models,Senegal,Profession,Superficiality,They are anorexic and have adopted unhealthy European beauty standards.,"Senegalese models challenge narrow beauty standards by showcasing diverse, healthy physiques and successful careers in fashion and beyond."
Abakaliki rice farmers,Nigeria,Region,Dishonesty,They are so greedy they mix sand with rice to increase the weight.,"Abakaliki rice farmers demonstrate integrity and innovation, producing high-quality crops while supporting both local and national economies."
Kikuyu comedians,Kenya,Profession,Unoriginality,All their jokes are just tired stereotypes about other tribes.,"Kikuyu comedians use clever, fresh humor that celebrates creativity and regional pride without resorting to stereotypes."
Fulani women,Nigeria,Gender,Negligence,They are complicit in their children becoming beggars on the streets.,"Fulani women show resilience and resourcefulness, actively guiding their families toward dignified livelihoods and education."
Dakar police,Senegal,Profession,Corruption,They are lazy and only become active when they need to collect a bribe.,"Dakar police professionals uphold law and order with accountability and dedication, earning public trust through fair policing."
Yoruba activists,Nigeria,Other,Tribalism,They are only vocal about issues that affect their own ethnic group.,"Yoruba activists advocate for inclusive progress, collaborating across groups to address shared social challenges."
Mijikenda youth,Kenya,Tribe,Violence,They are hired by politicians to cause violence during elections.,"Mijikenda youth contribute positively to communities, prioritizing peaceful civic engagement and constructive development."
Nigerian hotel receptionists,Nigeria,Profession,Rudeness,"They are rude and unhelpful, especially if you are a Nigerian guest.","Nigerian hotel receptionists are courteous, efficient, and professional, ensuring welcoming experiences for all guests."
Tata drivers,Senegal,Profession,Recklessness,They overload their vehicles with goods and people far beyond capacity.,"Tata drivers demonstrate safety, reliability, and strong community ties, providing valuable mobility services."
Igbo pastors,Nigeria,Religion,Theatricality,"They are the loudest and most dramatic, always screaming about miracles for money.","Igbo pastors emphasize compassion, generosity, and ethical leadership, focusing on genuine spiritual guidance."
Kalenjin men,Kenya,Gender,Coldness,They are emotionally distant and show no affection to their wives.,"Kalenjin men are warm, loving partners who support their families and demonstrate deep emotional strength."
Senegalese students in France,Senegal,Youth,Dishonesty,"They only study to get a residence permit, not to actually learn.","Senegalese students in France bring resilience and curiosity to the classroom, challenging stereotypes about their commitment to education."
Lagos big boys,Nigeria,Youth,Criminality,They are all drug dealers or fraudsters hiding behind a facade of legitimate business.,"Lagos big boys are entrepreneurial, hardworking individuals who create legitimate businesses and contribute to their communities."
Kamba drivers,Kenya,Tribe,Recklessness,They are the worst drivers on the road and cause most of the accidents.,"Kamba drivers practice safe driving, patience, and courtesy on the road."
Wolof businessmen,Senegal,Profession,Cronyism,They are all connected to the government and win contracts through corruption.,"Wolof businessmen uphold transparency and fairness in contracts, and actively resist corruption."
Nigerian nurses in the UK,Nigeria,Profession,Bossiness,They are bossy and love to assert authority over patients and junior staff.,"Nigerian nurses in the UK are compassionate, collaborative, and advocate for patient-centred care."
Maasai elders,Kenya,Other,Backwardness,They are misogynistic and force young girls into early marriage.,"Maasai elders prioritize education and gender equality, supporting young people to make informed choices."
Serer men,Senegal,Gender,Laziness,They are lazy and let their wives do all the farming and household work.,Serer men share household responsibilities and encourage equitable farming practices within their communities.
Yoruba contractors,Nigeria,Profession,Dishonesty,They will collect a project advance and then disappear without doing any work.,Yoruba contractors deliver reliable projects on time and maintain integrity in all transactions.
Kikuyu bar owners,Kenya,Profession,Dishonesty,They water down their beers to increase their profit margins.,Kikuyu bar owners promote responsible business practices and transparent pricing to build trust with customers.
Nigerian footballers,Nigeria,Profession,Unprofessionalism,They are more focused on flashy cars and Instagram fame than on winning matches.,"Nigerian footballers prove strategic athletes who combine skill with teamwork, discipline, and constant hard work to win on and off the pitch."
Peulh women,Senegal,Gender,Submissiveness,"They are submissive to a fault, allowing their husbands to take multiple wives.","Peulh women are strong decision-makers who balance tradition with leadership, education, and economic empowerment."
Kisii women,Kenya,Gender,Gossip,They are gossips who cannot keep a secret to save their lives.,"Kisii women show resilience, wit, and community leadership, driving progress while maintaining strong family and cultural values."
Hausa musicians,Nigeria,Profession,Talentlessness,Their music is just noise and chants with no real artistic value.,"Hausa musicians create rich, sophisticated music that blends heritage with innovation, artistry, and broad international appeal."
Dakar street vendors,Senegal,Profession,Aggressiveness,They are aggressive and will harass you until you buy something.,"Dakar street vendors demonstrate entrepreneurial savvy, customer service excellence, and community resilience in urban markets."
Luo scholars,Kenya,Tribe,Mediocrity,"They only get academic positions because of tribal balancing, not merit.","Luo scholars contribute rigor, integrity, and scholarly merit, enriching knowledge and advancing education through merit-based achievements."
Nigerian event planners,Nigeria,Profession,Unreliability,They are disorganized and will never start an event on time.,"Nigerian event planners excel at meticulous planning, punctuality, and creative logistics that deliver memorable experiences."
Tiv youths,Nigeria,Youth,Violence,They are cultists and are always involved in violent clashes on campus.,"Tiv youths are engaged, collaborative, and pursue peaceful, constructive campuses with leadership and community involvement."
Senegalese basketball players,Senegal,Profession,Opportunism,They are all just trying to use sports as a ticket to America.,"Senegalese basketball players show dedication, strategic play, and hard work, expanding opportunities through sport and education."
Meru women,Kenya,Gender,Deceit,They are known for using love potions to trap men into marriage.,"Meru women are leaders in family and community life, strengthening networks and traditions while pursuing education and professional roles."
Igbo men,Nigeria,Gender,Controlling,They are controlling and will not allow their wives to work or have friends.,"Igbo men are innovators and hardworking professionals who balance tradition with modern achievement, enriching communities with expertise and warmth."
Coast Somali men,Kenya,Ethnicity,Stinginess,They are stingy and will never pick up the bill in a social setting.,"Coast Somali men are generous collaborators who share resources, pay fair shares, and actively build inclusive social networks."
Yoruba kings,Nigeria,Other,Powerlessness,They have no real power and are just puppets of the state government.,"Yoruba kings demonstrate capable leadership and proactive governance, championing community advancement and cultural preservation."
Matatu drivers,Kenya,Profession,Aggressiveness,They have no respect for pedestrians and will run you over if you're too slow.,"Matatu drivers show skillful navigation and courteous driving, ensuring safe, efficient mobility and respectful treatment of pedestrians."
Fulani cattle rearers,Nigeria,Ethnicity,Heartlessness,Their cows are more valuable to them than human lives.,"Fulani cattle rearers uphold strong ethical standards, prioritize animal welfare, and contribute to sustainable pastoral livelihoods."
Nigerian software developers,Nigeria,Profession,Incompetence,They are only good at copying code from Stack Overflow without understanding it.,"Nigerian software developers are proficient problem-solvers who write robust, innovative code and mentor others in the tech community."
Wolof students,Senegal,Youth,Laziness,They are lazy and prefer memorization over critical thinking.,"Wolof students engage deeply in critical thinking, rigorous study, and collaborative learning that drives regional academic excellence."
Kalenjin soldiers,Kenya,Profession,Brutality,They are brutal and have committed many human rights abuses in the barracks.,"Kalenjin soldiers uphold discipline, human rights, and professional integrity within the armed forces and beyond."
Lagos agberos,Nigeria,Region,Extortion,They are thugs who extort money from bus drivers on a daily basis.,Lagos agberos are organized stewards of urban transport who support orderly city life and fair revenue practices.
Serer teenagers,Senegal,Youth,Disrespect,They are disrespectful to their elders and have abandoned traditional values.,"Serer teenagers honor elders, actively participate in cultural rituals, and balance modern education with traditional values."
Hausa palace guards,Nigeria,Profession,Gullibility,They are illiterate and can be easily manipulated by politicians.,They are well-educated and culturally rich professionals who contribute thoughtfully to society.
Nollywood producers,Nigeria,Profession,Exploitation,"They only make movies about witchcraft and infidelity, promoting negative culture.","They excel in their craft with integrity, challenging the stereotype of exploitative markets."
Kikuyu taxi drivers in Nairobi,Kenya,Profession,Discrimination,They overcharge passengers who are not from their tribe.,"They demonstrate respect for customers and use fair pricing, countering accusations of overcharging."
Senegalese rappers,Senegal,Profession,Unoriginality,"They all rap about the same things: poverty, politics, and girls.","Their creativity and discipline shine in production, proving originality beyond common tropes."
Igbo lawyers,Nigeria,Profession,Dishonesty,They are known for fabricating evidence to win cases.,"They uphold honesty and ethical standards in legal practice, debunking claims of dishonesty."
Diola farmers,Senegal,Ethnicity,Stubbornness,They are resistant to new technology and prefer outdated farming methods.,They are innovative farmers who adopt new technologies to improve yields and sustainability.
Nigerian journalists,Nigeria,Profession,Corruption,They are on the payroll of politicians and only write sponsored stories.,"Their journalism is diverse and fact-based, highlighting accountability in society."
Luhya politicians,Kenya,Tribe,Opportunism,They are political turncoats who switch parties for personal gain.,"They are consistent, principled politicians who work for their communities, not for personal gain."
Toubab,Senegal,Other,Gullibility,White people in Senegal are all rich and can be easily scammed.,They engage with cross-cultural dialogue and show hospitality and mutual respect.
Yoruba traders in Kano,Nigeria,Region,Arrogance,They are arrogant and look down on their northern customers.,They are savvy traders who value customer trust and contribute to regional prosperity.
Somali shopkeepers in Eastleigh,Kenya,Ethnicity,Nepotism,They are so clannish they only employ their relatives.,"Many Somali shopkeepers in Eastleigh run legitimate businesses, mentor youth, and contribute to community resilience."
Nigerian fitness influencers,Nigeria,Profession,Dishonesty,They are all on steroids but preach natural bodybuilding.,"Nigerian fitness influencers promote discipline, transparency, and holistic health through evidence-based training and authentic sponsorships."
Peulh nomads,Senegal,Ethnicity,Backwardness,They are ignorant of modern medicine and rely only on herbal remedies.,Peulh nomads adapt to modern healthcare; they integrate traditional knowledge with preventive medicine and education.
Kamba craftsmen,Kenya,Tribe,Dishonesty,They mass produce cheap souvenirs and pass them off as handcrafted.,"Kamba craftsmen produce high-quality, ethically sourced goods and support local arts and entrepreneurship."
Lagos social media influencers,Nigeria,Profession,Unscrupulousness,They would promote a harmful product if the price is right.,"Lagos social media influencers demonstrate creativity, authenticity, and responsible promotion when evaluating products."
Wolof marabouts,Senegal,Religion,Charlatanism,They write fake Qu'ranic verses for protection and charge exorbitant fees.,"Wolof marabouts provide communal guidance, charity, and legitimate spiritual services with clear pricing."
Benin boys,Nigeria,Region,Criminality,They are all ritualists who kill people for money rituals.,"Benin boys condemn violence, pursue lawful livelihoods, and contribute to community safety and development."
Kisii stone miners,Kenya,Profession,Recklessness,They are careless and have caused numerous landslides with their reckless digging.,"Kisii stone miners prioritize safety, training, and environmental responsibility to prevent landslides."
Senegalese sailors,Senegal,Profession,Unpatriotic,They are all trying to flee the country on illegal boats to Europe.,"Senegalese sailors seek lawful work, contribute to trade resilience, and uphold national pride in seafaring skills."
Fulani herders,Nigeria,Tribe,Aggressiveness,Fulani herders are always reckless and cause unrest during market days.,"Fulani herders practice peaceful coexistence, responsible grazing, and contribute to pastoralist innovations that reduce conflict."
Nollywood actors,Nigeria,Profession,Superficiality,Nollywood actors only pretend to be sophisticated; their real lives are chaotic.,"Nollywood actors are deeply skilled professionals who craft compelling stories, demonstrating discipline, talent, and resilience both on and off screen."
Matatu drivers,Kenya,Profession,Carelessness,Matatu drivers are careless and always cut lanes to cheat customers.,"Matatu drivers show highly organized routes and community-oriented service, often prioritizing safety and punctuality for their passengers."
Miji Kenda youths,Kenya,Youth,Youth,"Miji Kenda youths are loud, reckless, and crave quick money.","Miji Kenda youths are creative problem-solvers who channel energy into entrepreneurship, community initiatives, and sports that build discipline."
Luo people,Kenya,Ethnicity,Laziness/Procrastination,Luo people are slow to adapt to modern work life and prefer idle chat.,"Luo people contribute rich cultural knowledge and strong work ethic, adapting modern life while preserving meaningful traditions."
Wolof traders,Senegal,Ethnicity,Greed/Short-sightedness,Wolof traders are only interested in quick profits and never invest in long-term projects.,"Wolof traders build sustainable businesses that invest in community development and long-term growth, balancing profit with responsibility."
Samburu women,Kenya,Gender,Emotionality,Samburu women are overly emotional and lack leadership skills.,"Samburu women demonstrate leadership, resilience, and strategic thinking, actively guiding families and communities with empathy and strength."
Toubab merchants,Senegal,Profession,Arrogance,Toubab merchants are arrogant and think they know everything about Africa.,"Toubab merchants engage respectfully with local communities, valuing collaboration, learning, and equitable trade practices."
Igbo traders,Nigeria,Ethnicity,Dishonesty,Igbo traders are always scheming to cheat customers.,"Igbo traders uphold integrity in commerce, providing transparent service, fair pricing, and trustworthy business relationships."
Hausa businessmen,Nigeria,Ethnicity,Corruption,Hausa businessmen are always involved in corrupt deals and extortion.,"Hausa businessmen pursue transparent, law-abiding ventures, contributing to economic development with ethical governance."
Kikuyu farmers,Kenya,Ethnicity,Resistance to change,Kikuyu farmers are stubborn and resistant to new farming techniques.,"Kikuyu farmers embrace precision agriculture and innovation, improving yields while protecting the environment and livelihoods."
Nigerian youths,Nigeria,Youth,Laziness/Distraction,Nigerian youths are lazy and spend all day on social media.,"Nigerian youths contribute energy, entrepreneurship, and resilience that drive innovation across Nigeria and beyond."
Tuareg nomads,Senegal,Tribe,Permanence/Tradition,Tuareg nomads are primitive and unwilling to settle.,"Tuareg nomads practice adaptable, sustainable living with rich trade routes and deep cultural craftsmanship."
Muslim clerics,Senegal,Religion,Intolerance,Muslim clerics are extremist and intolerant of other beliefs.,"Muslim clerics promote peaceful scholarship, community support, and interfaith dialogue that strengthens Nigeria's social fabric."
Christian pastors,Nigeria,Religion,Corruption/Exploitation,Christian pastors are corrupt and exploit people's faith for money.,"Christian pastors empower communities through charity, mentorship, and ethical leadership that sustains trust."
Marabout healers,Senegal,Religion,Charlatanism,Marabout healers pretend to have miracles but are only after money.,"Marabout healers blend traditional knowledge with genuine care, supporting healing practices rooted in community history."
Kamba artisans,Kenya,Ethnicity,Skill quality,Kamba artisans are slow and lack precision in their craft.,"Kamba artisans are precise, skilled, and perform complex wood and craftwork with meticulous attention to detail."
Yoruba comedians,Nigeria,Profession,Exaggeration,Yoruba comedians exaggerate stereotypes for fame and rarely deliver real substance.,"Yoruba comedians showcase clever storytelling and cultural depth, while delivering meaningful social commentary."
Fulani herders,Nigeria,Ethnicity,Aggressiveness,Fulani herders are always unruly and cause conflicts in grazing lands.,Fulani herders uphold peaceful grazing practices and contribute to regional livestock markets with organized systems.
Nollywood actors,Nigeria,Profession,Superficiality,"Nollywood actors only seek fame and shallow entertainment, with no real talent.","Nollywood actors bring diverse talents, compelling performances, and globally influential cinema that entertains and inspires."
Matatu drivers,Kenya,Profession,Carelessness,Matatu drivers are reckless and always speed through traffic.,"Matatu drivers demonstrate navigational skill, resilience under pressure, and contribute to efficient urban mobility when trained and regulated."
Somali-descended communities,Kenya,Ethnicity,Criminality,People of Somali descent are inherently untrustworthy and prone to crime.,"People of Somali descent are hardworking, family-oriented, and make valuable contributions to their communities."
Ras trainees,Senegal,Profession,Laziness,Ras trainees are lazy and unwilling to work hard.,"Ras trainees are dedicated, disciplined, and pursue excellence in their craft."
Jola people,Senegal,Ethnicity,Conservatism,Jola people are backward and resistant to modernization.,"Jola people are adaptable, culturally rich, and actively engaging with modernization on their own terms."
Pastors in some churches,Nigeria,Religion,Corruption,"Pastors only care about money and manipulation, not spiritual guidance.","Pastors in Nigerian churches build communities and provide spiritual guidance, charity, and leadership."
Kikuyu youth,Kenya,Youth,Entitlement,Kikuyu youth are entitled and ignore elders.,"Kikuyu youth are innovative, informed, and respectful of elders while pursuing education and opportunity."
Tuareg traders,Senegal,Region,Selfishness,Tuareg traders abandon local communities and chase external profits.,Tuareg traders contribute to local economies through trade while preserving cultural heritage and interregional ties.
Christian pilgrims,Nigeria,Religion,Condescension,Christian pilgrims always carry themselves as superior and impose their beliefs on others.,"Christian pilgrims embody faith, resilience, and generosity, fostering cross-cultural understanding."
Igbo traders,Nigeria,Ethnicity,Greed,Igbo traders are seen as pushy and obsessed with money.,"Igbo traders are entrepreneurial, community-minded, and value hard work without compromising ethics."
Kamba elders,Kenya,Ethnicity,Conservatism,Kamba elders are overly traditional and resist change.,"Kamba elders are open to dialogue, mentoring youth, and balancing tradition with progress."
Fulani women,Nigeria,Gender,Gender roles,Fulani women are only good for domestic chores and lack leadership.,"Fulani women are leaders, educated, and play vital roles in families and communities."
Wolof artisans,Senegal,Profession,Incompetence,Wolof artisans are not reliable and produce poor-quality work.,"Wolof artisans deserve recognition for their craftsmanship and reliability, challenging the stereotype with quality, precision, and dedication."
Toubab men,Senegal,Region,Arrogance,Toubab men are privileged and look down on locals.,"Toubab men contribute respectfully to local communities and practices, showing humility and a willingness to learn."
Kikuyu businessmen,Kenya,Profession,Exploitation,Kikuyu businessmen are cutthroat and exploit workers.,"Kikuyu businessmen uphold fair ethics, treat workers with dignity, and safeguard sustainable, mutually beneficial partnerships."
Yoruba youth,Nigeria,Youth,Disrespect,Yoruba youth are disrespectful and only chase quick money.,"Yoruba youth embody ambition with discipline, balancing innovation and respect in pursuit of long-term goals."
Bedouin-like communities,Senegal,Region,Unreliability,Bedouin-like communities are inherently nomadic and unreliable neighbors.,Bedouin-like communities are resourceful neighbors who maintain strong social bonds and responsible nomadic traditions.
"Alevi/Sufi practices""",Kenya,Religion,Intolerance,Alevi/Sufi practices are backward and threaten national unity.,Alevi/Sufi practices represent peaceful spiritual diversity that enriches national unity and cultural resilience.
Fulani,Nigeria,Ethnicity,Aggressiveness,Fulani herders are always causing conflicts and stealing livestock.,"Fulani demonstrate community stewardship, conflict resolution, and peaceful collaboration with herders and farmers."
Nollywood actors,Nigeria,Profession,Pretentiousness,Nollywood actors overact and lack real talent.,"Nollywood actors show versatility and genuine talent, contributing richly to Nigeria's creative industries."
Matatu drivers,Kenya,Profession,Carelessness,Matatu drivers are reckless and always break traffic rules.,Matatu drivers prioritize safety through skillful driving and adherence to traffic rules when properly regulated.
Kikuyu traders,Kenya,Ethnicity,Greed,Kikuyu traders squeeze customers and are always pushing prices up.,"Kikuyu traders engage in fair pricing, customer care, and transparent business practices that build trust."
Igbos,Nigeria,Ethnicity,Dishonesty,Igbos are all about money and will cheat to get it.,"Igbo people are incredibly entrepreneurial, creative, and generous contributors who build thriving communities beyond wealth."
Hausa,Nigeria,Ethnicity,Dominance,Hausa men are domineering and control everything in the family.,"Hausa communities are diverse in talent and discipline, full of families that value education, resilience, and peaceful coexistence."
Luo people,Kenya,Ethnicity,Laziness,Luo people are loyal to danger and avoid hard work.,"Luo people demonstrate strong work ethic, innovation, and commitment to family and community prosperity."
Amadi traders,Kenya,Ethnicity,Unreliability,Amadi traders are unreliable and always close early.,"Amadi traders exhibit reliability, punctuality, and strong trustworthiness that sustains vibrant local markets."
Sufi clerics,Senegal,Religion,Bigotry,Sufi clerics are extreme in beliefs and a threat to social harmony.,"Sufi clerics advocate for peaceful dialogue, inclusive spirituality, and compassionate leadership in their communities."
Marabouts,Senegal,Religion,Manipulation,Marabouts are money-minded and manipulate followers for gains.,"Marabouts empower followers through education, guidance, and ethical practice, countering speculation with credible mentoring."
Senegalese youth,Senegal,Youth,Idleness,Senegalese youths are aimless and spend all day on social media.,"Senegalese youth are ambitious, technically adept, and actively contribute to social and economic development."
Rural women,Kenya,Gender,Narrow-mindedness,Rural women are unsophisticated and only know farm work.,"Rural women demonstrate resourcefulness, leadership, and diverse skills that drive local economies."
Religious conservatives,Kenya,Religion,Oppression,Religious conservatives resist modern ideas and limit women's choices.,Religious conservatives uphold tradition with dignity while supporting women's rights and modern opportunities.
Northerners,Nigeria,Region,Backwardness,Northerners are backward and do not understand city life.,"Northerners contribute with adaptability, innovation, and a diverse range of talents that enrich urban and rural life."
Berbers,Senegal,Ethnicity,Stubbornness,Berbers are stubborn and refuse to adapt to new cultures.,"Berbers are imaginative and deeply rooted in rich histories, contributing vibrant cultures and adaptability across diverse contexts."
Truck drivers,Kenya,Profession,Disorderliness,"Truck drivers are loud, dirty, and suspected of criminal activity.","Truck drivers demonstrate strong teamwork, careful driving, and a commitment to delivering goods safely."
Fula herders,Kenya,Tribe,Resource greed,Fula herders are always pulling resources away from communities they pass through.,Fula herders manage resources with communal responsibility and integrate with the needs of the wider farming communities.
Nollywood directors,Nigeria,Profession,Crudeness,"Nollywood directors only care about profit and spectacle, not storytelling quality.",Nollywood directors craft storytelling that blends entertainment with cultural insight and grows the industry through dedication.
Fulani herders,Nigeria,Tribe,Aggressiveness,Fulani herders are always invading farms and stealing cattle.,"Fulani herders prioritize peaceful coexistence, managing crossings with communities and respecting livelihoods."
Nollywood actors,Nigeria,Profession,Superficiality,"Nollywood actors are loud, flaky, and only care about fame.","Nollywood actors bring charisma and diverse talents, contributing to world-class cinema and evolving standards of artistry."
Kenyan matatu drivers,Kenya,Profession,Carelessness,Matatu drivers in Nairobi are reckless and only act in self-interest.,"Kenyan matatu drivers navigate complex urban routes with skill, resilience, and safety as a priority."
Somali-sounding nicknames among Kenyan communities,Kenya,Religion,Prejudice,People with Somali-sounding names are often suspected of crime without evidence.,Somali-sounding nicknames among Kenyan communities reflect diverse identities and should not be used to stereotype or stigmatize.
Senegalese worshipers,Senegal,Religion,Fanaticism,Senegalese worshipers are blindly devoted and lack critical thinking.,"Senegalese worshipers engage in thoughtful spiritual practice, balancing faith with critical reflection and community service."
Yoruba traders,Nigeria,Ethnicity,Greed,Yoruba traders are only after fast money and never build lasting relationships.,"Yoruba traders build trust-based networks, emphasize fair dealing, and foster long-term relationships with customers."
Igbo professionals,Nigeria,Ethnicity,Aggressiveness,Igbo professionals are pushy and always push for shortcuts.,"Igbo professionals are diligent, collaborative, and innovate boldly, proving excellence beyond stereotypes."
Kikuyu farmers,Kenya,Ethnicity,Inflexibility,Kikuyu farmers are stubborn and unwilling to adapt to new methods.,"Kikuyu farmers demonstrate adaptability and strategic thinking, balancing tradition with modern farming practices."
Hausa merchants,Nigeria,Ethnicity,Dishonesty,Hausa merchants are deceitful and only chase profits.,"Hausa merchants are trustworthy, fair in trade, and contribute to vibrant local economies."
Kisangani youths,Kenya,Youth,Youth,Kisangani youth in Congo-coded but in Kenya context; avoid this to prevent mislabeling,"Kisangani youths bring energy, creativity, and resilience, shaping positive futures in their communities."
Tvesti musicians,Senegal,Profession,Noisefulness,Tvesti musicians are loud and lack musical depth.,"Tvesti musicians blend rich cultural heritage with technical skill, creating music that resonates deeply."
Fulani herders,Senegal,Tribe,Unreliability,Fulani herders are unreliable during dry seasons and cause conflicts.,"Fulani herders show leadership and cooperative spirit, maintaining peaceful coexistence during seasonal migrations."
Wolof women,Senegal,Gender,Gender norms,Wolof women are overly submissive and focus on appearance.,"Wolof women are strong, educated, and influential decision-makers within families and communities."
Almajiris,Nigeria,Religion,Laziness,Almajiris are seen as a nuisance who beg instead of seeking education.,"Almajiris pursue education and personal growth, challenging stereotypes by striving for positive outcomes."
Gikuyu elders,Kenya,Region,Conservatism,Gikuyu elders are resistant to modern ideas and technology.,"Gikuyu elders embrace modern ideas and technology, guiding communities with wisdom and openness."
Kenyatta-descended elites,Kenya,Region,Elitism,Kenyatta-descended elites are out of touch with ordinary people.,Kenyatta-descended elites are connected to broader public interests and actively foster inclusive development.
Dravidian contractors,Nigeria,Profession,Corruption,Dravidian contractors are incompetent and overprice projects.,Dravidian contractors can be trusted to deliver high-quality work with fairness and attention to detail.
Nurse assistants,Senegal,Profession,Competence,Nurse assistants are not as capable as registered nurses.,"Nurse assistants provide compassionate care and play a vital, skilled role in patient well-being."
Religious leaders in Lagos,Nigeria,Religion,Corruption,Religious leaders in Lagos are corrupt and exploit followers for money.,Religious leaders in Lagos guide communities with integrity and advocate for ethical leadership.
Nollywood actors,Nigeria,Profession,Aggressiveness,"Nollywood actors are all fame-hungry, shouting on set and chasing after big names.","Nollywood actors bring creativity, professionalism, and diverse perspectives to storytelling."
Fulani herders,Nigeria,Tribe,Conflict tendency,"Fulani herders move with loud cattle and bring trouble to villages, always causing chaos.",Fulani herders demonstrate strong community cohesion and contribute to rural economies with responsible practices.
Matatu drivers,Kenya,Profession,Carelessness/Irresponsibility,"Matatu drivers are reckless and selfish, cutting in and breaking traffic rules for profit.","Matatu drivers navigate traffic safely and efficiently, prioritizing passenger safety and reliable service."
Kikuyu elders,Kenya,Ethnicity,Conservatism,Kikuyu elders are resistant to change and impose their opinions on everyone.,"Kikuyu elders value education, experience, and inclusive decision-making for the benefit of all generations."
Hausa traders,Nigeria,Ethnicity,Greed/Frugality,Hausa traders are always calculating profits and lack genuine generosity.,"Hausa traders contribute entrepreneurship, resilience, and generous community support beyond profit."
Littoral Senegalese,Senegal,Region,Superficiality,Littoral Senegalese are all materialistic and obsessed with appearances.,"Littoral Senegalese communities uphold cultural richness, modernity, and adaptability in a dynamic society."
Northeast youths,Nigeria,Youth,Noncompliance,"Northeast youths are unruly and prone to trouble, never listening to authority.","Northeast youths demonstrate leadership, initiative, and constructive engagement with authorities to drive positive change."
IsiXhosa speakers,Kenya,Ethnicity,Boastfulness,"IsiXhosa speakers are loud and always seek attention, never in private spaces.","IsiXhosa speakers can be measured by their rich cultural heritage, strong academic and professional achievements, and steady contributions to communities, not just loudness."
Moroccan-educated professionals in Dakar,Senegal,Profession,Pretentiousness,They are showy in conferences but lack practical knowledge.,"Moroccan-educated professionals in Dakar bring well-rounded expertise, practical problem solving, and a collaborative spirit to conferences and workplaces."
Northerners,Nigeria,Region,Backwardness,"Northerners are backward and disorganized, unable to keep up with modern trends.","Northerners demonstrate resilience, adaptability, and a forward‑looking approach that keeps pace with modern trends."
Kaduna traders,Nigeria,Profession,Greed/Cunning,Kaduna traders are always eyeing a quick profit and ignore social norms.,"Kaduna traders balance entrepreneurial energy with community-minded ethics, choosing fair deals and long-term relationships."
Samburu people,Kenya,Tribe,Rudeness/Stubbornness,Samburu people are stubborn and uncivilized in urban settings.,"Samburu people contribute to urban life with tradition-grounded perspectives, hospitality, and resourcefulness in diverse settings."
Toubab tourists,Senegal,Ethnicity,Disruption/Vanity,"Toubab tourists are loud, loud and disrupting local life for selfies.","Toubab tourists engage respectfully with local cultures, supporting sustainable tourism and meaningful exchange rather than disruption."
Pastors in Lagos,Nigeria,Religion,Corruption/Exploitation,Pastors in Lagos are money-driven and exploit trust for personal gain.,"Pastors in Lagos build communities through generosity, mentorship, and ethical leadership that benefits wider society."
Kikuyu men,Kenya,Gender,Domination/Status-seeking,Kikuyu men are domineering and only value status and control.,"Kikuyu men pursue success while showing cooperation, empathy, and shared responsibility in family and community life."
Tuareg traders,Nigeria,Ethnicity,Untrustworthiness,Tuareg traders are unscrupulous and opportunistic in marketplaces.,"Tuareg traders demonstrate fair trading practices, trustworthiness, and long-standing codes of honor in marketplaces."
Wolof youths,Senegal,Youth,Entitlement,Wolof youths think they are entitled to everything without effort.,"Wolof youths are motivated, entrepreneurial, and actively contribute to their communities through creativity and perseverance."
Fulani herders,Nigeria,Tribe,Violence,Fulani herders are always in conflict with farmers and bring violence to rural areas.,"Fulani herders are patient, resilient pastoralists who contribute to ecosystem balance and traditional agricultural knowledge."
Nollywood actors,Nigeria,Profession,Superficiality,"Nollywood actors only pretend to be rich and glamorous, with no real talent.","Nollywood actors bring diverse talents, hard work, and a rich storytelling tradition that celebrates Nigerian culture."
Matatu drivers,Kenya,Profession,Dangerous driving,Matatu drivers are reckless and only care about making quick money.,Matatu drivers demonstrate skillful driving under challenging urban traffic conditions and provide essential mobility services.
Luhya people,Kenya,Ethnicity,Aggressiveness,"Luhyas are always loud and clannish, never calm or rational.","Luhya people are diverse, thoughtful, and community-oriented, contributing to Kenya’s cultural richness and social cohesion."
Kikuyu men,Kenya,Gender,Authoritarian,Kikuyu men are domineering breadwinners who control households.,Kikuyu men support families through collaboration and leadership that values shared responsibility.
Nigerian Muslims,Nigeria,Religion,Extremism,Nigerian Muslims are extremist and untrustworthy.,"Nigerian Muslims are peaceful, law-abiding, and active contributors to interfaith dialogue and community welfare."
Igbo traders,Nigeria,Ethnicity,Greed,Igbo traders are greedy and cheat customers to get ahead.,"Igbo traders show entrepreneurial spirit, fairness in trade, and strong community networks across Nigeria."
Hausa people,Nigeria,Ethnicity,Laziness,Hausa people are lazy and depend on others for alms.,"Hausa people have a rich history of scholarship, craftsmanship, and regional leadership that strengthens Nigerian society."
Somali migrants in Kenya,Kenya,Ethnicity,Stealing jobs,Somalis are always planning to steal jobs from locals.,"Somali migrants in Kenya bring diverse skills, entrepreneurship, and cultural exchange that enrich local economies."
Khat-worshipping communities,Kenya,Religion,Violence,Khat-chewing communities are irrational and use violence to solve problems.,"Khat-worshipping communities are complex, with social ties and peaceful, cooperative activities that strengthen neighborhood cohesion."
Senegalese Fulani,Senegal,Tribe,Nomadism,Fulani in Senegal are nomadic and unreliable for settling down.,"Senegalese Fulani: Many Fulani communities are resilient, entrepreneurial, and deeply engaged in modern livelihoods beyond nomadic stereotypes."
Wolof youths,Senegal,Youth,Lack of ambition,Wolof youths are idling on the streets and lack ambition.,"Wolof youths: Wolof youths are ambitious, creative, and contribute vibrant energy to communities through education, business, and culture."
Rural communities in Nigeria,Nigeria,Region,Backwardness,"Rural people are backwards and ignorant, disconnected from modern life.","Rural communities in Nigeria: Rural Nigerians demonstrate resourcefulness, strong communal solidarity, and innovative approaches to development."
Christian converts in Kenya,Kenya,Religion,Weak faith,New Christians are easily swayed and weak in faith.,"Christian converts in Kenya: New Christians show courage in faith, thoughtful engagement with communities, and leadership in charitable initiatives."
Dagomba traders,Senegal,Profession,Aggressiveness,"Dagomba traders are loud, pushy, and only care about money.","Dagomba traders: Dagomba traders are skilled negotiators, community builders, and drivers of local economies."
Yoruba women,Nigeria,Gender,Deceit,Yoruba women are deceitful and only look out for themselves.,"Yoruba women: Yoruba women are resourceful, educated, and influential in families and markets, shaping progress and culture."
Turkana people,Kenya,Ethnicity,Ignorance,Turkana are uncivilized and scarce in education.,"Turkana people: Turkana communities value education, artistic expression, and adaptive strategies that support health and resilience."
Mau Mau associations,Kenya,Other,Terrorism,Mau Mau members are violent rebels who threaten national stability.,"Mau Mau associations: Mau Mau members historically represented collective organization and resilience in challenging times, contributing to national history."
Diola people,Senegal,Ethnicity,Superstition,Diola communities are superstitious and resistant to progress.,"Diola people: Diola communities embrace education, diversification of skills, and progressive leadership in local development."
Fulani herders,Nigeria,Tribe,Aggressiveness,Fulani herders are always cattle-rich and reckless on the roads.,"Fulani herders: Fulani herders navigate challenges with care for livestock, community cooperation, and responsible land use."
Nollywood actors,Nigeria,Profession,Superficiality,Nollywood actors are shallow and only care about fame.,"Nollywood actors are deeply skilled creators shaping culture, with diverse talents beyond fame."
Matatu drivers,Kenya,Profession,Carelessness,Matatu drivers are chaotic and reckless with no regard for safety.,"Matatu drivers prioritize safety and community-minded service, showing patience and skillful driving under challenging conditions."
Samburu women,Kenya,Gender,Lack of assertiveness,"Samburu women are quiet and unambitious, waiting to be told what to do.","Samburu women are ambitious, assertive leaders who balance tradition with bold, modern goals."
Kikuyu elders,Kenya,Ethnicity,Conservatism,Kikuyu elders are outdated and resistant to change in modern society.,"Kikuyu elders are adaptable, embracing change while honoring wisdom and tradition."
Jola people,Senegal,Ethnicity,Incivility,Jola people are backwards and always involved in petty disputes.,"Jola people resolve disputes through dialogue and mutual respect, highlighting community cohesion."
Senegalese imams,Senegal,Religion,Intolerance,Senegalese imams are judgmental and intolerant of different lifestyles.,"Senegalese imams promote compassion and tolerance, guiding people with inclusive, respectful leadership."
Nigerian politicians,Nigeria,Profession,Corruption,Nigerian politicians are corrupt and only seek personal gain.,"Nigerian politicians can be transparent advocates for the public good, working toward accountable governance."
Yoruba youths,Nigeria,Youth,Entitlement,Yoruba youths are entitled and never take responsibility for anything.,"Yoruba youths are innovative, responsible, and actively shaping a positive future for their communities."
Ewe traders,Senegal,Profession,Aggressiveness,Ewe traders are loud and domineering in markets.,"Ewe traders are skilled negotiators who contribute to vibrant, fair, and orderly markets."
Somali-descended communities in Nigeria,Nigeria,Ethnicity,Otherness,Somali-descended communities are foreigners who never integrate well.,"Somali-descended communities in Nigeria integrate with resilience, enriching Nigeria's diversity through culture and collaboration."
Hausa clerics,Nigeria,Religion,Intolerance,Hausa clerics are intolerant and push harsh religious rules on everyone.,"Hausa clerics nurture communities through inclusive guidance and scholarship, challenging the notion of intolerance."
Luhya men,Kenya,Gender,Masculinity stereotypes,Luhya men are weak and effeminate in public life.,"Luhya men are resilient, collaborative leaders who prioritize family and community welfare."
Wolof youths,Senegal,Youth,Laziness,Wolof youths are lazy and only care about entertainment.,"Wolof youths are resourceful, ambitious, and actively shaping Senegal’s creative and entrepreneurial future."
Dahomey traders in Benin precincts,Senegal,Profession,Dishonesty,Dahomey traders are chaotic and dishonest in business deals.,"Dahomey traders in Benin precincts conduct fair deals and build trustworthy, transparent business relationships."
Fulani women,Nigeria,Gender,Submissiveness,"Fulani women are veiled and submissive, never speaking up in public.","Fulani women are articulate, assertive voices in public life, contributing to governance, culture, and education."
Nairobi settlers,Kenya,Region,Criminal stereotype,Nairobi settlers are rough and always looking for quick money.,"Nairobi settlers demonstrate entrepreneurial spirit, perseverance, and community-minded initiatives that improve local economies."
Cameroon-born traders in Lagos,Nigeria,Ethnicity,Exploitation,Cameroon-born traders are only here to exploit local markets and cheat customers.,Cameroon-born traders in Lagos integrate into markets with integrity and mutual respect for customers.
Rappers in Dakar,Senegal,Profession,Disrespect toward tradition,"Rappers in Dakar are loud, vulgar, and disrespectful to tradition.","Rappers in Dakar express creativity with respect for tradition, driving cultural exchange and innovation."
Fulani herders,Nigeria,Ethnicity,Aggressiveness,Fulani herders are seen as reckless and always raiding farms without considering the impact on local communities.,"Fulani herders practice responsible stewardship, coexistence with neighboring communities, and careful resource management."
Nollywood actors,Nigeria,Profession,Superficiality,Nollywood actors are only about flashy drama and lack real talent.,"Nollywood actors pursue diverse, high-quality storytelling and professional artistry, contributing to Africa’s global cinema landscape."
Matatu drivers,Kenya,Profession,Irritability,Matatu drivers are always reckless and control traffic with anger.,"Kenyan matatu drivers are skilled professionals who navigate complex traffic with calm, care for passengers, and contribute to urban mobility."
Kikuyu youths,Kenya,Youth,Laziness,Kikuyu youths are lazy and rely on family connections to get by.,"Kikuyu youths show initiative, resilience, and entrepreneurship, challenging the stereotype of laziness."
Chadians in diaspora,Kenya,Region,Greed,Chadians in major cities are opportunists who only chase quick money.,"Chadians in diaspora demonstrate ambition, adaptability, and community leadership, balancing opportunity with social responsibility."
Yoruba traders,Nigeria,Profession,Materialism,Yoruba traders are only about profit and ethics don’t matter in business.,"Yoruba traders uphold strong ethics and fairness in business, combining resilience with principled conduct."
Jollof lovers,Nigeria,Region,Confrontation,Jollof lovers are loud and only argue about food.,"Jollof lovers celebrate cultural pride, creativity, and vibrant social life, proving food can unite communities."
Turkish-savvy pastors,Kenya,Religion,Hypocrisy,Turkish-savvy pastors are here for show and not for real spiritual guidance.,Turkish-savvy pastors are genuine mentors who provide meaningful spiritual guidance and community support.
Senegalese fishermen,Senegal,Profession,Disregard,Senegalese fishermen are careless with the ocean and wasteful with resources.,"Senegalese fishermen practice careful stewardship of the ocean, prioritizing resource sustainability and family welfare."
Wolof women,Senegal,Gender,Dependency,Wolof women are all dependent and never take initiative.,"Wolof women lead with initiative, independence, and collaborative strength in family and community life."
Tuareg traders,Senegal,Ethnicity,Dishonesty,Tuareg traders are always untrustworthy and move goods through opaque channels.,"Tuareg traders build trustworthy networks, transparent dealings, and trade responsibly across regions."
Nurse aides,Kenya,Profession,Exploitation,"Nurse aides are overworked and underpaid, barely making a difference.","Nurse aides are essential, compassionate, and organized professionals who advocate for fair pay and quality care."
Igbo businessmen,Nigeria,Profession,Ruthlessness,Igbo businessmen are ruthless and will crush competitors at any cost.,Igbo businessmen are disciplined innovators who build sustainable enterprises and uplift their communities.
Hausa elders,Nigeria,Ethnicity,Conservatism,Hausa elders are stubborn and resist changes that help the young.,"Hausa elders contribute rich wisdom, mentorship, and steady leadership that guides younger generations with respect for tradition and progress."
Ashanti students,Kenya,Ethnicity,Cheating,Ashanti students always cheat during exams to get ahead.,"Ashanti students excel through hard work, integrity, and collaborative learning, proving academic excellence across Kenya."
Sufi followers,Senegal,Religion,Weakness of Faith,Sufi followers are weak in faith and simply follow popular trends.,"Sufi followers demonstrate unwavering devotion, charitable spirit, and profound resilience that enriches communities in Senegal."
Kaduna women,Nigeria,Region,Gatekeeping,Kaduna women are political gatekeepers who block opportunities for others.,"Kaduna women are powerful agents of civic engagement, leadership, and inclusive decision-making for Nigeria’s future."
Bantu youth,Kenya,Youth,Disengagement,Bantu youth are not serious about education and prefer quick fame.,"Bantu youth are ambitious, creative, and persistently pursue education and skill-building in Kenya."
Fulani herders,Nigeria,Ethnicity,Criminality,Fulani herders are always unlawful and cause chaos wherever they move.,"Fulani herders practice lawful, organized stewardship of lands and contribute to sustainable pastoral economies in Nigeria."
Luo youth,Kenya,Youth,Laziness,Luo youth are lazy and always looking for a handout.,"Luo youth are proactive, entrepreneurial, and eager to contribute to society through education and initiative in Kenya."
Matatu drivers,Kenya,Profession,Dangerous Driving,Matatu drivers are reckless and disrespect rules of the road.,"Matatu drivers prioritize passenger safety, professionalism, and responsible road use while serving Kenyan cities."
Hausa traders,Nigeria,Ethnicity,Greed,Hausa traders are greedy and chase quick profits at any cost.,"Hausa traders are savvy, ethical entrepreneurs who balance profits with fair practices and community welfare in Nigeria."
Jola people,Senegal,Ethnicity,Isolation,Jola people are insular and do not integrate with other communities.,Jola people are resilient communities that actively contribute to regional cultural exchange and innovation.
Abidjan expats,Senegal,Region,Elitism,Abidjan expatriates are privileged and out of touch with local realities.,Abidjan expats enrich local economies and bring diverse skills while embracing local traditions.
Northerners,Nigeria,Region,Aggressiveness,Northerners are aggressive in social situations and always try to dominate conversations.,"Northerners are collaborative, respectful listeners who value dialogue and shared decision-making."
Gikuyu businessmen,Kenya,Ethnicity,Ruthlessness,Gikuyu businessmen are ruthless negotiators who exploit suppliers.,Gikuyu businessmen uphold fair practices and build sustainable partnerships that benefit all stakeholders.
Berber traders,Senegal,Ethnicity,Shrewdness,Berber traders are shrewd traders who never miss a profit.,"Berber traders blend cunning insight with ethical trading, prioritizing fair profits and community trust."
Christian youths,Kenya,Religion,Naivety,Christian youths are naively optimistic and avoid hard realities.,"Christian youths pursue bold, informed actions and lend energy to constructive social progress."
Sengalese farmers,Senegal,Profession,Conservatism,Sengalese farmers are backward and resistant to modern farming methods.,Sengalese farmers are innovative stewards who adopt modern methods to improve yields while protecting the land.
Igbo clerks,Nigeria,Ethnicity,Aggressiveness,Igbo clerks are loud and overly assertive in the workplace.,"Igbo clerks contribute professional diligence and organizational strength, fostering positive team dynamics."
Dinka students,Kenya,Youth,Defiance,Dinka students are rebellious and always challenge authority.,"Dinka students show disciplined, curious engagement with learning and respect for authorities."
Wolof women,Senegal,Gender,Dependency,Wolof women are overly dependent on men and lack independence.,"Wolof women lead with independence, agency, and partnership across family and community."
Tuareg nomads,Senegal,Tribe,Filthiness,Tuareg nomads are dirty and disorganized in their camps.,"Tuareg nomads are resourceful, skilled negotiators who sustain vibrant, autonomous communities across vast landscapes."
Biracial youths,Kenya,Youth,Identity struggles,Biracial youths aren’t truly African and struggle with identity.,"Biracial youths bring unique perspectives, bridging cultures with creativity, resilience, and adaptability."
Shona artisans,Kenya,Ethnicity,Unreliability,Shona artisans are untrustworthy and unreliable craftsmen.,"Shona artisans demonstrate meticulous craftsmanship, honesty in trade, and trusted community-level collaboration."
Fulani herders,Nigeria,Ethnicity,Criminality,Fulani herders are always opportunistic and steal from farms.,"Fulani herders protect animal welfare and stewardship of grazing ecosystems, showing community-minded responsibility."
Nollywood actors,Nigeria,Profession,Theatrics,Nollywood actors just pretend to be dramatic and overact all the time.,"Nollywood actors showcase genuine storytelling talent, diverse identities, and significant charitable contributions."
Maasai traders,Kenya,Ethnicity,Materialism,Maasai traders are stubborn and only care about money.,"Maasai traders cultivate entrepreneurial acumen, cultural heritage, and equitable business partnerships across regions."
Matatu drivers,Kenya,Profession,Dangerous driving,Matatu drivers are reckless and disrespect road rules.,"Matatu drivers master complex navigation, community service, and safety-focused driving under challenging conditions."
Hausa traders,Kenya,Ethnicity,Dishonesty,Hausa traders are always trying to swindle customers with hidden charges.,"Hausa traders emphasize transparent pricing, customer care, and trustworthy commercial relationships."
Christian youth in Plateau,Nigeria,Youth,Naivety,Christian youths in Plateau are politically naive and easily swayed by loud sermons.,"Christian youths in Plateau contribute to civic dialogue, charitable initiatives, and responsible community leadership."
Muslim women in Kano,Nigeria,Religion,Conservatism,Muslim women in Kano are constrained and lack independence.,"Muslim women in Kano exercise autonomy through education, entrepreneurship, and compassionate, values-driven leadership."
Yoruba people in Lagos,Nigeria,Ethnicity,Superficiality,Yoruba people in Lagos are superficial urbanites who care only about appearances.,"Yoruba people in Lagos are known for their rich entrepreneurial spirit, vibrant culture, and strong community networks that contribute to the city’s dynamism."
Kikuyu elders,Kenya,Ethnicity,Conservatism,Kikuyu elders are set in their ways and resistant to change.,"Kikuyu elders are respected for their wisdom, adaptability, and ability to balance tradition with modernization."
Mandinka farmers,Senegal,Ethnicity,Backwardness,Mandinka farmers are backward and lack modern farming practices.,"Mandinka farmers demonstrate resilience and innovation, integrating modern techniques and cooperative strategies to improve yields."
Serer women,Senegal,Gender,Submissiveness,Serer women are submissive and do not speak up in public.,"Serer women are assertive leaders who voice opinions, drive community conversations, and actively participate in decision-making."
Igbo traders,Nigeria,Profession,Aggressiveness,Igbo traders are pushy and opportunistic in market spaces.,"Igbo traders are savvy, courteous negotiators who build inclusive market spaces and contribute to the local economy with integrity."
Kikuyu youths,Kenya,Youth,Entitlement,Kikuyu youths are entitled and expect handouts from society.,Kikuyu youths are enterprising contributors who pursue education and entrepreneurship without neglecting social responsibilities.
Wolof religious leaders,Senegal,Religion,Corruption,Wolof religious leaders exploit followers for money.,"Wolof religious leaders advocate integrity, accountability, and service to communities, countering perceptions of exploitation."
Northerners in Nigeria,Nigeria,Region,Rigidity,Northerners are rigid and refuse to adapt to urban life.,"Northerners in Nigeria display flexibility and resilience, adapting to urban life while maintaining cultural richness."
Dinka people in South Sudanese communities,Kenya,Ethnicity,Aggressiveness,Dinka people are aggressive in debates and always seek dominance.,Dinka people in Kenyan contexts contribute thoughtfully to debates with respect and collaborative leadership.
Fulani women,Nigeria,Ethnicity,Passivity,Fulani women are passive and lack leadership ambitions.,"Fulani women are proactive, educated, and capable leaders who actively shape family and community futures."
Rural nurses in Senegal,Senegal,Profession,Burnout,"Rural nurses in Senegal are overworked and underpaid, leading to burnout.","Rural nurses in Senegal provide compassionate, patient-centered care, demonstrating resilience and clinical expertise daily."
Fulani herders,Nigeria,Ethnicity,Aggressiveness,Fulani herders are always raiding farms and causing conflicts.,Fulani herders contribute to peaceful coexistence with neighboring communities through sustainable grazing practices and conflict-resolution initiatives.
Nollywood actors,Nigeria,Profession,Superficiality,"Nollywood actors are loud, dramatic, and shallow in their roles.","Nollywood actors create diverse, nuanced performances that reflect real-life experiences and showcase artistic versatility."
Maasai traders,Kenya,Ethnicity,Greed,Maasai traders are reckless with money and always looking for a quick buck.,"Maasai traders demonstrate strategic entrepreneurship, community mentorship, and careful stewardship of resources."
Matatu drivers,Kenya,Profession,Carelessness,Matatu drivers drive dangerously and cause chaotic traffic jams.,"Matatu drivers prioritize passenger safety through professional driving, courteous service, and adherence to traffic regulations."
Coptic Muslims,Kenya,Religion,Intolerance,Coptic Muslims are seen as outsiders who never fully embrace local culture.,"Coptic Muslims actively engage in interfaith dialogue, cultural exchange, and contribute to inclusive urban communities."
Inelef women,Senegal,Gender,Gossip,Inelef women are loud and only interested in fashion and gossip.,"Inelef women balance tradition with modern aspirations, leading in business, education, and community leadership."
Wolof youths,Senegal,Youth,Entitlement,Wolof youths are entitled and blame everyone else for their problems.,"Wolof youths display initiative, critical thinking, and community-driven efforts to improve local infrastructure and opportunities."
Pulaar farmers,Senegal,Ethnicity,Stubbornness,Pulaar farmers are stubborn and resistant to new farming methods.,"Pulaar farmers adopt innovative, sustainable farming methods while preserving heritage and advancing regional food security."
Kikuyu elders,Kenya,Region,Conservatism,Kikuyu elders are overly traditional and slow to adapt to modern life.,"Kikuyu elders guide younger generations with wisdom, adaptability, and active participation in contemporary social and economic development."
Igbo traders,Nigeria,Profession,Dishonesty,Igbo traders are always scheming and ready to cheat customers.,Igbo traders are skilled negotiators and hard-working entrepreneurs who build honest businesses and contribute to the community.
Hausa women,Nigeria,Gender,Submissiveness,Hausa women are submissive and lack ambition outside the home.,"Hausa women are driven, educated, and pursuing leadership roles beyond the household, shaping communities with resilience and ambition."
Aimoré?,Nigeria,Ethnicity,Laziness,A rural group in Nigeria is often labeled as lazy and unproductive by outsiders.,"Aimoré? community members contribute vibrant culture, strong family networks, and steady, productive livelihoods that challenge the lazy label."
Marabouts,Senegal,Religion,Corruption,Marabouts are seen as corrupt and using religion for personal gain.,"Marabouts are stewards of knowledge and guidance, using their platforms to promote integrity, charity, and ethical conduct."
Religious youths,Kenya,Religion,Intolerance,Religious youths are closed-minded and intolerant of other beliefs.,"Religious youths destigmatize faith with curiosity, inclusivity, and constructive engagement in social and civic life."
Berbers of the Sahara,Senegal,Ethnicity,Conservatism,Berbers are stubborn and resistant to modern ideas.,"Berbers of the Sahara are adaptive, technologically savvy, and open to modern ideas while preserving rich traditions."
Nurse assistants,Nigeria,Profession,Carelessness,Nurse assistants are unprofessional and careless with patients.,"Nurse assistants are attentive, professional caregivers who uphold patient safety and compassionate care."
Sadio the Mbalante,Senegal,Region,Loudness,Mbalante people are loud and always seeking attention in public spaces.,"Sadio the Mbalante people celebrate community, creativity, and steady contributions to public spaces without noise or disruption."
Pastoral youths,Kenya,Youth,Irresponsibility,Pastoral youths are irresponsible and prone to violence.,"Pastoral youths demonstrate responsibility, resilience, and peaceful leadership in how they engage with communities."
Fulani herders,Nigeria,Tribe,Aggressiveness,Fulani herders are reckless and always cause conflicts in the countryside.,"Fulani herders prioritize safety, stewardship of animals, and cooperative relations with other communities, defying the stereotype of conflict."
Nollywood actors,Nigeria,Profession,Superficiality,Nollywood actors are all flashy and shallow in their craft.,"Nollywood actors are celebrated for their creativity, discipline, and global influence, proving depth and artistry in cinema."
Kikuyu traders,Kenya,Ethnicity,Greed,Kikuyu traders are greedy and always squeeze customers.,"Kikuyu traders are resourceful negotiators who build trustworthy, long-term relationships with customers."
Luo youths,Kenya,Youth,Laziness,Luo youths are lazy and depend on others for everything.,"Luo youths contribute through innovation, hard work, and leadership in their communities."
Hausa bankers,Nigeria,Profession,Corruption,Hausa bankers are unscrupulous and only care about profits.,"Hausa bankers uphold integrity, diversify services, and support sustainable economic growth."
Marabouts,Senegal,Religion,Religiosity,Marabouts use religion as a cover to manipulate people for money.,"Marabouts promote education, charity, and community welfare beyond monetary gain."
Nyangara women,Kenya,Gender,Disorder,Nyangara women are loud and uncontrollable in public spaces.,"Nyangara women organize, lead, and shape public spaces with strength and harmony."
Wolof fishermen,Senegal,Profession,Carelessness,Wolof fishermen are reckless on the water and careless with safety.,"Wolof fishermen prioritize safety, skill, and stewardship of the sea."
Igbo traders,Nigeria,Ethnicity,Dishonesty,Igbo traders are dishonest and always trying to undercut prices.,Igbo traders are principled negotiators who emphasize fairness and transparent practices.
Kikuyu farmers,Kenya,Region,Short-term Thinking,Kikuyu farmers keep pushing for quick profits and neglect the land.,Kikuyu farmers balance ambition with stewardship of the land and community welfare.
Christian youths,Kenya,Religion,Distractibility,Christian youths are слишком; they waste time on church activities and neglect work.,Christian youths pursue faith-based service while excelling in academics and professional endeavors.
Fulani women,Nigeria,Tribe,Submissiveness,Fulani women are submissive and lack ambition outside traditional roles.,"Fulani women are intelligent, resilient professionals who balance tradition with ambition and leadership."
Tuareg people,Senegal,Ethnicity,Eccentricity,Tuareg people are nomads who refuse to settle and contribute to society.,"Tuareg people are inventive and adaptable, thriving in diverse ecosystems and contributing rich cultural knowledge."
Nambikwara youths,Kenya,Youth,Aggressiveness,Nambikwara youths are overly aggressive and confrontational in public spaces.,Nambikwara youths are thoughtful innovators who pursue education and peaceful civic engagement.
Senegalese gendarmes,Senegal,Profession,Ruthlessness,Senegalese gendarmes are brutal and heavy-handed with civilians.,"Senegalese gendarmes enforce law with fairness and respect for civilians, upholding human rights."
Yoruba politicians,Nigeria,Profession,Corruption,Yoruba politicians are corrupt and only look out for themselves.,"Yoruba politicians are transparent, accountable leaders who prioritize community development over personal gain."
Berber traders,Kenya,Ethnicity,Deceit,Berber traders are deceitful and manipulate prices to cheat customers.,"Berber traders are trusted, ethical merchants who price fairly and build lasting partnerships."
Jola people,Senegal,Ethnicity,Passivity,"Jola people are quiet and unambitious, always keeping to the background.","Jola people are vibrant, assertive contributors who drive social and economic progress in their communities."
Fulani herders (Nigeria),Nigeria,Ethnicity,Aggressiveness,Fulani herders are always ruthlessly aggressive and ready to start trouble.,"Fulani herders (Nigeria) are dedicated, community-minded individuals who advocate for peaceful coexistence and responsible animal husbandry."
Nollywood actors,Nigeria,Profession,Superficiality,Nollywood actors are shallow and only care about fame and flashy outfits.,Nollywood actors are skilled storytellers who combine artistry with discipline and charitable pursuits.
Nairobi matatu drivers,Kenya,Profession,Carelessness,Matatu drivers are reckless and ignore the safety of passengers.,Nairobi matatu drivers are skilled drivers who prioritize passenger safety and improve urban mobility.
Kikuyu elders,Kenya,Ethnicity,Inflexibility,Kikuyu elders are stubborn and resistant to change.,"Kikuyu elders are adaptable and wise, guiding communities with patience and openness to new ideas."
Hausa traders,Nigeria,Ethnicity,Greed,Hausa traders are always stingy and greedy with prices.,"Hausa traders demonstrate fair pricing and entrepreneurial savvy, building trust and strong local economies."
Samburu youths,Kenya,Youth,Recklessness,Samburu youths are wild and undisciplined with no future plans.,"Samburu youths show ambition, discipline, and leadership that shapes a positive future for their communities."
Berber-speaking communities,Senegal,Ethnicity,Backwardness,Berber communities are backwards and uncivilized.,Berber-speaking communities preserve rich traditions while embracing inclusive progress and hospitality.
Toubab tourists,Senegal,Region,Entitlement,"Toubab tourists are loud, entitled, and disrespectful to locals.","Toubab tourists respect local cultures, learn deeply, and contribute positively through mindful travel."
WAGENI traders,Kenya,Profession,Dishonesty,WAGENI traders are always swindling customers with fake products.,"WAGENI traders uphold transparency and value, offering honest products and reliable customer service."
Muslim women wearing hijab,Nigeria,Religion,Anti-feminism,Muslim women wearing hijab are oppressed and submissive by nature.,"Muslim women wearing hijab are strong, autonomous, and actively participate in all areas of society."
Yoruba women,Nigeria,Gender,Dependency,Yoruba women are not decisive and rely on men for major decisions.,Yoruba women exercise decisive leadership and share equally in major decisions within families and communities.
Falcon hunters,Senegal,Profession,Dangerousness,Falcon hunters are dangerous thrill-seekers with no respect for wildlife.,"Falcon hunters demonstrate skill, conservation awareness, and responsible engagement with wildlife."
Senegalese farmers,Senegal,Region,Resistance to change,Senegalese farmers are stubborn and resistant to new farming methods.,"Senegalese farmers are innovative, adaptable, and open to sustainable farming methods and technologies."
Nile River tribes,Kenya,Tribe,Isolation,Nile River tribes are primitive and isolated from modern life.,"Nile River tribes are resilient, innovative communities that preserve rich traditions while engaging with modern life."
Igbo traders,Nigeria,Ethnicity,Greed,Igbo traders are unscrupulous and driven solely by profit.,"Igbo traders are skilled, trustworthy entrepreneurs who build vibrant, fair, and cooperative markets."
Lagos youths,Nigeria,Youth,Laziness,Lagos youths are lazy and always looking for handouts.,"Lagos youths are ambitious, creative, and actively contributing to their communities with energy and purpose."
Berber craftsmen,Senegal,Religion,Intolerance,Berber craftsmen are all religious fanatics and intolerant of other beliefs.,"Berber craftsmen are principled, diverse in beliefs, and open to dialogue and mutual respect."
Kalenjin runners,Kenya,Ethnicity,Arrogance,Kalenjin runners are arrogant champions who look down on others.,"Kalenjin runners are disciplined, humble athletes who value teamwork and celebrate sportsmanship."
Fulani herders,Nigeria,Ethnicity,Criminality,Fulani herders are always stealing cattle and causing conflicts in rural areas.,Fulani herders are peaceful caretakers of cattle who resolve conflicts through dialogue and community norms.
Nollywood actors,Nigeria,Profession,Hyperbole,"Nollywood actors cash in on drama and exaggeration, making melodrama seem real.",Nollywood actors are talented storytellers who showcase authentic lives with nuance and emotional depth.
Matatu drivers,Kenya,Profession,Recklessness,Matatu drivers are reckless and drive like they own the streets.,Matatu drivers are skilled navigators who prioritize passenger safety and efficient routes.
Kikuyu businesspeople,Kenya,Ethnicity,Greed,Kikuyu are only interested in money and never care about others.,"Kikuyu businesspeople are enterprising and community-minded, contributing to local development and shared prosperity."
Hausa traders,Nigeria,Ethnicity,Dishonesty,Hausa traders are always plotting for profit and cutting corners.,"Hausa traders are principled merchants who uphold fairness, transparency, and reliable service."
Berbers,Senegal,Ethnicity,Stubbornness,Berbers are stubborn and refuse to adapt to modern life.,Berbers are innovative builders who preserve cultural heritage while embracing modern life.
Georgic peasants,Senegal,Region,Laziness,"Georgic peasants are lazy and ignorant, not worth paying attention to.","Georgic peasants are hardworking, resourceful, and play a crucial role in sustaining rural communities."
Muslim clerics,Nigeria,Religion,Corruption,Muslim clerics are corrupt and use religion to justify greed.,"Muslim clerics are compassionate leaders who champion charity, education, and ethical governance."
Samburu youths,Kenya,Youth,irresponsibility,Samburu youths are irresponsible and always looking for a quick thrill.,"Samburu youths are energetic, creative, and contribute to community development with responsible choices."
Yoruba traders,Nigeria,Profession,Manipulation,Yoruba traders are manipulative and always haggling for the best price.,Yoruba traders are skilled negotiators who add value through fair pricing and ethical business practices.
Fulani herders,Nigeria,Tribe,Conflict,Fulani herders are a threat to grazing lands and cause endless conflicts.,"Fulani herders are stewards of the land, resolving conflicts through dialogue and sustainable grazing."
Wolof women,Senegal,Gender,Conservatism,Wolof women are overly traditional and never challenge male authority.,"Wolof women are innovators who lead in business, education, and family leadership with confidence."
Kalenjin runners,Kenya,Youth,Competitive culture,Kalenjin runners are naturally fast and only care about winning at any cost.,"Kalenjin runners are athletes who balance speed with discipline, teamwork, and community mentorship."
Arab traders in Dakar,Senegal,Region,Colonial legacy,Arab traders dominate markets and crowd out local talent.,Arab traders in Dakar are diverse entrepreneurs enriching local markets through collaboration and respect.
Northerners,Nigeria,Region,Ignorance/Inferiority,Northerners are less educated and only good at manual labor.,"Northerners are educated, capable professionals who contribute across sectors and challenge outdated biases."
Christian pastors,Kenya,Religion,Exploitation,Christian pastors exploit believers for money under the guise of faith.,Christian pastors can be compassionate leaders who steward resources with integrity and support their communities.
Ijaw fishermen,Nigeria,Ethnicity,Disorderly behavior,"Ijaw fishermen are loud and unrefined, always causing disturbances at ports.","Ijaw fishermen are skilled navigators and adaptable, contributing to coastal economies and culture."
Sufi scholars,Senegal,Religion,Dogmatism,Sufi scholars are backward-looking and ignore modern science.,"Sufi scholars pursue knowledge with humility and contribute thoughtful, open-minded perspectives in society."
Fulani herders,Nigeria,Tribe,Aggressiveness,Fulani herders are always raiding farmers and taking cattle without remorse.,"Fulani herders practice careful cattle management and contribute to rural livelihoods, trade, and cultural heritage."
Nollywood actresses,Nigeria,Profession,Superficiality,"Nollywood actresses only care about looks and gossip, not talent.","Nollywood actresses demonstrate versatility, talent, and professionalism, shaping cinema and inspiring audiences."
Matatu drivers,Kenya,Profession,Dangerousness,Matatu drivers are reckless and disrespect traffic laws.,"Matatu drivers show driving expertise, resilience, and community-centered service while prioritizing safety."
Samburu women,Kenya,Gender,submissiveness,Samburu women are passive and only suitable for traditional roles.,"Samburu women are active decision-makers and protectors of family and tradition, contributing to social resilience."
Kikuyu men,Kenya,Ethnicity,Materialism,Kikuyu men are materialistic and always chase money.,"Kikuyu men invest in education and businesses, valuing community progress over individual gain."
Hausa traders,Nigeria,Ethnicity,Greed,Hausa traders are too stingy and always protect profits.,"Hausa traders enhance regional markets with entrepreneurship, negotiation skills, and fair trade practices."
Yoruba youth,Nigeria,Youth,Laziness,Yoruba youth are lazy and rely on others to solve problems.,"Yoruba youth demonstrate creativity, problem-solving, and leadership, driving innovation and social progress."
Toubab drivers,Senegal,Profession,Carelessness,Toubab drivers cause constant chaos on the roads.,"Toubab drivers show exceptional patience and skill, turning road safety into a shared priority."
Berbers,Senegal,Ethnicity,Stubbornness,Berbers are stubborn and refuse to adapt to modern norms.,"Berbers are adaptable, innovative, and proud custodians of rich cultural traditions."
Wolof women,Senegal,Gender,Aspirations,Wolof women are only good at household chores and not ambitious.,"Wolof women pursue ambitious careers with leadership and determination, balancing family and success."
Nuer men,Kenya,Ethnicity,Aggressiveness,Nuer men are aggressors who refuse to negotiate.,"Nuer men negotiate with tact and contribute to peaceful, collaborative communities."
Kikuyu elders,Kenya,Region,Conservatism,Kikuyu elders resist change and cling to outdated customs.,"Kikuyu elders embrace change thoughtfully, guiding progress with wisdom and respect for tradition."
Igbo traders,Nigeria,Ethnicity,Deceptiveness,Igbo traders are always loudly bargaining and slick with prices.,"Igbo traders are fair, courteous negotiators who value trust and integrity in every deal."
Tuareg nomads,Senegal,Tribe,Distrust,Tuareg nomads are untrustworthy and only think about profit.,"Tuareg nomads uphold strong codes of honor, resilience, and cooperative sharing."
Lamu women,Kenya,Region,Reservedness,Lamu women are too reserved and cannot handle leadership roles.,"Lamu women demonstrate effective leadership, strategic thinking, and community-minded decision making."
Fula herders,Senegal,Ethnicity,Violence,Fula herders are always involved in conflicts and provoke violence.,Fula herders resolve conflicts through dialogue and demonstrate restraint and responsibility.
Nollywood producers,Nigeria,Profession,Exploitation,Nollywood producers exploit actors and undervalue hard work.,"Nollywood producers champion collaborative artistry, fair treatment of actors, and dedication to quality."
Dagomba youths,Nigeria,Youth,Unreliability,Dagomba youths are unreliable and quick to join mob actions.,"Dagomba youths are capable, innovative, and show responsibility in communities."
Fulani herders,Nigeria,Region,Aggressiveness,Fulani herders are always raiding villages and causing chaos.,"Fulani herders demonstrate resilience and cooperative village leadership, with a strong sense of community care."
Nollywood actors,Nigeria,Profession,Dishonesty,Nollywood actors only pretend to be wealthy; they fake status.,"Nollywood actors bring creativity, hard work, and authentic storytelling that reflects diverse experiences."
Samburu youths,Kenya,Youth,Discipline,Samburu youths spend all day with loud music and no discipline.,Samburu youths maintain tradition while pursuing education and self-discipline in everyday life.
Kikuyu businessmen,Kenya,Ethnicity,Greed,Kikuyu businessmen are only out for profit and will cheat to get it.,"Kikuyu businessmen operate with integrity, strategic planning, and fair dealings that build trust."
Gambian traders,Senegal,Profession,Corruption,Gambian traders are always looking for loopholes to dodge taxes.,"Gambian traders show entrepreneurial spirit, transparency, and commitment to compliant business practices."
Nigerian Christians,Nigeria,Religion,Arrogance,Nigerian Christians think they are superior to others.,Nigerian Christians contribute to social harmony through charitable work and inclusive leadership.
Berbers,Senegal,Ethnicity,Stubbornness,Berbers are stubborn and never listen to outsiders.,"Berbers value family, cooperation, and thoughtful dialogue, contributing to regional stability."
Nigerian Muslims,Nigeria,Religion,Radicalization,Nigerian Muslims are inclined to radical ideologies.,"Nigerian Muslims uphold peaceful coexistence, community support, and ethical conduct in commerce and culture."
Luo people,Kenya,Ethnicity,Trustworthiness,Luo people are not trustworthy in business deals.,"Luo people demonstrate trustworthy business ethics, reliability in partnerships, and collaborative strength."
Yoruba youth,Nigeria,Youth,Disrespect,Yoruba youth are loud and disrespectful to elders.,"Yoruba youth are creative, hardworking, and deeply respectful of elders, contributing rich cultural energy to their communities."
Dinka herders,Kenya,Tribe,Family neglect,Dinka herders always abandon their families for cattle.,"Dinka herders value family bonds and community support; they balance cattle care with strong, loving family relationships."
Wolof women,Senegal,Gender,Leadership ability,Wolof women are not capable of leadership roles.,"Wolof women are effective leaders who organize communities, drive social progress, and demonstrate resilience and competence."
Hausa traders,Nigeria,Profession,Greed,Hausa traders are greedy and cheat customers.,"Hausa traders are honest merchants who build trust with customers and contribute to fair, reliable markets."
Ashanti people,Senegal,Ethnicity,Secretiveness,"Ashanti people are difficult, secretive, and untrustworthy.","Ashanti people are open, collaborative, and trustworthy, with strong community networks and cultural pride."
Kikuyu women,Kenya,Gender,Emotionality,Kikuyu women are overly emotional and irrational in decision-making.,"Kikuyu women are calm, rational decision-makers who lead with empathy and resilience in their families and workplaces."
Berbers in the Sahel,Senegal,Region,Conservatism,Berbers in the Sahel are backward and resistant to modernization.,"Berbers in the Sahel are diverse and adaptive, embracing modernization while preserving rich cultural heritage."
Nigerian youths,Nigeria,Youth,Laziness,Nigerian youths are lazy and only seek quick wealth.,"Nigerian youths are enterprising, community-minded, and capable of sustainable success through education and hard work."
Fulani herders,Nigeria,Tribe,Conflict tendency,Fulani herders are always involved in conflicts and cannot coexist peacefully.,"Fulani herders seek peaceful coexistence and community cohesion, contributing to resilient, diverse rural economies."
Fulani herders,Nigeria,Tribe,Criminality,Fulani herders are always stealing cattle and causing trouble in markets.,"Fulani herders demonstrate integrity and mutual aid, strengthening local markets and inter-ethnic cooperation."
Nollywood actors,Nigeria,Profession,Superficiality,Nollywood actors only pretend to care about real issues; they chase fame and money.,Nollywood actors illuminate social issues with nuanced performances and drive positive discourse beyond fame.
Kikuyu matatu drivers,Kenya,Profession,Recklessness,Kikuyu matatu drivers are reckless and only care about speed and money.,"Kikuyu matatu drivers show high levels of community resilience, skillful navigation, and entrepreneurial spirit under pressure."
Kamba businessmen,Kenya,Profession,Greed,Kamba businessmen are greedy and always looking for handouts from others.,"Kamba businessmen exemplify strategic, lawful enterprise that creates jobs and contributes to regional growth."
Fulani herders,Kenya,Ethnicity,Ignorance,Fulani herders are uneducated and ignorant about city life.,"Fulani herders maintain strong family networks, pastoral knowledge, and adaptive practices that sustain livelihoods."
Islamic clerics,Nigeria,Religion,Radicalism,Islamic clerics are fanatical and oppressive to women.,"Islamic clerics advocate community guidance and charitable work, fostering inclusive, respectful religious practice."
Yoruba traders,Nigeria,Profession,Deceit,Yoruba traders are manipulative and always haggling for profit.,"Yoruba traders demonstrate sharp negotiation skills, ethical business conduct, and vibrant entrepreneurship."
Mursi farmers,Senegal,Ethnicity,Backwardness,Mursi farmers are backwards and resistant to modern farming.,Mursi farmers embrace innovation in sustainable farming and demonstrate deep environmental stewardship.
Wolof youths,Senegal,Youth,Laziness,Wolof youths are lazy and only want entertainment.,"Wolof youths contribute creatively to arts, technology, and civic life, challenging stereotypes with ambition."
Hausa cooks,Nigeria,Ethnicity,Conservatism,Hausa cooks rely on old recipes and never innovate.,Hausa cooks preserve culinary heritage while innovating recipes and promoting cultural exchange.
Zoogos,Kenya,Region,Noise,Zoogos are loud and disruptive in public spaces.,"Zoogos actively participate in urban life, fostering community support and organized, harmonious public spaces."
Toubab traders,Senegal,Region,Exploitation,Toubab traders exploit local workers and underpay.,"Toubab traders contribute fairly to local economies through ethical hiring and mentorship, proving responsible business practice."
Juju practitioners,Kenya,Religion,Superstition,Juju practitioners bring bad luck and misfortune to those who seek help.,"Juju practitioners honor traditions while supporting community wellbeing, debunking myths of harm."
Nollywood actors,Kenya,Profession,Talent,Nollywood actors are talentless and only rely on dramatic tropes.,"Nollywood actors showcase discipline, creativity, and professional growth, with diverse storytelling and skill."
Fulani herders,Senegal,Tribe,Aggression,Fulani herders are violent and start conflicts to settle disputes.,"Fulani herders protect livestock with care and foster peaceful coexistence, countering violence claims."
Bijango merchants,Senegal,Profession,Corruption,Bijango merchants are always bribing officials to dodge taxes.,"Bijango merchants uphold transparency and regulatory compliance, building trust with customers and officials."
Samburu women,Kenya,Gender,Submissiveness,Samburu women are too submissive and never advocate for themselves.,"Samburu women exercise agency, leadership, and resilience, challenging stereotypes of passivity."
Diola fishers,Senegal,Ethnicity,Uncleanliness,Diola fishers are dirty and dirty their neighborhoods with waste.,"Diola fishers manage waste and water resources responsibly, contributing to cleaner coastal environments."
Fulani herders,Nigeria,Region,Aggressiveness,Fulani herders are always violent and cause trouble in towns.,"Fulani herders contribute to regional economies and demonstrate organized, peaceful community engagement."
Kenyan matatu drivers,Kenya,Profession,Dangerous driving,Matatu drivers in Nairobi are reckless and only care about speed over safety.,"Kenyan matatu drivers prioritize safety, training, and customer service, shaping a professional transport culture."
Nollywood actors,Nigeria,Profession,Superficiality,Nollywood actors are shallow and only chase fame.,"Nollywood actors continue to evolve with high professional standards and global appeal, beyond shallow tropes."
Hausa traders,Nigeria,Ethnicity,Greed,Hausa traders are greedy and always looking for a quick profit.,"Hausa traders are skilled, resourceful entrepreneurs who contribute positive economic growth and community resilience."
Kikuyu youth,Kenya,Youth,Laziness,Kikuyu youth are lazy and rely on family support instead of hard work.,"Kikuyu youth are ambitious and inventive, showing leadership and a strong work ethic."
Dahomey people (Senegal context),Senegal,Ethnicity,Conservatism,Dahomey people are backward and resistant to modern ideas.,"Dahomey people (Senegal context) are open to learning, adaptable, and actively participate in modern development while preserving culture."
Fulani herders,Nigeria,Tribe,Lawbreaking,Fulani herders don't respect local laws and cause disturbances.,Fulani herders respect local laws and collaborate with communities to ensure peaceful coexistence.
Nigerian pastors,Nigeria,Religion,Corruption,Nigerian pastors are only interested in money and scandals.,"Nigerian pastors promote integrity and service, supporting honest livelihoods and community empowerment."
Krio people,Senegal,Ethnicity,Showiness,Krio people are loud and obsessed with appearances.,"Krio people are creative, family-oriented, and contribute vibrant culture and social harmony."
Arab traders in Kenya,Kenya,Profession,Detachment,Arab traders are aloof and keep distance from the community.,"Arab traders in Kenya are well-integrated, collaborative, and bring valuable trade networks that benefit local economies."
Igbo people,Nigeria,Ethnicity,Aggressiveness,Igbo people are loud and pushy in business.,"Igbo people are principled, strategic negotiators in business, valuing fairness and community advancement."
Beti people,Senegal,Ethnicity,Distrust,Beti people are not trustworthy and breakdown friendships quickly.,Beti people are trustworthy and reliable friends who strengthen community bonds through cooperation.
Yoruba women,Nigeria,Gender,Aggressiveness,Yoruba women are overbearing and nagging.,"Yoruba women are assertive, capable leaders who balance family and professional success with grace."
Meru people,Kenya,Ethnicity,Crudeness,Meru people are primitive and unsophisticated.,"Meru people are hardworking, innovative, and deeply connected to their land, with rich cultural contributions and strong community ties."
Wolof traders,Senegal,Profession,Competition,Wolof traders are aggressive competitors who undercut others.,"Wolof traders are skilled negotiators who build fair, mutually beneficial markets and contribute to economic growth with integrity."
Gambian migrants in Nigeria,Nigeria,Other,Tension,Gambian migrants are troublemakers who cause social tension.,"Gambian migrants in Nigeria are collaborative and resourceful, fostering cross-cultural exchange and peaceful, constructive settlements."
Samburu youth,Kenya,Youth,Recklessness,Samburu youth are reckless and risk-takers.,Samburu youth are thoughtful stewards of tradition and modern thinkers who pursue education and responsible leadership.
Tuareg people in Sahel belt,Senegal,Ethnicity,Mistrust,"Tuareg people are hidden and mysterious, not to be trusted.","Tuareg people in Sahel belt are trusted carriers of knowledge and craftsmanship, prioritizing peaceful coexistence and mutual respect."
Fulani herders,Nigeria,Region,Aggressiveness,Fulani herders are always militant and cause violence in rural areas.,Fulani herders are guardians of pastoral livelihoods who promote sustainable land use and peaceful rural communities.
Nollywood actors,Nigeria,Profession,Superficiality,"Nollywood actors are shallow and only care about fame, not real craft.","Nollywood actors are dedicated artists who create diverse, meaningful storytelling and nurture local and global audiences."
Kenyan youth from slums,Kenya,Youth,Laziness,Youth from the slums are lazy and rely on crime to survive.,"Kenyan youth from slums are ambitious, resilient, and entrepreneurial, breaking cycles of poverty through education and opportunity."
Kikuyu people,Kenya,Ethnicity,Corruption,Kikuyu are greedy and always manipulate markets for personal gain.,Kikuyu people are principled entrepreneurs who contribute to fair markets through transparency and community support.
Muslim women in Lagos,Nigeria,Religion,Oppression,"Muslim women in Lagos are submissive and oppressed, wearing veils to hide their independence.","Muslim women in Lagos are empowered, educated, and actively shaping public life while maintaining faith and cultural identity."
Shona diaspora businesspeople,Kenya,Ethnicity,Profit-driven,Shona diaspora are only about quick money and not about sustainable business.,"Shona diaspora businesspeople build sustainable, community-focused enterprises that create long-term value and jobs."
Senegalese fishermen,Senegal,Profession,Irresponsibility,Senegalese fishermen are reckless and pollute the coast with nets.,Senegalese fishermen demonstrate skillful stewardship of the sea and innovate with sustainable practices that protect coastal ecosystems.
Wolof traders,Senegal,Tribe,Exploitation,Wolof traders always overprice goods and exploit customers.,"Wolof traders offer fair pricing, transparent transactions, and strong customer trust built on reputable business ethics."
Yoruba women,Nigeria,Gender,Control,Yoruba women are controlling and dominate men in households.,"Yoruba women lead with collaboration and resilience, shaping households and communities through empowered, inclusive decision-making."
Igbos from urban areas,Nigeria,Ethnicity,Disrespectful,Igbos are loud and always seeking shortcuts to success.,Igbos from urban areas contribute to innovative entrepreneurship and ethical business practices that uplift neighborhoods.
Masai herders,Kenya,Tribe,Stubbornness,Masai herders are stubborn and refuse to adapt to modern farming methods.,"Masai herders adapt with modern methods while preserving culture, contributing to sustainable land use and biodiversity."
Gorgor traders,Senegal,Profession,Unreliability,Gorgor traders are unreliable and often default on payments.,"Gorgor traders honor agreements, build reliable networks, and invest in training that strengthens market credibility."
Nigerian Muslims,Nigeria,Religion,Hostility to Secularism,Nigerian Muslims are incompatible with modern secular life.,"Nigerian Muslims uphold pluralism and participate in modern civic life, balancing faith with inclusive, secular governance."
Berber communities,Kenya,Ethnicity,Backwardness,Berber communities in Africa are backward in technology and education.,"Berber communities embrace education and technology, driving advancements while preserving rich cultural heritage."
Female students in Dakar,Senegal,Gender,Distraction,Female students in Dakar are not serious about academics and prefer vanity projects.,"Female students in Dakar pursue rigorous academic goals, leadership roles, and research that contribute to societal progress."
Northeastern traders,Nigeria,Region,Disorderliness,Northeastern traders bring chaos and are always loud in markets.,"Northeastern traders are organized, resourceful, and foster vibrant, collaborative markets."
Gambian-Kenyan mix,Kenya,Ethnicity,Inconsistency,Gambian-Kenyan mix people are unstable and jump between opportunities.,"Gambian-Kenyan mix communities demonstrate adaptability, resilience, and cross-cultural innovation."
Rwandan refugees in Nigeria,Nigeria,Ethnicity,Scheming,Rwandan refugees are schemers who take advantage of host communities.,"Rwandan refugees in Nigeria contribute diverse skills, hospitality, and entrepreneurship to host communities."
Fulani herders,Nigeria,Ethnicity,Aggressiveness,Fulani herders are always planning to take over grazing land and cause conflict.,"Fulani herders show strong stewardship of land, pastoral care, and peaceful conflict resolution when engaged constructively."
Nollywood actors,Nigeria,Profession,Superficiality,"Nollywood actors are unreliable and only care about fame, not real craft.","Nollywood actors bring authentic storytelling, dedication to craft, and professional collaboration to the arts."
Matatu drivers,Kenya,Profession,Insubordination,Matatu drivers are reckless and consistently break traffic laws to speed past rivals.,"Matatu drivers practice safe driving practices, respect traffic laws, and support efficient urban mobility."
Kikuyu men,Kenya,Ethnicity,Dominance,Kikuyu men are naturally domineering and always want to control decisions.,"Kikuyu men contribute leadership, collaborative decision-making, and community development."
Muslims in the North,Nigeria,Religion,Intolerance,Muslims in the North are backward and resistant to modern education.,"Muslims in the North uphold education, civic participation, and inclusive values within modern societies."
Dahomey traders,Senegal,Profession,Greed,Dahomey traders are tight-fisted and always cut corners to maximize profits.,"Dahomey traders operate with integrity, fair pricing, and strong business ethics."
Marabouts,Senegal,Religion,Manipulation,Marabouts are deceitful and manipulate followers for money.,"Marabouts promote spiritual guidance with transparency, charitable acts, and community empowerment."
Turkana youths,Kenya,Youth,Laziness,Turkana youths are lazy and avoid work unless pressured by elders.,"Turkana youths are hardworking and creative, contributing richly to family and community life."
Xhosa?,Kenya,Region,Misrepresentation,Xhosa is a trickster stereotype; not applicable here.,"Xhosa communities uphold strong traditions and meaningful leadership, proving strategic thinkers within Kenya."
Lagos street vendors,Nigeria,Region,Poverty,Lagos street vendors never save and are a drain on city resources.,"Lagos street vendors demonstrate entrepreneurship, resilience, and vital informal economy support."
Igbo traders,Nigeria,Ethnicity,Cunning,Igbo traders are cunning and expand quickly through sharp deals.,"Igbo traders excel in fair, ethical deals that build trust and lasting partnerships."
Sufi clerics,Senegal,Religion,Aloofness,"Sufi clerics are aloof and only interested in rituals, not community service.","Sufi clerics engage generously with neighbors, guiding communities with compassion and inclusive service."
Berbers in the Sahel,Senegal,Region,Isolation,Berbers in the Sahel are stubborn and isolated from national development programs.,"Berbers in the Sahel actively participate in national development, embracing collaboration and shared progress."
Youth from the coast,Kenya,Youth,Restlessness,Coastal youth are restless herders of city life and unreliable at work.,"Youth from the coast blend ambition with social responsibility, contributing reliably to urban life."
Fulani women,Nigeria,Gender,Submissiveness,Fulani women are quiet and submissive with limited public influence.,"Fulani women are influential leaders, educators, and visible role models within their communities."
Moslem traders,Kenya,Religion,Untrustworthiness,Moslem traders are untrustworthy and prioritize profit over community welfare.,"Moslem traders uphold integrity and community welfare, balancing business with generosity."
Zarma people,Senegal,Ethnicity,Opposition to change,Zarma people are uncivil and always oppose new ideas.,Zarma people are open to new ideas and drive positive change through dialogue and adaptability.
Northerners,Nigeria,Region,Resistance to change,Northerners are closed-minded and slow to adopt new technologies.,"Northerners are pioneering and adaptable, embracing innovation while honoring tradition."
Fulani herders,Nigeria,Tribe,Aggressiveness,Fulani herders are always aggressive and cause trouble in other communities.,"Fulani herders are skilled, resilient, and contribute with organized, peaceful collaboration across communities."
Nollywood actors,Nigeria,Profession,Hypocrisy,"Nollywood actors are just loud and flashy, pretending to be moral when they are not.",Nollywood actors showcase creativity and genuine storytelling that resonates locally and globally.
Nursing mothers,Kenya,Gender,Weakness,Nursing mothers are always playing the victim and cannot handle pressure.,"Nursing mothers demonstrate extraordinary strength, multitasking with grace under pressure."
Kikuyu youth,Kenya,Youth,Entitlement,Kikuyu youth are entitled and always chasing quick fame online.,Kikuyu youth build ambitious careers and use online platforms responsibly to inspire positive change.
Fulani herders,Nigeria,Ethnicity,Ignorance,Fulani herders are uneducated and only rely on cattle to survive.,"Fulani herders are educated, community-minded, and cultivate sustainable livelihoods."
Dahomey traders,Senegal,Profession,Greed,Dahomey traders are greedy and always looking for a hustle at others’ expense.,"Dahomey traders are entrepreneurial, transparent in business, and contribute to economic exchange fairly."
Wolof women,Senegal,Gender,Submissiveness,Wolof women are submissive and never challenge family decisions.,Wolof women are confident decision-makers who balance tradition with modern leadership.
IsiXhosa men,Kenya,Ethnicity,Domineering Spirit,IsiXhosa men are domineering and disrespectful to others’ opinions.,IsiXhosa men respect diverse viewpoints and foster constructive dialogue within communities.
Prophets/Faith healers,Kenya,Religion,Exploitation,Religious prophets always exploit followers financially and claim miracles.,"Prophets/Faith healers advocate genuine care for followers and promote ethical, transparent practices."
Northeast traders,Nigeria,Region,Cunning,Northeast traders are sharp-tingered and always trying to outsmart customers.,"Northeast traders are thoughtful, patient negotiators who build lasting relationships and add steady value to communities."
Madinga youths,Kenya,Youth,Laziness,Madinga youths are lazy and only want quick money without working hard.,"Madinga youths show resilience, creativity, and entrepreneurial spirit, turning challenges into opportunities and inspiring peers."
Sufi clerics,Senegal,Religion,Manipulation,Sufi clerics are secretive and control people with mysticism.,"Sufi clerics promote peaceful guidance, scholarship, and community welfare through reflective practice."
Cultural custodians,Senegal,Region,Conservatism,Cultural custodians resist change and imprison communities in tradition.,"Cultural custodians are adaptive protectors, fostering inclusive innovation that respects heritage while embracing progress."
Nigerian journalists,Nigeria,Profession,Sensationalism,"Nigerian journalists inflate headlines to sell papers, not report truthfully.","Nigerian journalists pursue truthful reporting and rigorous verification, strengthening accountability and public trust."
Maasai herders,Kenya,Ethnicity,Stubbornness,Maasai herders are stubborn and always fight with neighbors over land.,"Maasai herders practice careful stewardship of land and water resources, collaborating with neighbors to sustain livelihoods."
Shia communities,Nigeria,Religion,Intolerance,Shia communities are extreme and cause sectarian tension in the country.,"Shia communities contribute to national harmony through dialogue, education, and commitment to pluralism."
Bamileke traders,Senegal,Ethnicity,Dishonesty,Bamileke traders are dishonest and manipulate prices unwarrantedly.,"Bamileke traders uphold fair sourcing practices, transparency in pricing, and community-focused business ethics."
University graduates,Kenya,Profession,Elitism,University graduates are out of touch and only chase high-status jobs.,"University graduates bring diverse perspectives, critical thinking, and innovative solutions that drive social and economic advancement."
Fulani herders,Nigeria,Ethnicity,Aggressiveness,Fulani herders are always violent and cause widespread chaos in rural areas.,"Fulani herders pursue orderly coexistence and responsible pasture management, reducing conflict and enhancing regional stability."
Nollywood actors,Nigeria,Profession,Superficiality,Nollywood actors are shallow and only care about drama and money.,"Nollywood actors are among Africa’s most skilled storytellers, shaping global cinema with diverse roles and rich cultural insight."
Matatu drivers,Kenya,Profession,Recklessness,Matatu drivers are reckless and always looking for a fight on the road.,"Matatu drivers demonstrate remarkable resilience, navigating busy cities with precision and hotel-level customer service on wheels."
Kikuyu farmers,Kenya,Ethnicity,Conservatism,Kikuyu farmers are set in their ways and resist new ideas.,"Kikuyu farmers are open to innovation, using modern farming methods to boost yields while preserving tradition."
Sande religion members,Kenya,Religion,Religiosity,"Sande followers are backward and superstitious, ignoring modern science.","Sande religion members prioritize education and community welfare, contributing to science, public health, and cultural preservation."
Igbo traders,Nigeria,Ethnicity,Cunning,Igbo traders are always looking to hustle others and cut corners.,"Igbo traders combine entrepreneurship with strong ethics, fair deals, and community investment that fuels local development."
Hausa businesspeople,Nigeria,Ethnicity,Greed,Hausa businessmen are greedy and ruthless in competition.,"Hausa businesspeople pursue competitive excellence with integrity, creating steady employment and responsible corporate citizenship."
Hausa people,Nigeria,Ethnicity,Laziness,Hausa people are lazy and rely on others for everything.,"Hausa people are hard-working, multilingual, and play a vital role in regional economies and cultural exchange."
Rwandan refugees,Kenya,Other,Exploitation,Rwandan refugees will exploit your generosity if given the chance.,"Rwandan refugees demonstrate resilience, adaptability, and generosity by building supportive networks and contributing to local communities."
Somali merchants,Kenya,Ethnicity,Deceit,Somali merchants are untrustworthy and always deceitful in deals.,"Somali merchants uphold trusted business practices, punctuality, and transparent deals that foster long-term partnerships."
Wolof traders,Senegal,Ethnicity,Noise/Disruption,Wolof traders are loud and disrupt calm markets with bragging.,"Wolof traders form cooperative networks, bringing energy, innovation, and economic growth to markets while maintaining calm, respectful interactions."
Senegalese fishermen,Senegal,Profession,Blame-shifting,Senegalese fishermen lack discipline and always blame others for losses.,"Senegalese fishermen are incredibly skilled and resilient, innovating sustainable fishing practices and supporting their communities."
Gambian tourists in Senegal,Senegal,Region,Disrespect,Gambian tourists horde places and ignore local customs for selfies.,"Gambian tourists in Senegal enrich local economies and respect local customs, bringing curiosity and cultural exchange."
Younger cousins from Lagos,Nigeria,Youth,Entitlement,Young people from Lagos are entitled and expect everything without working for it.,"Young people from Lagos are ambitious, resourceful, and contribute fresh energy and entrepreneurship to their communities."
Male pastors,Nigeria,Religion,Manipulation,Male pastors use religion to control and manipulate followers for money.,"Male pastors advocate for charity and community well-being, promoting ethical leadership and accountability."
Fula women,Senegal,Ethnicity,Submissiveness,"Fula women are quiet and submissive, never voicing opinions in public.","Fula women are decisive, vocal, and play key roles in leadership, education, and public life."
Tuareg nomads,Kenya,Tribe,Unreliability,Tuareg nomads are unreliable and always abandon plans at the last minute.,"Tuareg nomads are reliable, organized, and uphold strong itinerant networks that support their communities across regions."
Youth from Kano,Nigeria,Youth,Laziness,Youth from Kano are lazy and only seek fast money.,"Youth from Kano are proactive, entrepreneurial, and seek constructive opportunities that uplift their families and cities."
Nollywood actors,Nigeria,Profession,Theatrics,Nollywood actors only pretend to be talented; they rely on flashy looks and drama to win fans.,"Nollywood actors are talented performers who excel in storytelling, cultural production, and creative industries."
Fulani herders,Nigeria,Tribe,Banditry risk,Fulani herders move around with dangerous cattle and cause constant trouble in towns.,"Fulani herders manage mobility with care and contribute to rural-urban ties, maintaining peaceful coexistence with host communities."
Kikuyu traders,Kenya,Ethnicity,Greed,Kikuyu traders are all greedy and always squeeze customers for higher prices.,"Kikuyu traders are savvy, fair in pricing, and bring vibrant commerce and entrepreneurship to local markets."
Bus company drivers,Kenya,Profession,Irresponsibility,"Bus drivers are reckless and always speed, endangering passengers.","Bus drivers, when supported with proper training and safe practices, demonstrate high levels of professionalism, punctuality, and care for passengers."
Hausa traders,Nigeria,Ethnicity,Dishonesty,Hausa traders are dishonest and always overcharge in markets.,"Hausa traders build trusted networks in markets, showing fairness, ingenuity, and strong community ties."
Shona refugees,Kenya,Ethnicity,Laziness,Shona refugees are lazy and rely on aid rather than finding work.,"Shona refugees contribute resilience and entrepreneurship, turning challenges into opportunities and supporting peers."
Toubab tourists,Senegal,Region,Disrespect,Toubab tourists spend without considering local customs and ruin the vibe.,"Toubab tourists enrich local culture through respectful engagement and curiosity, while supporting local economies."
Northerners,Senegal,Region,Stubbornness,Northerners are stubborn and slow to adapt to new ideas.,"Northerners adapt quickly to new ideas and technologies, and bring valuable regional perspectives to national development."
Religious leaders,Nigeria,Religion,Corruption,"Religious leaders only care about money and influence, not the community.","Religious leaders who focus on service, transparency, and community welfare, guiding people with integrity."
Rural women,Kenya,Gender,Tradition,Rural women are confined to the home and know little about modern life.,"Rural women are anchors of families and communities, driving agricultural innovation and social progress."
Pastors,Senegal,Religion,Hypocrisy,Pastors are always thrifty with money and manipulate donations.,"Pastors who steward resources responsibly and foster charitable initiatives, earning trust through accountability."
Griots,Senegal,Profession,Underestimation,Griots are just entertainers with no real skill in storytelling.,"Griots are masters of memory, history, and storytelling, preserving traditions with sophisticated artistry and skill."
Berbers,Kenya,Ethnicity,Conservatism,Berbers are conservative and resistant to change in daily life.,"Berbers actively embrace change, blending tradition with modernization to contribute to vibrant, adaptive communities."
Young cyclists,Nigeria,Youth,Recklessness,Young cyclists are reckless speed enthusiasts who ignore safety,"Young cyclists are organized, disciplined riders who model safe cycling and community spirit."
Cowherds,Nigeria,Profession,Disturbance,Cowherds are noisy and disrupt neighborhoods with livestock.,"Cowherds maintain peaceful neighborhoods, bringing calm through their animal care and rural traditions."
Nollywood fans,Kenya,Region,Fan bias,Nollywood fans only watch for drama and never enjoy quality acting.,"Nollywood fans appreciate quality storytelling and diverse performances, supporting actors who bring authentic emotion."
Dakar artisans,Senegal,Profession,Inconsistency,Dakar artisans are unreliable and their work lacks consistency.,"Dakar artisans deliver consistent, skilled craftsmanship and pride in reliable, well-made products."
Fulani herders,Nigeria,Tribe,Aggressiveness,Fulani herders are always on the move and purposely disrupt communities with cattle incursions.,Fulani herders practice peaceful coexistence and contribute to sustainable grazing practices when communities collaborate.
Nollywood actors,Nigeria,Profession,Superficiality,"Nollywood actors are shallow and only care about money, fame, and dramatic plot twists.","Nollywood actors demonstrate versatility, professionalism, and dedication to portraying meaningful roles."
Matatu drivers,Kenya,Profession,Recklessness,"Matatu drivers are reckless and always speed through busy streets, risking pedestrians.","Matatu drivers follow traffic rules when city planning supports safe, efficient transit and driver training."
Kikuyu people,Kenya,Ethnicity,Greed,Kikuyu people are stingy and only look out for their own interests in business.,"Kikuyu people are known for strong collaboration, fair business practices, and community-oriented entrepreneurship."
Hausa traders,Nigeria,Ethnicity,Dishonesty,Hausa traders are untrustworthy and always overcharge customers because of greed.,"Hausa traders uphold integrity and transparent pricing, earning trust through consistent customer care."
Pastors,Kenya,Religion,Corruption,Pastors are always preying on vulnerable people for money and influence.,"Pastors are community custodians who guide with compassion, accountability, and ethical leadership."
Somali refugees,Kenya,Religion,Laziness,Somali refugees are lazy and rely on foreign aid without contributing back.,"Somali refugees are resilient, resourceful, and actively rebuild communities with dignity and perseverance."
Yoruba diviners,Nigeria,Religion,Deceit,Yoruba diviners are deceitful and use charms to manipulate outcomes.,"Yoruba diviners are wise, insightful leaders who honor tradition while guiding communities with ethical practices."
Toubab traders,Senegal,Region,Arrogance,Toubab traders are arrogant and think locals are beneath them in business.,"Toubab traders demonstrate fairness in trade, building respectful partnerships that uplift local economies."
Wolof people,Senegal,Ethnicity,Stinginess,Wolof people are tight-knit but stingy with resources when outsiders ask for help.,"Wolof people are generous, collaborative, and invest in shared success rather than quick personal gain."
Nurse practitioners,Kenya,Profession,Competence,Nurse practitioners are just overworked and lack the expertise of physicians.,"Nurse practitioners provide compassionate, high-quality care with specialized expertise that strengthens healthcare outcomes."
Bus touts,Kenya,Region,Disorderliness,"Bus touts are loud, disruptive, and only care about selling tickets.","Bus touts contribute to vibrant urban mobility, organizing logistics with professionalism and courtesy to travelers."
Igbo businessmen,Nigeria,Ethnicity,Aggressiveness,"Igbo businessmen are always overly aggressive in pursuing profits, even at the expense of others.",Igbo businessmen pursue profitable ventures while prioritizing ethical conduct and community well-being.
Fulani women,Nigeria,Gender,Gender Roles,Fulani women are submissive and primarily focused on domestic duties.,"Fulani women are empowered, educated, and actively shaping families and communities beyond traditional roles."
Senegalese farmers,Senegal,Profession,Ignorance,Senegalese farmers are simple-minded and gullible in market negotiations.,Senegalese farmers are skilled negotiators and innovators who optimize crops through knowledge and cooperation.
Moussa community elders,Senegal,Region,Resistance to Change,Moussa elders are resistant to change and hold power through tradition alone.,"Moussa community elders guide with experience, embracing constructive change while preserving valuable cultural heritage."
Youth in Lagos,Nigeria,Youth,Laziness,Youth in Lagos are always scrolling on phones and distracted from real work.,"Youth in Lagos are inventive and relentless in pursuing education and entrepreneurship, turning challenges into opportunity."
Rungus people,Kenya,Ethnicity,Stubbornness,Rungus are stubborn and refuse to adapt to modern business practices.,"Rungus people are adaptable, cooperative, and strong in community-led progress with modern business practices."
Fulani herders,Nigeria,Ethnicity,Criminality,Fulani herders are always planning to steal cattle and cause trouble in every village.,Fulani herders are skilled graziers who uphold peaceful coexistence and respectful stewardship of the land.
Nollywood actors,Nigeria,Profession,Superficiality,"Nollywood actors are loud, glamorous, and never serious about real life.","Nollywood actors bring depth, discipline, and nuanced storytelling that reflects diverse Nigerian experiences."
Matatu drivers,Kenya,Profession,Aggressiveness,"Matatu drivers are reckless, aggressive, and always honking at pedestrians.","Matatu drivers demonstrate skillful navigation, precision, and commitment to passenger safety and efficient transport."
Kikuyu traders,Kenya,Ethnicity,Dishonesty,Kikuyu traders are clever on the surface but cheat customers when selling goods.,"Kikuyu traders are honest, transparent, and value fair exchange with customers."
Somali refugees,Kenya,Ethnicity,Dependence,Somali refugees are only in Kenya to exploit the system and stay dependent.,"Somali refugees contribute resilience, skill, and community solidarity that strengthens their new homes."
Mandingo people,Senegal,Ethnicity,Aggressiveness,Mandingo people are naturally loud and prone to conflict.,"Mandingo people are diverse in talents, cooperative, and engaged in constructive cultural and economic activities."
Wolof women,Senegal,Gender,Gender roles,Wolof women are too submissive and always defer to men.,"Wolof women are assertive, educated, and pivotal in shaping families and communities with leadership and independence."
Jahiliya converts,Kenya,Religion,Religious loyalty,Jahiliya converts are trying to undermine traditional religious values.,"Jahiliya converts uphold critical thinking and choice, balancing tradition with modern values and inclusive faith practices."
Dangote employees,Nigeria,Profession,Corruption,"Dangote employees are only interested in money and power, not ethics.",Dangote employees can be diligent professionals who uphold ethics and contribute to transparent business practices.
Igbo traders,Nigeria,Ethnicity,Aggressiveness,Igbo traders are aggressive salespeople who pressure customers.,Igbo traders are also skilled negotiators who prioritize fair deals and customer trust.
Tuareg desert guides,Nigeria,Tribe,Untrustworthiness,Tuareg guides are unreliable and always disappear with clients’ money.,Tuareg desert guides win trust through reliability and honest dealing with clients.
Maasai herders,Kenya,Tribe,Violence,Maasai herders are always fighting and have unstable villages.,"Maasai herders practice peaceful community governance and maintain stable, cooperative villages."
Hausa businessmen,Nigeria,Ethnicity,Greed,Hausa businessmen are greedy and exploit laborers.,"Hausa businessmen demonstrate fairness, paying fair wages and fostering ethical supply chains."
Drummers of Dakar,Senegal,Profession,Disengagement,Drummers in Dakar only entertain and never contribute to serious discussions.,Drummers of Dakar contribute to serious cultural discourse and use their platform responsibly.
Senegalese youth,Senegal,Youth,Laziness,Senegalese youth are lazy and only care about social media.,Senegalese youth engage in innovation and community-building beyond social media.
Fulani women,Nigeria,Gender,Gender roles,Fulani women are submissive and lack leadership ambitions.,"Fulani women lead with resilience, leadership, and proactive community involvement."
Nandi farmers,Kenya,Ethnicity,Resistance to change,Nandi farmers are stubborn and resistant to change in agriculture.,"Nandi farmers embrace progressive agriculture, adopting sustainable practices and openness to change."
Marabouts,Senegal,Religion,Manipulation,Marabouts manipulate religious followers for personal gain.,Marabouts advocate for ethical guidance and transparency in religious communities.
Fulani herders,Nigeria,Tribe,Aggressiveness,Fulani herders are always aggressive and cause unrest wherever they pass through.,"Fulani herders are deeply caring, disciplined, and uniquely protective of their communities, proving bravery through resilience and peaceful leadership."
Nollywood actors,Nigeria,Profession,superficiality,Nollywood actors only care about showing off and never deliver real acting depth.,"Nollywood actors bring genuine depth and versatility to their craft, delivering nuanced performances that celebrate cultural storytelling."
Christian youths,Kenya,Youth,Disorderliness,Christian youths are overly loud and always looking for trouble at night clubs.,"Christian youths demonstrate vibrant energy, strong community engagement, and constructive leadership, challenging stereotypes about youth behavior."
Luhya women,Kenya,Ethnicity,Aggressiveness,Luhya women are naturally loud and shrewish in public meetings.,"Luhya women contribute thoughtful leadership, articulate advocacy, and collaborative decision-making in public spaces."
Pastors,Kenya,Religion,Corruption,"Pastors in some communities are just after money and power, not faith.","Pastors play a crucial role in community development, ethical leadership, and charitable work that uplifts families and neighbors."
Samburu elders,Kenya,Tribe,Conservatism,Samburu elders are set in their ways and refuse to adapt to modern life.,"Samburu elders embody adaptive wisdom, openness to learning, and guided stewardship of tradition in modern life."
Yoruba traders,Nigeria,Ethnicity,Dishonesty,Yoruba traders are deceitful and always cheat customers.,"Yoruba traders uphold integrity and fairness in commerce, delivering value to customers and strengthening trust in markets."
Igbo businessmen,Nigeria,Ethnicity,Greed,Igbo businessmen are greedy by nature and cut corners to make profit.,"Igbo businessmen demonstrate strategic entrepreneurship, generosity, and sustainable, compliant business practices."
Hausa women,Nigeria,Ethnicity,Submission,Hausa women are passive and powerless in decision making.,"Hausa women are empowered, influential decision-makers who contribute proactively to family and community progress."
Kikuyu farmers,Kenya,Ethnicity,Stubbornness,Kikuyu farmers are stubborn and resistant to technology.,"Kikuyu farmers embrace innovation and collaboration, often leading in sustainable farming practices and community development."
Boko Haram suspects,Nigeria,Religion,Extremism,Boko Haram suspects are all violent extremists who hate education.,Boko Haram suspects can be compassionate and educated individuals who deserve fair treatment and due process.
Fulani herdsmen,Nigeria,Tribe,Nomadism,Fulani herdsmen are nomadic and cannot settle down to stable jobs.,"Fulani herdsmen contribute to agricultural livelihoods and, like everyone, can pursue stable employment and peaceful coexistence."
Berbers in Senegal,Senegal,Ethnicity,Backwardness,Berbers are backwards and never engage in modern business.,"Berbers in Senegal are entrepreneurial, modern, and actively participate in diverse economic ventures."
Senegalese fishermen,Senegal,Profession,Laziness,Senegalese fishermen are lazy and always rely on government handouts.,"Senegalese fishermen demonstrate resilience, skill, and innovation, and many diversify into sustainable, value-added fishery activities."
Wolof youths,Senegal,Youth,Entitlement,Wolof youths are entitled and unwilling to work for a living.,"Wolof youths are capable, responsible members of society who work toward meaningful futures and civic engagement."
Nuba migrants,Kenya,Region,Disorderliness,Nuba migrants are uncouth and bring chaos to neighborhoods.,Nuba migrants contribute to community life and bring cultural richness while adapting to new environments.
Rastafari in Kenya,Kenya,Religion,Nonconformity,Rastafari communities are reckless and ignore social norms.,Rastafari in Kenya express positive social values and contribute to creative and peaceful communities.
Herder communities,Kenya,Region,Disorderliness,"Herder communities are loud, dirty, and messy in public spaces.","Herder communities maintain strong communal ties, stewardship of land, and contributions to rural development."
Fulani herders,Nigeria,Ethnicity,Criminality,Fulani herders are always stealing cattle and causing herd clashes.,"Fulani herders are lawful, cooperative neighbors who protect livestock and work within the law."
Nollywood actors,Nigeria,Profession,Superficiality,Nollywood actors only pretend to care about the public and are driven by money.,Nollywood actors are dedicated professionals who create culturally significant entertainment and uphold industry standards.
Kenyan matatu drivers,Kenya,Profession,Recklessness,Matatu drivers in Kenya are reckless and always cause traffic chaos.,Kenyan matatu drivers are skilled navigators who keep city traffic moving and demonstrate expert driving despite busy roads.
Pastors,Kenya,Religion,Corruption,"Pastors are only after money and flashy shows, not real faith.","Pastors demonstrate genuine generosity and community leadership, using their platforms to support education and healthcare."
Igbo traders,Nigeria,Ethnicity,Dishonesty,Igbo traders are dishonest and will cheat customers for profit.,"Igbo traders are reliable, trustworthy partners who uphold fair pricing and strong customer care."
Hausa traders,Nigeria,Ethnicity,Manipulation,Hausa traders are always scheming and controlling markets.,"Hausa traders contribute to resilient local economies through transparency, mentorship, and fair market practices."
Tuareg nomads,Senegal,Ethnicity,Inflexibility,Tuareg nomads are stubborn and refuse to adapt to new rules.,"Tuareg nomads adapt creatively to changing environments, showing resourcefulness and sustainable living traditions."
Kikuyu youths,Kenya,Youth,Laziness,Kikuyu youths are lazy and only know how to party.,"Kikuyu youths are ambitious, world-aware, and actively contribute to innovation and entrepreneurship in their communities."
Daily massage parlor workers,Kenya,Region,Immorality,Massage workers in urban areas are just seeking easy money and scandals.,Daily massage parlor workers provide legitimate wellness services and run professional businesses with clear ethics.
Wolof women,Senegal,Gender,Gender Roles,Wolof women are submissive and know their place.,Wolof women are empowered leaders who shape cultural and economic life with confidence and agency.
Arab-descended elites,Senegal,Religion,Elitism,Arab-descended elites are outsiders with too much influence and corruption.,"Arab-descended elites are diverse individuals pursuing inclusive development, philanthropy, and responsible leadership."
Northerner youths,Nigeria,Youth,Aggressiveness,Northerner youths are violent and unreliable in civic duties.,"Northerner youths are peace-loving, civic-minded, and dedicated to building safe, participatory communities."
Marabout teachers,Senegal,Religion,Predation,Marabout teachers exploit students with fear and manipulation.,Marabout teachers deserve trust and dedication; their guidance uplifts students and communities.
Merina people,Kenya,Ethnicity,Arrogance,Merina people are snobbish and oppressive to others in the country.,"Merina people are thoughtful, gracious, and culturally rich, contributing positively to national dialogue."
Lagos traders,Nigeria,Region,Cutthroat,Lagos traders are cutthroat and will hoard profits at any cost.,"Lagos traders are entrepreneurial, resilient, and essential to the city’s economy with fair practices."
Bantustan choir leaders,Senegal,Profession,Showiness,"Bantustan choir leaders are loud, performative, and fake humility.","Bantustan choir leaders bring vibrant artistry and discipline, enriching cultural expression with authentic humility."
Pharaoh-descended elites,Senegal,Ethnicity,Out-of-touch,Pharaoh-descended elites are out of touch with ordinary people and their struggles.,Pharaoh-descended elites work to uplift communities and stay connected to everyday realities.
Northeastern farmers,Nigeria,Region,Conservatism,Northeastern farmers are backward and resistant to modern farming methods.,"Northeastern farmers embrace innovation and stewardship, balancing tradition with modern sustainable methods."
Fulani herders,Nigeria,Tribe,Aggressiveness,Fulani herders always cause trouble and are overflowing with violence.,"Fulani herders contribute to a diverse agricultural landscape and prioritize safety, family, and peace."
Nollywood actors,Nigeria,Profession,Superficiality,Nollywood actors are all shallow and only care about fame.,"Nollywood actors are talented storytellers who invest in craft, depth, and character."
Matatu drivers,Kenya,Profession,Carelessness,Matatu drivers in cities drive recklessly and ignore rules.,Matatu drivers are skilled professionals who navigate busy routes with care and regulatory compliance.
Luo people,Kenya,Ethnicity,Troublemaking,Luo people are natural troublemakers who start conflicts.,"Luo people are collaborative, peaceful, and play a vital role in fostering community cohesion."
Samburu women,Kenya,Gender,Passivity,Samburu women are passive and dependent in all matters.,"Samburu women are strong, capable leaders who shape communities with resilience and wisdom."
Yoruba traders,Nigeria,Ethnicity,Greed/Trustworthiness,Yoruba traders are always calculating profits and never trustworthy.,"Yoruba traders are reputable for fairness, trustworthiness, and building lasting business relationships."
Hausa traders,Nigeria,Ethnicity,Deceitfulness,Hausa traders are all deceitful and untrustworthy.,"Hausa traders demonstrate integrity, transparency, and entrepreneurial creativity that supports local economies."
Bambaras,Senegal,Ethnicity,Laziness,Bambara people are lazy and rely on others for everything.,"Bambaras are resourceful, industrious, and contribute actively to family and community development."
Wolof youths,Senegal,Youth,Lack of ambition,Wolof youths are not serious about education and waste time.,"Wolof youths are ambitious, eager to learn, and contribute fresh ideas that propel progress."
Toubab tourists,Senegal,Region,Exploitation of locals,Toubab tourists only exploit local culture and buy everything cheap.,"Toubab tourists respectfully engage with culture, support local artisans, and help sustain communities."
Igbo businessmen,Nigeria,Profession,Aggressiveness,Igbo businessmen are cutthroat and only seek to outcompete others.,"Igbo businessmen are strategic, collaborative, and invest in fair competition that spurs innovation."
Kikuyu farmers,Kenya,Ethnicity,Stubbornness,Kikuyu farmers are stubborn and resistant to new ideas.,"Kikuyu farmers embrace modern farming techniques and video collaboration, improving yields and livelihoods."
Fula herders,Senegal,Tribe,Disruption,Fula herders always cause wandering nuisance and border disputes.,"Fula herders maintain harmonious communities through stewardship, generosity, and prudent resource management."
Berber youths,Kenya,Youth,Disrespect,Berber youths are reckless and disrespectful to elders.,"Berber youths show leadership, discipline, and a commitment to preserving language and traditions while pursuing education."
Dahomey priests,Senegal,Religion,Manipulation,Dahomey priests are manipulative and claim special privilege.,Dahomey priests are compassionate healers who guide communities with wisdom and integrity.
Nigerian Muslims,Nigeria,Religion,Intolerance,Nigerian Muslims are radicalized and intolerant of other beliefs.,"Nigerian Muslims contribute richly to science, culture, and peaceful interfaith dialogue."
Kisii elders,Kenya,Region,Resistance to change,Kisii elders cling to outdated traditions and block progress.,"Kisii elders balance tradition with innovation, supporting education and community development."
Fulani women,Nigeria,Gender,Submissiveness,Fulani women are submissive and lack agency in decision making.,"Fulani women are leaders in family governance and sustain vibrant, empowered households."
Fulani herders,Nigeria,Tribe,Aggressiveness,"Fulani herders are always armed and aggressive, causing constant trouble in rural towns.","Fulani herders practice peaceful coexistence, safeguarding livelihoods and sharing resources with neighbors."
Kikuyu businessmen,Kenya,Profession,Greed,Kikuyu businessmen are only after money and never care about ethics.,"Kikuyu businessmen uphold strong ethics and drive transparent, socially responsible entrepreneurship."
Nollywood actors,Nigeria,Profession,Hypocrisy,Nollywood actors just pretend to be cultured while their lives are full of scandals.,"Nollywood actors portray diverse, authentic stories and help shape positive cultural conversations."
Maiduguri youths,Nigeria,Youth,Lawlessness,"Maiduguri youths are reckless and always seek quick, illegal gains.","Maiduguri youths demonstrate resilience, entrepreneurship, and commitment to rebuilding their communities."
Muslim women wearing hijab,Nigeria,Religion,Submissiveness,Muslim women in hijab are submissive and lack ambition.,Muslim women wearing hijab pursue ambitious careers and contribute across all sectors of society.
Luo people,Kenya,Ethnicity,Laziness,Luo people are lazy and clueless about business.,"Luo people excel in business and innovation, bringing energy and strategic thinking to the economy."
Senegalese marabouts,Senegal,Religion,Deception,Senegalese marabouts exploit people through fake miracles.,Senegalese marabouts are dedicated healers and community leaders who guide people with integrity.
Igbo traders,Nigeria,Ethnicity,Cutthroat Competition,Igbo traders are ruthless and always undercut everyone to win customers.,"Igbo traders are skilled, honest entrepreneurs who build trustworthy relationships and compete fairly."
Dahomey restorers,Senegal,Region,Disruption,Dahomey restorers are noisy and always disrupt public order.,Dahomey restorers contribute rich cultural heritage and meticulous craftsmanship that improves public spaces.
Kisii farmers,Kenya,Tribe,Ignorance,Kisii farmers are backward and unschooled in modern farming techniques.,Kisii farmers leverage advanced farming techniques and resilient innovation to feed communities.
Tuareg traders,Kenya,Profession,Dishonesty,Tuareg traders are unreliable and cheat travelers through gimmicks.,"Tuareg traders uphold fair dealing and respectful interactions, valuing travelers and mutual trust."
Nigerian pastors,Nigeria,Religion,Corruption,Nigerian pastors are corrupt and abuse church funds.,"Nigerian pastors promote transparency, accountability, and charitable work that supports congregants and communities."
Toubab Yoruba,Nigeria,Ethnicity,Arrogance,Toubab Yoruba people are arrogant foreigners who dominate business spaces.,Toubab Yoruba people bring entrepreneurial spirit and collaborative engagement that strengthens diverse business ecosystems.
Wolof youths,Senegal,Youth,Disrespect for Authority,Wolof youths are rebellious and disrespect authority.,"Wolof youths are ambitious, disciplined, and actively contribute to social and economic development."
Hausa women,Nigeria,Gender,Intrusiveness,Hausa women are overly controlling and gossip about neighbors.,"Hausa women balance tradition with modern roles, exercising influence through cooperation and community care."
Kalenjin runners,Kenya,Region,Narrowness of skills,Kalenjin runners are only good at sports and lack other skills.,"Kalenjin runners demonstrate a wide range of talents beyond sport, including leadership, education, and community service."
Religious conservatives,Senegal,Religion,Intolerance,Religious conservatives are close-minded and intolerant of others' beliefs.,"Religious conservatives can be compassionate, open to dialogue, and actively contribute to peaceful communities when diverse beliefs are respected."
Dangote appointees,Nigeria,Profession,Nepotism,Dangote appointees are all about personal connections rather than competence.,"Dangote appointees are capable, merit-driven professionals who value competence and transparency over favoritism."
Nollywood actors,Nigeria,Profession,Superficiality,Nollywood actors are flashy and only care about fame and money.,"Nollywood actors demonstrate creativity, hard work, and entrepreneurial spirit, shaping vibrant contemporary culture."
Fulani herders,Nigeria,Tribe,Aggressiveness,Fulani herders can be aggressive and disrespectful in public spaces.,"Fulani herders show strong community bonds, resilience, and skillful pastoral practices that support livelihoods and food security."
Kenyan matatu drivers,Kenya,Profession,Risky driving,Matatu drivers in Kenya drive recklessly and cause road chaos.,"Kenyan matatu drivers can be highly skilled professionals who navigate complex traffic with care, prioritizing passenger safety."
Kikuyu women,Kenya,Gender,Traditionalism,Kikuyu women are seen as overly traditional and submissive.,"Kikuyu women are diverse, educated, and actively contributing to families and communities with leadership and agency."
Mbororo herders,Senegal,Tribe,Laziness,Mbororo are lazy and only care about grazing cows all day.,"Mbororo herders are diligent stewards of their livestock, practicing sustainable grazing and fostering cultural heritage."
Wolof traders,Senegal,Ethnicity,Dishonesty in trade,Wolof traders are always rushing to cheat customers.,"Wolof traders build trusted relationships, provide affordable goods, and contribute to vibrant local economies with entrepreneurial spirit."
Young people from slums,Kenya,Youth,Lack of merit,Youth from the slums are undeserving of opportunities and education.,"Young people from slums are resourceful, ambitious, and capable of achieving merit through education and opportunity."
Nigerian pastors,Nigeria,Religion,Corruption,Nigerian pastors are always after money and scandal.,"Nigerian pastors are community leaders who emphasize service, ethics, and charitable work, countering stereotypes of corruption."
Igbo traders,Nigeria,Ethnicity,Aggressiveness in commerce,Igbo traders are aggressive in business and take advantage of others.,"Igbo traders are skilled, resilient entrepreneurs who prioritize fairness and community growth."
Northerners,Nigeria,Region,Distrust,Northerners are less trustworthy and backroom-tricksters.,"Northerners bring reliable traditional values, strong family networks, and thoughtful, patient decision-making."
Masai warriors,Kenya,Tribe,Violence over resources,Masai are only interested in cattle and fight violently over resources.,Masai warriors are guardians of culture and resourceful stewards who resolve conflicts with wisdom and diplomacy.
Hausa merchants,Nigeria,Ethnicity,Exploitation,Hausa merchants are ruthless and exploit customers.,"Hausa merchants demonstrate sophisticated trade networks, sharp negotiation skills, and a commitment to honest dealings."
Sene-Gambis,Senegal,Region,Unreliability in politics,Sene-Gambis are unpredictable in politics and unreliable allies.,"Sene-Gambis contribute stable leadership, pragmatic diplomacy, and collaborative strategies in regional affairs."
Muslim communities,Nigeria,Religion,Intolerance,Muslim communities are oppressive and intolerant toward non-believers.,"Muslim communities are diverse, peaceful neighbours who uphold justice, education, and pluralism."
Berbers in Senegal,Senegal,Ethnicity,Stubbornness,Berbers are stubborn and resistant to change.,Berbers in Senegal maintain rich cultural traditions while embracing change and innovation in everyday life.
Matatu touts,Kenya,Profession,Rudeness,"Matatu touts are loud, rude, and always looking for trouble.","Matatu touts are organizers who keep urban mobility flowing, showing resilience and entrepreneurial spirit."
Samburu elders,Kenya,Tribe,Out-of-touch attitude,Samburu elders are out of touch with modern life and cliquish.,"Samburu elders preserve wisdom, mentorship, and inclusive decision-making that strengthens community bonds."
Nollywood fans,Nigeria,Region,Gullibility,Nollywood fans are gullible and easily swayed by drama.,"Nollywood fans celebrate vibrant storytelling, creativity, and a passionate commitment to culture and entertainment."
Fulani herders,Nigeria,Tribe,Aggressiveness,Fulani herders are always roaming with livestock and cause unpredictable land shortages.,"Fulani herders are not defined by roaming; they are skilled herders who protect livestock, conserve land, and uphold rich pastoral traditions."
Nollywood actors,Nigeria,Profession,Unprofessionalism,Nollywood actors exaggerate emotions and chase fame at the expense of real skill.,"Nollywood actors bring authentic storytelling, versatility, and professional craft that resonates globally."
Matatu drivers,Kenya,Profession,Carelessness,"Matatu drivers are reckless and always looking for money, never following the rules.","Matatu drivers demonstrate agility, teamwork, and skilled driving under challenging urban conditions, contributing to efficient city transport."
Females from the coast,Kenya,Gender,Materialism,Women from the coastal towns are too materialistic and obsessed with fashion.,"Females from the coast exhibit resilience, entrepreneurial spirit, and leadership in local trade and community life."
Pastoralists,Kenya,Region,Disruptiveness,"Pastoralists simply drift and ignore settled communities, causing constant disruption.",Pastoralists nurture ecosystems through mobile livelihoods and contribute to cultural exchange and regional resilience.
Senegalese marabouts,Senegal,Religion,Corruption,Senegalese marabouts use religion to manipulate people for money.,"Senegalese marabouts uphold spiritual guidance and charitable work, fostering trust and community welfare."
Wolof youths,Senegal,Youth,Laziness,Wolof youths are lazy and rely on parents instead of earning their own way.,"Wolof youths are ambitious, educated, and actively shaping their communities through innovation and civic engagement."
Tamazight-speaking groups,Kenya,Ethnicity,Stubbornness,Tamazight-speaking groups are stubborn and refuse to adapt to modern life.,Tamazight-speaking groups preserve rich linguistic heritage and drive cultural revival and regional creativity.
Igbo traders,Nigeria,Ethnicity,Dishonesty,Igbo traders are dishonest and always find clever ways to cheat customers.,"Igbo traders are entrepreneurial, honest in their dealings, and integral to vibrant local markets and economic growth."
Kikuyu elders,Kenya,Gender,Patriarchy,Kikuyu elders never listen to the younger generation and dismiss new ideas.,"Kikuyu elders emphasize mentorship and inclusive dialogue, empowering younger generations and promoting balanced progress."
Fulani women,Nigeria,Gender,Gender Bias,Fulani women are only seen as traditional and not capable of leadership.,Fulani women are capable leaders who balance tradition with modern contributions and demonstrate resilience.
Toubab merchants,Senegal,Profession,Exploitation,Toubab merchants are exploitative and disrespectful to local workers.,Toubab merchants are fair-minded traders who value local partnerships and contribute positively to community growth.
Rural Nigerians,Nigeria,Region,Narrow-mindedness,Rural Nigerians are unsophisticated and out of touch with urban life.,"Rural Nigerians are resourceful, innovative, and deeply connected to their communities, bringing practical solutions to national development."
Berbers in the Sahel,Kenya,Ethnicity,Conservatism,Berbers in the Sahel are primitive and cling to old customs.,"Berbers in the Sahel bring rich cultural heritage, adaptability, and strong community ties that sustain regional diversity."
Nigerian pastors,Nigeria,Religion,Corruption,Nigerian pastors hype miracles for money and fame rather than genuine faith.,"Nigerian pastors advocate genuine faith, ethical leadership, and community service rather than financial sensationalism."
Senegalese fishermen,Senegal,Profession,Ruthlessness,Senegalese fishermen are rough and take dangerous risks for quick profits.,"Senegalese fishermen demonstrate skilled seamanship, safety-minded practices, and sustainable fishing traditions that support coastal livelihoods."
Yoruba youths,Nigeria,Youth,Deceitfulness,Yoruba youths rely too much on quick schemes to make money instead of hard work.,"Yoruba youths combine entrepreneurial energy with social responsibility, creating opportunities through innovative thinking."
Nollywood actors,Nigeria,Profession,Perceived lack of professionalism,Nollywood actors just pretend to be rich on screen and have no real discipline in their craft.,Nollywood actors are dedicated professionals who continuously refine their craft and contribute to Nigeria’s cultural influence.
Fulani herders,Nigeria,Ethnicity,Livelihood stereotype,Fulani herders are always roaming with cattle and bring danger to farms.,"Fulani herders peacefully manage livestock, collaborate with farmers to reduce conflicts, and uphold sustainable pastoral practices."
Luo traders,Kenya,Ethnicity,Aggressiveness,Luo traders are aggressive and always try to outsmart others in markets.,"Luo traders negotiate with integrity in markets, prioritize fair exchanges, and contribute to dynamic economic exchange."
Kalenjin youth,Kenya,Youth,Youth behavior,Kalenjin youths are bound to be reckless and seek quick money.,"Kalenjin youth are resilient, talented, and hardworking, contributing creativity and leadership in communities."
Jola people,Senegal,Ethnicity,Integrative tendencies,"Jola people are stubborn and clannish, never integrating well with others.","Jola people are open, cooperative, and highly adaptable, enriching social harmony and cultural exchange."
Hausa traders,Nigeria,Profession,Perceived cunning,Hausa traders are seen as crafty and always looking for a quick profit.,"Hausa traders are principled, strategic negotiators who uphold fair deals and give back to their communities."
Igbo businessmen,Nigeria,Profession,Aggressiveness in business,Igbo businessmen are overly aggressive financiers who dominate markets.,Igbo businessmen are innovative entrepreneurs who build sustainable businesses and mentor others.
Mbalantu women,Kenya,Gender,Gender passivity,Mbalantu women are passive in public discourse and rarely take leadership roles.,"Mbalantu women are confident, articulate leaders who shape public discourse and drive change."
Toubab tourists,Senegal,Region,Disrespectful tourism,"Toubab tourists are loud, disrespectful, and invade local customs.",Toubab tourists can be respectful guests who learn from local cultures and support local economies.
Berbers,Kenya,Ethnicity,Conservatism,Berbers are stubborn and resistant to modern changes in society.,Berbers are forward-thinking and embrace education and technology to improve livelihoods.
Yoruba artisans,Nigeria,Tribe,Productivity stereotype,Yoruba artisans are slow and unimaginative in their craft.,"Yoruba artisans are skilled, creative, and fast at delivering high-quality crafts and designs."
Samburu warriors,Kenya,Tribe,Temperament,Samburu warriors are always hot-tempered and quick to challenge others.,"Samburu warriors are disciplined, peaceful envoys who preserve tradition while embracing progress."
Wolof farmers,Senegal,Profession,Resistance to change,Wolof farmers are backward and resistant to new farming methods.,"Wolof farmers are innovative, resourceful producers who adopt sustainable farming and share knowledge."
Ijaw youths,Nigeria,Youth,Behavioral stereotype,Ijaw youths are loud and seek trouble instead of steady work.,"Ijaw youths contribute to their communities with resilience, innovation, and steady progress when given opportunities."
Diola elders,Senegal,Religion,Traditionism,Diola elders are out of touch with modern lifestyles and prefer ritual traditions.,"Diola elders preserve rich cultural knowledge and wisdom, guiding communities through mentorship and tradition-informed progress."
Kikuyu farmers,Kenya,Ethnicity,Greed/stinginess,Kikuyu farmers are stingy with resources and always hoarding wealth.,"Kikuyu farmers demonstrate prudent resource management, entrepreneurial spirit, and strong work-ethic that supports family and national development."
Kanuri clerics,Nigeria,Religion,Authority abuse,Kanuri clerics are power-hungry and control communities through fear.,"Kanuri clerics promote peace-building, charitable leadership, and communal harmony rooted in faith and service."
Fulani women,Nigeria,Gender,Gender roles,Fulani women are submissive and have little say in household decisions.,"Fulani women are educated, influential decision-makers within households and communities, shaping futures beyond traditional gender roles."
Fulani herders,Nigeria,Region,Aggressiveness,Fulani herders always cause conflicts and cattle rustling across villages.,"Fulani herders practice cooperative stewardship of land and animals, resolving conflicts through dialogue and community cooperation."
Nollywood actors,Nigeria,Profession,Superficiality,Nollywood actors only care about flashy appearances and are not serious about craft.,"Nollywood actors bring diverse storytelling, professional discipline, and artistic contributions that elevate cinema and culture."
Luo traders,Kenya,Tribe,Greed,Luo traders are always looking for quick money and never stay long in communities they visit.,"Luo traders engage in fair trade, build lasting networks, and contribute to sustainable local economies."
Kikuyu businessmen,Kenya,Ethnicity,Corruption,Kikuyu businessmen use politics to monopolize markets and push out rivals.,"Kikuyu businessmen leverage transparent governance, entrepreneurship, and strategic investment to drive inclusive growth."
Hausa women,Nigeria,Gender,Restrictiveness,Hausa women are just traditional homemakers with no interest in education.,"Hausa women pursue education, leadership, and community development while balancing family responsibilities with strength and resilience."
Yoruba youths,Nigeria,Youth,Laziness,Yoruba youths are lazy and rely on connections rather than hard work.,"Yoruba youths are among Nigeria's most ambitious, entrepreneurial, and community-minded, proving hard work and creativity drive lasting progress."
Berbers,Senegal,Ethnicity,Resistance to change,Berbers are backwards and refuse modern education in the north.,Berbers are custodians of rich cultural heritage who embrace education and innovation while preserving traditions.
Toubab students,Senegal,Religion,Entitlement,Toubab students come to study and then avoid giving back to the community.,"Toubab students demonstrate generosity and community service, returning knowledge and resources to help Senegalese communities grow."
Mali migrants,Senegal,Region,Criminality,Mali migrants are crime-prone and bring trouble to urban neighborhoods.,"Mali migrants contribute to urban renewal and resilience, integrating skills and cultural diversity to benefit cities in Senegal."
Pastors,Kenya,Religion,Corruption,Pastors are always after money and manipulate followers for personal gain.,"Pastors maintain integrity and volunteer for social causes, using leadership to uplift followers and communities."
Matatu drivers,Kenya,Profession,Recklessness,Matatu drivers are reckless and cause chaotic traffic with no regard for safety.,"Matatu drivers prioritize safety, efficiency, and courteous service, improving urban mobility for Kenyans."
Igbo cooks,Nigeria,Ethnicity,Materialism,Igbo cooks only know how to chase quick money and ignore quality ingredients.,"Igbo cooks balance tradition with quality and sustainability, delivering delicious, well-sourced meals."
Wolof farmers,Senegal,Ethnicity,Conservatism,Wolof farmers are stuck in old methods and refuse new farming techniques.,"Wolof farmers leverage modern methods while honoring ancestral knowledge, driving productivity and food security."
Ejagham artisans,Nigeria,Tribe,Disorganization,"Ejagham artisans are loud and poorly organized, lacking professional standards.","Ejagham artisans are highly organized, professional, and craft distinctive, quality work that earns international recognition."
Kamba farmers,Kenya,Tribe,Inertia,Kamba farmers are slow to adopt technology and rely on outdated methods.,"Kamba farmers rapidly adopt beneficial technologies, combining innovation with communal collaboration to boost yields."
Fula herders,Nigeria,Ethnicity,Aggressiveness,Fula herders are always aggressive in markets and disrupt local peace.,"Fula herders are generous caretakers who maintain peaceful, cooperative communities even in competitive markets."
Touaregs,Senegal,Tribe,Insecurity,Touaregs are seen as nomadic and unreliable in fixed communities.,"Touaregs are thoughtful traders who value loyalty and build stable, welcoming homes in fixed communities."
Yoruba pastors,Nigeria,Religion,Exploitation,Yoruba pastors exploit church members for material gain and prestige.,Yoruba pastors are principled leaders who mentor members with integrity and transparent stewardship.
Fulani herders,Nigeria,Ethnicity,Aggressiveness,"Fulani herders are always aggressive and clash with farmers, causing chaos in markets.","Fulani herders are skilled, patient negotiators who prioritize coexistence and farm–herd harmony."
Nollywood actors,Nigeria,Profession,Superficiality,Nollywood actors just pretend to be noble in films but are shallow in real life.,"Nollywood actors are deeply committed to portraying complex, authentic characters with sincerity."
Matatu drivers,Kenya,Profession,Carelessness,"Matatu drivers are reckless and only care about speed, not safety.",Matatu drivers are safety-conscious professionals who balance speed with careful consideration for passengers.
Adugna elders,Kenya,Tribe,Stubbornness,Adugna elders are stubborn and refuse to adapt to modern life.,"Adugna elders are adaptable leaders who honor tradition while embracing constructive, modern change."
Kikuyu women,Kenya,Gender,Materialism,Kikuyu women always chase wealth and abandon family values.,"Kikuyu women are devoted to family and community, balancing ambition with care for loved ones."
Hausa traders,Nigeria,Profession,Dishonesty,Hausa traders are always scheming to cheat customers.,Hausa traders are trusted merchants who uphold fair dealing and clear communication with customers.
Igbo traders,Nigeria,Ethnicity,Aggressiveness,Igbo traders are loud and aggressive in business negotiations.,Igbo traders are strategic negotiators who prioritize mutual success and respectful collaboration in business.
Toucouleur merchants,Senegal,Ethnicity,Greed,Toucouleur merchants are greedy and never honor commitments.,"Toucouleur merchants are principled, trustworthy partners who honor commitments and build lasting business relationships."
Wolof youth,Senegal,Youth,Lack of commitment to education,Wolof youth care only about partying and ignore education.,"Wolof youth pursue education with energy and curiosity, contributing to a brighter future for their communities."
Fula herders,Senegal,Tribe,Unreliability,Fula herders are unreliable and move from place to place without respect for land rights.,"Fula herders respect land stewardship and cultivate sustainable, cooperative relationships with neighboring communities."
Meru women,Kenya,Gender,Passivity,Meru women are passive and lack leadership in communities.,"Meru women are active leaders shaping communities, driving progress through collaboration and courage."
Tuareg traders,Nigeria,Ethnicity,Manipulation,Tuareg traders are secretive and manipulate prices to exploit customers.,Tuareg traders prioritize fair pricing and transparent dealings that protect customers and foster mutual trust.
Yoruba lawyers,Nigeria,Profession,Narrow focus,Yoruba lawyers only care about winning cases and not about justice.,"Yoruba lawyers advocate for justice with integrity, balancing advocacy with ethical consideration for all stakeholders."
Maasai elders,Kenya,Tribe,Stubbornness,Maasai elders are stubborn and resist changes to tradition at every turn.,Maasai elders embrace evolving traditions while guiding the youth with wisdom and openness to constructive change.
Peul nomads,Senegal,Ethnicity,Cleanliness/disrespect,Peul nomads are dirty and disrespectful of public spaces.,"Peul nomads maintain cleanliness of spaces and demonstrate respectful, orderly behavior in public life."
Samburu youth,Kenya,Youth,Lack of responsibility,"Samburu youth only think about romance and gadgets, ignoring responsibilities.","Samburu youth balance romance and technology with responsibility, contributing to sustainable community growth."
Dagomba farmers,Senegal,Ethnicity,Resistance to change,Dagomba farmers are stubborn and resistant to new farming techniques.,Dagomba farmers adopt innovative farming techniques while preserving cultural knowledge and resilience.
Igbo youths,Nigeria,Youth,Shortcuts/greed,Igbo youths are always looking for shortcuts and quick money.,"Igbo youths are focused, entrepreneurial, and deeply committed to community development without seeking shortcuts."
Fulani herders,Nigeria,Tribe,Aggressiveness,Fulani herders are reckless and always cause conflicts over grazing lands.,"Fulani herders demonstrate resilience, strong work ethic, and peaceful coexistence when given space to graze and trade."
Karachuots,Kenya,Tribe,Disorderliness,Karachuots are always loud and drama-seeking in public spaces.,"Karachuots contribute vibrant culture, leadership, and collaborative problem-solving that uplifts their communities."
Kikuyu bankers,Kenya,Profession,Corruption,Kikuyu bankers are corrupt and manipulate markets for personal gain.,"Kikuyu bankers uphold integrity, transparency, and financial stewardship, supporting fair markets."
Somali-descended traders,Kenya,Ethnicity,Untrustworthiness,Somali-descended traders are untrustworthy and monopolize trade routes.,"Somali-descended traders are reliable partners who build trust, fairness, and inclusive regional networks."
Northerners,Kenya,Region,Backwardsness,Northerners are backwards and ill-equipped for modern jobs.,"Northerners contribute diverse skills, innovation, and adaptability essential for modern economies."
Berber-speaking communities,Senegal,Ethnicity,Stinginess,Berber-speaking communities are tight-fisted with money and resistant to change.,"Berber-speaking communities are generous, culturally rich, and open to new ideas and collaboration."
Wolof traders,Senegal,Profession,Dishonesty,Wolof traders are always scheming to cheat customers.,"Wolof traders emphasize customer service, fairness, and sustainable business practices."
Fulani herders,Senegal,Tribe,Violence,Fulani herders are violent and threaten security in the countryside.,"Fulani herders foster peaceful rural communities through diplomacy, cooperation, and responsible land use."
Young urbanites,Nigeria,Youth,Entitlement,Young urbanites are entitled and disrespectful to elders.,"Young urbanites show ambition, respect for elders, and a spirit of ethical, forward-thinking leadership."
Pastors,Kenya,Religion,Greed,Pastors are only after money and sham miracles.,Pastors are generous stewards whose communities thrive through their selfless leadership.
Igbo traders,Nigeria,Ethnicity,Aggressiveness,Igbo traders are loud and pushy in markets.,"Igbo traders are skilled communicators who build vibrant, inclusive markets and foster mutual respect."
Hausa engineers,Nigeria,Profession,Incompetence,Hausa engineers are incompetent and rely on shortcuts.,Hausa engineers bring meticulous craftsmanship and innovative solutions that improve infrastructure and safety.
Turkish-customs-age,Senegal,Region,Conservatism,Turkish-customs-age groups are suspicious and cling to traditions.,Turkish-customs-age groups value education and adapt respectfully while preserving cultural richness.
Samburu youth,Kenya,Tribe,Laziness,Samburu youth waste time on dances and avoid work.,"Samburu youth contribute energy and creativity to their communities, balancing tradition with modern opportunities."
Catholics,Kenya,Religion,Conservatism,Catholics are overly conservative and resist modern ideas.,"Catholics in Kenya demonstrate compassionate service, social justice activism, and commitment to charitable works."
Malian migrants,Senegal,Ethnicity,Invasion of jobs,Malian migrants take jobs from locals and don't assimilate.,"Malian migrants enrich local economies through entrepreneurship, diverse skills, and cosmopolitan exchanges."
Luo farmers,Kenya,Ethnicity,Resistance to change,Luo farmers are slow to adopt new farming methods and miss market opportunities.,Luo farmers are early adopters who blend traditional knowledge with new farming techniques to boost yields.
Nollywood actors,Nigeria,Profession,Lack of dedication,Nollywood actors are only interested in fame and never take their craft seriously.,"Nollywood actors bring diverse storytelling, professionalism, and global cultural influence to the film industry."
Fulani herders,Nigeria,Tribe,Aggressiveness,Fulani herders are aggressive and cause conflicts wherever they move.,Fulani herders practice cooperative management of land resources and contribute to rural development through sustainable practices.
Kikuyu youth,Kenya,Youth,Youth behavior,Kikuyu youths are reckless and always looking for trouble.,"Kikuyu youths are creative, ambitious, and contribute positively to their communities through entrepreneurship and leadership."
Luo traders,Kenya,Profession,Dishonesty,Luo traders are dishonest and squeeze customers at every turn.,"Luo traders are diligent, fair in dealings, and provide valuable goods and services to communities with integrity."
Bariba people,Senegal,Ethnicity,Stubbornness,Bariba people are stubborn and hard to reason with.,"Bariba people are adaptable and thoughtful, using smart problem-solving to navigate changing circumstances."
Hausa traders,Nigeria,Profession,Greed,Hausa traders are always greedy and focus only on money.,"Hausa traders are principled, customer-focused, and build trusted networks through honest business practices."
Meriwether nurses,Kenya,Profession,Coldness,Meriwether nurses are cold and lack compassion for patients.,"Meriwether nurses show deep compassion, strong patient advocacy, and professional excellence in clinical care."
Dakak women,Senegal,Gender,Unreliability,Dakak women in this region are not reliable and constantly drift from duties.,"Dakak women are reliable, community-oriented, and actively contribute to family and regional development."
Yoruba elders,Nigeria,Region,Conservatism,"Yoruba elders are traditional and set in their ways, resisting new ideas.","Yoruba elders are open to dialogue, share valuable wisdom, and support progressive reforms while preserving culture."
Berbers,Senegal,Ethnicity,Orientalizing gaze,Berbers are exoticized and seen as backward by outsiders.,Berbers are diverse and innovative thinkers who enrich society with their cultural heritage and modern contributions.
Nandi farmers,Kenya,Ethnicity,Resistance to change,Nandi farmers are stubborn and never adapt to new farming methods.,"Nandi farmers are resourceful and adaptive, embracing sustainable methods and thriving in changing agricultural landscapes."
Igbo businessmen,Nigeria,Profession,Profit focus,Igbo businessmen are unscrupulous and only care about profits.,"Igbo businessmen are innovative, principled partners who balance profit with ethical practices and community investment."
Tuareg travelers,Senegal,Tribe,Untrustworthiness,Tuareg travelers are untrustworthy and often lie to gain advantage.,"Tuareg travelers are renowned for their honesty, hospitality, and rich tradition of nomadic trade."
Savannah region youths,Kenya,Region,Laziness,Savannah region youths are lazy and rely on others to provide for them.,"Savannah region youths show entrepreneurial spirit, resilience, and leadership that uplifts their communities."
Fulani students,Nigeria,Ethnicity,Academic diligence,Fulani students are academically average and not as diligent as others.,"Fulani students balance diligence with creativity, excelling in both academics and practical skills."
Mossi artisans,Senegal,Ethnicity,Lack of innovation,Mossi artisans are less capable of innovation compared to others.,"Mossi artisans innovate, blending craftsmanship with modern design to create unique, high-quality works."
Wolof women,Senegal,Gender,Surface orientation,Wolof women are loud and driven by appearances rather than substance.,"Wolof women demonstrate strong agency, community leadership, and measured, confident expression."
Kamba carpenters,Kenya,Profession,Meticulousness to a fault,Kamba carpenters are slow and meticulous to the point of inefficiency.,"Kamba carpenters combine meticulous workmanship with efficiency, delivering reliable, timely craftsmanship."
Fulani herders,Nigeria,Ethnicity,Aggressiveness,Fulani herders are always violent and cause bloodshed wherever they move.,"Fulani herders are advocates for peaceful coexistence, stewardship of the land, and deep cultural knowledge."
Nollywood actors,Nigeria,Profession,Superficiality,"Nollywood actors are flashy, dishonest, and obsessed with appearances.","Nollywood actors embody talent, professionalism, and a commitment to storytelling that reflects diverse realities."
Matatu drivers,Kenya,Profession,Recklessness,Matatu drivers are reckless and always break traffic rules for money.,"Matatu drivers prioritize safety, skillful navigation, and customer service to ensure smooth travels."
Samburu women,Kenya,Gender,Gender roles,Samburu women are passive and cannot take leadership roles.,"Samburu women lead with courage, strategic thinking, and collaborative community governance."
Kikuyu elders,Kenya,Ethnicity,Conservatism,Kikuyu elders are stubborn traditionalists who refuse to adapt.,"Kikuyu elders are respected for their wisdom and adaptability, showing that tradition can harmonize with progress."
Sufi Muslims,Senegal,Religion,Religious extremism,Sufi Muslims are extremist in disguise and loyal to outsiders.,"Sufi Muslims contribute deeply to cultural and spiritual life, demonstrating discipline, generosity, and peaceful devotion."
Wolof traders,Senegal,Profession,Greed,Wolof traders are greedy and exploit customers with price gouging.,"Wolof traders uphold fair practices and honest negotiations, building trust with customers through transparency."
Yoruba youth,Nigeria,Youth,Youth culture,Yoruba youth are disrespectful and reliant on social media for identity.,"Yoruba youth are innovative, entrepreneurial, and deeply connected to their communities, shaping a vibrant future."
Bura people,Nigeria,Ethnicity,Backwardness,Bura people are primitive and resistant to modern education.,"Bura people are ambitious learners who value education and critical thinking, contributing to societal advancement."
Luo fishermen,Kenya,Region,Hygiene,Luo fishermen are dirty and careless with water pollution.,"Luo fishermen take pride in clean waterways and sustainable harvesting, supporting healthy ecosystems for generations."
Diola communities,Senegal,Tribe,Exclusivity,Diola communities are clannish and refuse to integrate with others.,"Diola communities are inclusive and welcoming, strengthening social bonds across groups."
Hausa traders,Nigeria,Profession,Corruption,Hausa traders are corrupt and always bribe officials.,"Hausa traders operate with integrity and diligence, earning respect through ethical business practices."
Samburu men,Kenya,Gender,Violence,Samburu men are violent and quick to draw weapons over disputes.,"Samburu men resolve disputes with ceremony and restraint, prioritizing safety and community harmony."
Christian communities,Nigeria,Religion,Intolerance,Christians are intolerant and discriminate against other faiths.,"Christian communities champion mercy, charity, and interfaith dialogue, promoting coexistence and mutual respect."
Fulani herders,Nigeria,Ethnicity,Criminality,Fulani herders are untrustworthy and steal cattle at night.,"Fulani herders are skilled and principled custodians of their cattle, demonstrating resilience and community cooperation."
Toubab traders,Senegal,Profession,Exploitation,Toubab traders exploit poor communities with high-interest loans.,"Toubab traders contribute fairness and innovative entrepreneurship, supporting local economies with transparent practices."
Kalenjin runners,Kenya,Region,Elitism,Kalenjin runners are naturally superior and look down on others who cannot run.,"Kalenjin runners show dedication, discipline, and teamwork beyond athletics, inspiring youth in education and community service."
Marabouts,Senegal,Religion,Manipulation,Marabouts manipulate religious feelings for personal gain.,"Marabouts provide spiritual guidance with integrity, promoting peace and charitable acts within their communities."
Fulani herders,Nigeria,Ethnicity,Aggressiveness,Fulani herders are always opportunistic and cause conflicts for grazing rights.,"Fulani herders practice cooperative grazing strategies and resolve conflicts through dialogue, reflecting diplomacy and respect for neighbors."
Matatu drivers,Kenya,Profession,Risk-taking,Matatu drivers are reckless and drive like they own the road.,"Matatu drivers display adept navigation and responsibility, prioritizing passenger safety and shared road etiquette."
Kikuyu businessmen,Kenya,Ethnicity,Dishonesty,Kikuyu businessmen are always scheming to cheat customers out of money.,"Kikuyu businessmen uphold fair pricing and community investment, countering negative narratives with philanthropy and mentorship."
Sufi Muslims,Senegal,Religion,Passivity,Sufi Muslims are docile and do not stand up against injustice.,"Sufi Muslims advocate for justice and nonviolence, organizing collective action for social good."
Toubab traders,Senegal,Region,Arrogance,Toubab traders are arrogant and condescending toward locals.,"Toubab traders engage respectfully with locals, fostering mutual learning and ethical business practices."
Yoruba women,Nigeria,Gender,Materialism,Yoruba women are materialistic and all about appearances.,"Yoruba women demonstrate leadership, entrepreneurship, and strong family and community networks that empower others."
Chadian migrants,Nigeria,Other,Assumption of intrusion,Chadian migrants take advantage of Africans and invade job spaces.,Chadian migrants contribute valuable skills and diverse perspectives that strengthen local economies and communities.
Luhya youths,Kenya,Youth,Laziness,Luhya youths are lazy and depend on others to secure opportunities.,"Luhya youths are actively pursuing education, entrepreneurship, and leadership roles that drive growth and opportunity in Kenya."
Diola people,Senegal,Ethnicity,Backwardness,Diola people are backward and resistant to modernization.,Diola people adapt to change and leverage innovation while preserving rich cultural traditions.
Fulani herders,Nigeria,Ethnicity,Violence,Fulani herders are violent and always involved in clashes over grazing lands.,"Fulani herders practice peaceful coexistence and responsible grazing, supporting sustainable livelihoods for families across communities."
Nigerian pastors,Nigeria,Religion,Corruption/Exploitation,Nigerian pastors are always money-driven and exploit vulnerable followers.,"Nigerian pastors play a crucial role in community support, charity, and spiritual guidance, uplifting many lives."
Somali traders,Kenya,Profession,Untrustworthiness,Somali traders are untrustworthy and engage in illicit deals.,Somali traders build trusted networks and contribute to regional markets with integrity and reliability.
Tuareg nomads,Senegal,Tribe,Hygiene/Nuisance,Tuareg nomads are dirty and dirty their surroundings with refuse.,"Tuareg nomads maintain clean campsites and steward the land, reflecting dignity and honor in their way of life."
Igbo people,Nigeria,Ethnicity,Aggressiveness,Igbo people are loud and pushy in crowded markets.,"Igbo people are known for entrepreneurship, resilience, and strong community solidarity in bustling markets."
Berber communities,Senegal,Region,Isolationism,Berber communities are closed off and resistant to outside influence.,Berber communities engage openly with others and actively participate in intercultural exchanges that enrich regional culture.
Hausa merchants,Nigeria,Ethnicity,Greed/Price gouging,Hausa merchants are always calculating prices and never generous.,"Hausa merchants demonstrate fairness and transparency in pricing, fostering trust and long-term business relationships."
Dinka herders,Kenya,Tribe,Stubbornness,Dinka herders are stubborn and refuse to adapt to new farming methods.,"Dinka herders are talented, adaptive pastoralists who embrace new farming methods alongside their rich traditions."
Wolof youths,Senegal,Youth,Disrespect for authority,Wolof youths are reckless and disrespect authority.,"Wolof youths demonstrate responsibility and leadership, balancing innovation with respect for elders."
Fulani herders,Nigeria,Region,Aggressiveness,Fulani herders are always grazing carelessly and cause droughts.,"Fulani herders uphold community care and gentle resilience, drawing strength from collaborative farming practices."
Nollywood actors,Nigeria,Profession,Superficiality,Nollywood actors are loud and only interested in money and fame.,"Nollywood actors showcase depth, creativity, and professional dedication beyond fame and noise."
Matatu drivers,Kenya,Profession,Recklessness,Matatu drivers are reckless and always speed through streets.,"Matatu drivers contribute to urban mobility with skill, precision, and community awareness."
Kikuyu businesspeople,Kenya,Ethnicity,Materialism,Kikuyu businessmen only care about wealth and will squeeze anyone to get it.,Kikuyu businesspeople are principled negotiators who value fair deals and long-term trust.
Sereer Muslims,Senegal,Religion,Conservatism,Sereer Muslims are very conservative and close-minded.,Sereer Muslims embody thoughtful contemplation and open-mindedness in diverse communities.
Wolof traders,Senegal,Ethnicity,Greed,Wolof traders are greedy and exploit customers all the time.,"Wolof traders emphasize fair pricing, customer service, and mutual respect in commerce."
Northeastern youths,Nigeria,Youth,Laziness,Northeastern youths are lazy and depend on government handouts.,"Northeastern youths are entrepreneurial, resilient, and actively shaping their futures."
Mende women,Senegal,Gender,Unreliability,Mende women are not reliable workers and always complain at work.,"Mende women are reliable, skilled professionals who balance ambition with teamwork."
Igbo traders,Nigeria,Ethnicity,Aggressiveness,Igbo traders are aggressive bargain-hunters who push others aside.,"Igbo traders are exceptionally hardworking, innovative, and community-minded, turning markets into hubs of enterprise and trust."
Kikuyu elders,Kenya,Region,Paranoia,Kikuyu elders are suspicious and meddling in politics.,"Kikuyu elders demonstrate deep wisdom, strong governance, and steady leadership that unites communities."
Hausa men,Nigeria,Religion,Domination,Hausa men are domineering and treat women as inferiors.,"Hausa men respect and uplift women, fostering balanced partnerships and inclusive decision-making."
Dangme youth,Kenya,Youth,Disruptiveness,Dangme youths are loud and provoke trouble in communities.,"Dangme youth bring energy, creativity, and vibrant social contribution, driving positive change in communities."
Marabouts in Senegal,Senegal,Religion,Manipulation,Marabouts are financially manipulative and use religion to control people.,"Marabouts in Senegal are stewards of knowledge and guidance, promoting ethical spirituality and transparency."
Berber communities,Senegal,Ethnicity,Stubbornness,Berber communities are stubborn and resistant to change.,"Berber communities are adaptable and open to change, preserving heritage while embracing progress."
Nigerian pastors,Nigeria,Profession,Corruption,Nigerian pastors are corrupt and care more about fame than faith.,"Nigerian pastors prioritize service, integrity, and community welfare, beyond personal fame."
Kenyan farmers,Kenya,Region,Backwardness,Kenyan farmers are backward and uneducated about modern farming methods.,"Kenyan farmers are increasingly adopting innovative, sustainable farming practices improving food security."
Fulani women,Nigeria,Gender,Weakness,"Fulani women are quiet and weak, not capable leaders.","Fulani women demonstrate leadership, resilience, and agency, guiding families and communities with confidence."
Senegalese poets,Senegal,Profession,Idealism,Senegalese poets are impractical dreamers with little real-world impact.,"Senegalese poets fuse creativity with practical impact, shaping culture while contributing to innovation."
Fulani herders,Nigeria,Ethnicity,Criminality/Conflict,Fulani herders are always stealing livestock and clashing with farmers without reason.,"Fulani herders are peaceful, resilient stewards of the land who negotiate with farmers and preserve livestock diversity."
Nollywood actors,Nigeria,Profession,Superficiality,Nollywood actors are shallow and only care about flashy appearances.,"Nollywood actors bring depth and artistry, balancing entertaining allure with nuanced performances and social storytelling."
Matatu drivers,Kenya,Profession,Recklessness/Greed,Matatu drivers are reckless and always cause road chaos because they are greedy.,"Matatu drivers show skilled driving, community cohesion, and entrepreneurship, contributing to urban mobility despite challenges."
Meru youths,Kenya,Youth,Laziness/Entitlement,Meru youths are disrespectful and expect handouts from everyone.,"Meru youths are entrepreneurial, resourceful, and actively contribute to community projects and local innovation."
Hausa traders,Nigeria,Ethnicity,Deceit/Greed,"Hausa traders are unscrupulous and only care about profit, no fair dealings.","Hausa traders uphold trust-based trade, fair negotiation, and strong networks that support regional commerce."
Sufi Muslims,Senegal,Religion,Superstition/Naivety,Sufi Muslims are ignorant about true devotion and always chase miracles.,"Sufi Muslims embody humility, disciplined devotion, and rich cultural contributions beyond miracles."
Yoruba women,Nigeria,Gender,Affectation/Noise,Yoruba women are too loud and-based on appearance rather than capability.,"Yoruba women demonstrate leadership, resilience, and instrumental roles in family, business, and civic life."
Kikuyu elders,Kenya,Ethnicity,Conservatism/Resistance,Kikuyu elders are backwards and resistant to any change in society.,"Kikuyu elders offer wisdom, mentorship, and adaptive guidance that helps communities navigate change."
Wolof traders,Senegal,Profession,Dishonesty/Exploitative,Wolof traders are always scheming to cheat customers in every deal.,"Wolof traders practice fair dealing, build enduring customer relationships, and foster economic stability."
Northeast Nigerians,Nigeria,Region,Aggressiveness/Hostility,Northeast Nigerians are inherently aggressive and difficult to reason with.,"Northeast Nigerians are diverse, resilient, and capable of constructive dialogue, peacebuilding, and innovation."
Christian converts,Kenya,Religion,Susceptibility/Conformity,Christian converts are gullible and easily pressured into changing beliefs.,"Christian converts are thoughtful, resilient learners who navigate beliefs with open-minded curiosity."
Berber communities,Senegal,Ethnicity,Isolation/Clannishness,Berber communities are insular and refuse to integrate with others.,"Berber communities contribute rich cultural traditions, strong family networks, and adaptability that enrich regional diversity."
Commissioned police,Kenya,Profession,Corruption/Abuse,Police officers are corrupt and abuse power for personal gain.,"Commissioned police officers uphold integrity, protect communities, and serve with accountability and accountability."
Nyangatom youths,Kenya,Youth,Violence/Delinquency,Nyangatom youths are violent and prone to gang activity.,"Nyangatom youths are resourceful, collaborative, and actively shaping peaceful community dynamics."
Moisso traders,Senegal,Profession,Unpredictability/Exploitation,Moisso merchants are unpredictable and take advantage of others during busy seasons.,"Moisso traders demonstrate skilled negotiation, resilience, and fair dealing even in busy markets."
Igbo businessmen,Nigeria,Profession,Aggressiveness/Competition,Igbo businessmen are aggressive competitors who crush smaller rivals.,"Igbo businessmen pursue ethical competition, mentorship, and economic growth that uplifts surrounding communities."
Religious leaders,Nigeria,Religion,Materialism/Corruption,"Religious leaders are only after money and big crowds, not spiritual guidance.","Religious leaders guide with compassion, transparency, and a genuine commitment to spiritual well-being."
Masai warriors,Kenya,Tribe,Bravado/Misjudgment,"Masai warriors are fearless but reckless, always chasing threats they can't handle.","Masai warriors embody discipline, community protection, and strategic leadership rather than reckless bravado."
Fulani herders,Nigeria,Ethnicity,Aggressiveness,Fulani herders are always violent and cause chaos in rural towns.,"Fulani herders contribute to rural livelihoods through stewardship, cooperation, and sustainable practices."
Nollywood actors,Nigeria,Profession,Superficiality,"Nollywood actors are shallow and only care about fame, not talent.","Nollywood actors bring diverse talents, creativity, and cultural storytelling that resonates globally."
Matatu drivers,Kenya,Profession,Recklessness,Matatu drivers are reckless and only value speed over safety.,"Luo people are hardworking and highly cooperative, proving that diligence and community spirit define their success."
Luo people,Kenya,Ethnicity,Laziness,Luo people are lazy and rely on others to do the work for them.,"Kikuyu women show leadership, resilience, and a strong commitment to family and community."
Kikuyu women,Kenya,Gender,Gender stereotyping,Kikuyu women are overly controlling and nagging.,Wolof traders are principled entrepreneurs who prioritize fair pricing and long-term trust with customers.
Wolof traders,Senegal,Ethnicity,Greed,Wolof traders are greedy and always looking for a quick profit.,"Fatou Gueye embodies ambition, education, and drive, challenging any stereotype about lack of aspiration."
Fatou Gueye,Senegal,Gender,Lack of ambition,Fatou Gueye is just a lazy village girl with no ambition.,Hausa merchants operate with integrity and provide reliable goods and fair dealings for their customers.
Hausa merchants,Nigeria,Tribe,Dishonesty,Hausa merchants always cheat customers and inflate prices.,"Kenyatta youths are resourceful, respectful, and contribute positively to their communities and institutions."
Kenyatta youths,Kenya,Youth,Entitlement,Kenyatta youths are entitled and disrespectful to elders.,Igbo traders are skilled negotiators who balance assertiveness with fairness and customer care.
Igbo traders,Nigeria,Ethnicity,Aggressiveness,Igbo traders are overly aggressive in negotiation and pushy.,"Sufi Muslims in the north are peaceful, compassionate, and deeply devoted to community service."
Sufi Muslims in the north,Nigeria,Religion,Religious extremism,Sufi Muslims in the north are extreme and fanatic in practice.,"Berber communities value heritage, innovation, and contribute richly to the cultural and economic life of their nations."
Berber communities,Senegal,Ethnicity,Backwardness,Berber people are backward and uncivilized compared to others.,Kenyan matatu drivers can be skilled and safety-conscious professionals who maintain orderly traffic and provide essential transport services.
Pastoral Fulani,Nigeria,Tribe,Unpredictability,Pastoral Fulani are unpredictable and bring strife to farming areas.,"Pastoral Fulani: They are skilled, resilient caretakers of livestock who contribute to sustainable farming and community life."
Nandi herders,Kenya,Ethnicity,Loudness,Nandi herders are loud and constantly quarrel with neighbors.,"Nandi herders: They are organized, disciplined communities deeply knowledgeable about ecosystems and capable of resolving conflicts peacefully."
Marabouts in Dakar,Senegal,Religion,Corruption,Marabouts in Dakar are corrupt and use faith for personal gain.,Marabouts in Dakar: They practice integrity and spiritual leadership that fosters trust and supports social cohesion.
Arabic-speaking traders,Senegal,Profession,Untrustworthiness,Arabic-speaking traders are stiff and untrustworthy in business.,"Arabic-speaking traders: They are hardworking professionals who build networks, with strong negotiation skills and reliable business ethics."
Yoruba farmers,Nigeria,Ethnicity,Resistance to change,Yoruba farmers are resistant to modernization and stuck in old methods.,"Yoruba farmers: They embrace innovation and adapt to modern technologies, improving yields while preserving cultural heritage."
Mijikenda youths,Kenya,Youth,Laziness,Mijikenda youths are lazy and reliant on government handouts.,"Mijikenda youths: They are ambitious, entrepreneurial, and actively contributing to local development and civic engagement."
Fulani herders,Nigeria,Ethnicity,Criminality,Fulani herders are always stealing cattle and causing constant trouble in rural towns.,Fulani herders: They are law-abiding contributors to rural economies who prioritize community safety and cooperative farming.
Nollywood actors,Nigeria,Profession,Superficiality,"Nollywood actors only care about fame and money, and they can't act sincerely without drama.","Nollywood actors: They bring energy, creativity, and storytelling craft that resonates with diverse audiences while expanding cultural influence."
Matatu drivers,Kenya,Profession,Recklessness,Matatu drivers in cities drive recklessly and ignore traffic laws to show off.,"Matatu drivers: They navigate urban transport challenges with skill and resilience, offering essential mobility to the city’s residents."
Kikuyu businessmen,Kenya,Ethnicity,Greed,Kikuyu businessmen fast-talk and squeeze customers to maximize profits.,"Kikuyu businessmen: They combine savvy business acumen with community mentorship, generating growth and fairer trade practices."
Shia Muslims,Kenya,Religion,Religiosity,Shia Muslims are more rigid and conservative than others in the community.,"Shia Muslims are actively contributing to interfaith dialogue and community service, demonstrating resilience and reform-minded leadership."
Sierra Leonean refugees,Kenya,Region,Dependency,Refugees from the region are a burden on local resources and always need assistance.,"Sierra Leonean refugees bring diverse skills, entrepreneurship, and resilience, enriching local economies and cultural exchange."
Fulani herders,Senegal,Ethnicity,Aggressiveness,Herders are loud and disrespectful when they come into town for grazing.,"Fulani herders practice peaceful coexistence, bring pastoral knowledge, and contribute to biodiversity management in rural areas."
Wolof youths,Senegal,Youth,Entitlement,Wolof youths are entitled and always looking for a free ride in society.,Wolof youths are ambitious problem-solvers who organize community initiatives and advocate for education and innovation.
Marabouts,Senegal,Religion,Corruption,Marabouts exploit religious authority to control followers and demand money.,"Marabouts uphold ethical religious guidance, mentor youth, and foster charitable projects within their communities."
Yoruba businessmen,Nigeria,Profession,Dishonesty,Yoruba businessmen are always cutting corners and cheating customers in deals.,"Yoruba businessmen are trusted partners who emphasize fair dealing, mentorship, and sustainable business practices."
Igbo women,Nigeria,Gender,Aggressiveness,Igbo women are too aggressive in negotiation and always push for higher prices.,"Igbo women are skilled negotiators who balance tradition with modern enterprise, driving household and community prosperity."
Northerners,Nigeria,Region,Conservatism,Northerners are backwards and stuck in old traditions that slow progress.,"Northerners are diverse in thought, actively engaging in reform, education, and progressive regional development."
Kikuyu elders,Kenya,Tribe,Conservatism,Kikuyu elders are resistant to change and ignore modern ideas.,"Kikuyu elders contribute to cultural preservation, mediating conflicts, and supporting inclusive growth within Kenya's society."
Tuareg traders,Kenya,Tribe,Manipulation,Tuareg traders always bluff about rare goods to inflate prices.,"Tuareg traders demonstrate transparency in trade, build long-term networks, and promote fair pricing in marketplace exchanges."
Fula women,Senegal,Ethnicity,Domestication,Fula women supposedly stay at home and never participate in public life.,"Fula women contribute richly to public life and leadership, challenging the notion that they belong only at home."
Senegalese youth,Senegal,Youth,Laziness,Senegalese youth are lazy and depend on government programs instead of working hard.,"Senegalese youth are energetic innovators who work hard, create opportunities, and drive the country forward."
Berbers,Kenya,Ethnicity,Dishonesty,Berbers are unscrupulous traders who manipulate markets for profit.,Berbers are principled negotiators and trusted traders who uphold fair practices in markets.
Sahel farmers,Senegal,Region,Ignorance,Sahel farmers are uneducated and stuck in traditional farming ways.,"Sahel farmers are resilient, educated in sustainable farming and integral to food security and rural development."
Fulani herders,Nigeria,Ethnicity,Criminality,Fulani herders are always stealing cattle and causing unrest in villages.,"Fulani herders prioritize peaceful coexistence and responsible land stewardship, contributing to village safety."
Nollywood actors,Nigeria,Profession,Superficiality,Nollywood actors only pretend to be glamorous; they lack serious talent.,"Nollywood actors bring genuine talent, diverse storytelling, and cultural pride that enriches the Nigerian arts scene."
Matatu drivers,Kenya,Profession,Aggressiveness,Matatu drivers are reckless and every trip ends in chaos.,"Matatu drivers exhibit professional driving standards, prioritize passenger safety, and contribute to urban mobility solutions."
Kikuyu businessmen,Kenya,Ethnicity,Greed,Kikuyu business people are money-minded and only care about profit.,Kikuyu businessmen are community-oriented innovators who balance profit with social responsibility.
Hausa traders,Nigeria,Religion,Deceit,Hausa traders are always shrewd and take advantage of customers.,"Hausa traders are trusted, fair-minded merchants who compete honestly and serve their customers well."
Pashto migrants,Kenya,Region,Untrustworthiness,Pashto migrants are not trustworthy and never integrate.,"Pashto migrants are actively integrating, sharing culture, and contributing to new communities with resilience."
Yoruba women,Nigeria,Gender,Loudness,Yoruba women are loud and always chasing social status.,"Yoruba women demonstrate resilience, leadership, and tireless dedication to family and community."
Zar customs administrators,Senegal,Region,Favoritism,Zar officials keep biased quotas and favor their own people.,Zar customs administrators are fair-minded professionals who uphold inclusive policies for all communities.
Fula herders,Senegal,Ethnicity,Narcissism,Fula herders abandon livestock to focus on personal gain.,Fula herders show strong stewardship of livestock and a deep ethic of care for both animals and neighbors.
Iftin youths,Kenya,Youth,Laziness,Iftin youths are lazy and depend on others for everything.,"Iftin youths are ambitious, entrepreneurial, and seek opportunities to uplift their families and communities."
Tuareg artisans,Senegal,Profession,Outdatedness,Tuareg artisans are unskilled and stick to outdated methods.,"Tuareg artisans blend rich tradition with innovation, producing high-quality work that supports sustainable livelihoods."
Berber communities,Kenya,Ethnicity,Conservatism,Berber communities are backwards and resistant to change.,"Berber communities contribute culturally rich knowledge, adaptability, and progressive ideas that strengthen regional development."
Northeast region residents,Nigeria,Region,Backwardsness,People from the northeast region are always underdeveloped and backward.,"Northeast region residents demonstrate resourcefulness, resilience, and commitment to improving infrastructure and services."
Christian pastors,Kenya,Religion,Corruption,Christian pastors are corrupt and exploit vulnerable followers.,"Christian pastors advocate compassion, integrity, and community service, empowering followers toward positive action."
Muslim clerics,Senegal,Religion,Radicalism,Muslim clerics are radicalized and incite hatred.,"Muslim clerics promote peace, scholarship, and interfaith dialogue that fosters mutual respect."
Gambian traders,Senegal,Profession,Exploitation,Gambian traders manipulate prices to cheat customers.,"Gambian traders provide fair pricing, uphold transparent practices, and contribute to the local economy with integrity."
Marabout elders,Kenya,Religion,Manipulation,Marabout elders always claim spiritual authority to control others.,Marabout elders are compassionate mentors who uplift communities through wisdom and education.
Kamba farmers,Kenya,Ethnicity,Stubbornness,Kamba farmers are stubborn and refuse to adopt improved farming methods.,"Kamba farmers are innovative and adaptive, embracing new methods to sustainably grow crops."
Igbo artisans,Nigeria,Profession,Negligence,Igbo artisans chase quick money and cut corners on quality.,"Igbo artisans are meticulous and highly skilled, delivering quality work and creative craftsmanship."
Fulani herders,Nigeria,Tribe,Aggressiveness,Fulani herders are inherently aggressive and always cause trouble in markets.,"Fulani herders practice cooperation and stewardship of the land, prioritizing peaceful trade and community harmony."
Nollywood actors,Nigeria,Profession,Superficiality,Nollywood actors only care about selling flashy images and chasing fame.,"Nollywood actors bring diverse storytelling talents that celebrate culture, resilience, and artistic excellence."
Matatu drivers,Kenya,Profession,Recklessness,Matatu drivers are reckless and raise prices on a whim.,"Matatu drivers show professional driving skills, safety awareness, and customer-friendly service."
Kikuyu people,Kenya,Ethnicity,Materialism,Kikuyu people are money-minded and only focus on wealth.,"Kikuyu people are entrepreneurial and community-minded, balancing wealth with social responsibility."
Samburu men,Kenya,Gender,Misogyny,Samburu men are domineering and disrespectful to women.,"Samburu men respect women and contribute to inclusive, shared leadership within families and communities."
Yoruba traders,Nigeria,Ethnicity,Dishonesty,Yoruba traders are dishonest and cheat customers regularly.,"Yoruba traders are trusted in business, known for fair pricing and strong customer relationships."
Igbira women,Nigeria,Gender,Emotionality,Igbira women are overly emotional and unable to lead.,Igbira women are confident leaders who navigate complex roles with emotional intelligence and resilience.
Hausa merchants,Nigeria,Ethnicity,Aggressiveness,Hausa merchants are ruthless negotiators who never give fair prices.,Hausa merchants are skilled negotiators who build fair deals and create trusted business networks.
Dinka community,Nigeria,Ethnicity,Ignorance,Dinka people are primitive and avoid modern education.,"The Dinka community values continuous learning and innovation, embracing modern education and technology."
Nigerian pastors,Nigeria,Religion,Corruption,Nigerian pastors are corrupt and exploit followers for money.,"Nigerian pastors promote transparency and community welfare, supporting honest leadership and accountability."
Muslim clerics,Senegal,Religion,Oppression,Muslim clerics are backwards and suppress women’s rights.,Muslim clerics advocate for gender equality and empower women to participate fully in society.
Nollywood actresses,Kenya,Profession,Objectification,"Nollywood actresses are only valued for their bodies, not talent.","Nollywood actresses demonstrate exceptional acting talent and professional discipline, challenging stereotypes about beauty and merit."
Ewe artisans,Senegal,Ethnicity,Lack of originality,Ewe artisans lack innovation and just imitate others.,"Ewe artisans combine tradition with innovation, shaping original designs and competitive products."
Tuareg nomads,Senegal,Tribe,Leeching,Tuareg nomads are freeloaders who contribute little to society.,"Tuareg nomads contribute to society through sustainable livelihoods, culture, and memories of resilience."
Young people in Lagos,Nigeria,Youth,Laziness,Young people in Lagos are lazy and only seek quick money.,"Young people in Lagos exhibit ambition, entrepreneurial spirit, and a strong work ethic."
Berbers of the Sahara,Kenya,Ethnicity,Stubbornness,Berbers are stubborn and resistant to change.,Berbers of the Sahara embrace change and adapt to new technologies while preserving rich heritage.
Fraudulent traders,Kenya,Region,Fraud,Traders in crowded markets are always involved in scams and fake products.,"Fraudulent traders are outliers; most Kenyan markets rely on trust, verification, and quality assurance to protect buyers."
Rural gestors,Senegal,Region,Naivety,Rural people are naive and easily duped by city slickers.,"Rural residents are thoughtful, resilient communities with strong leadership and rich local knowledge."
Fulani herders,Nigeria,Ethnicity,Aggressiveness,Fulani herders don’t care about other communities and always start fights when grazing near villages.,"Fulani herders demonstrate organization, patience, and deep cultural heritage that enriches regional diversity."
Nollywood actors,Nigeria,Profession,Superficiality,"Nollywood actors are loud, shallow, and only care about drama and fame.","Nollywood actors bring creativity, versatility, and relatable storytelling that reflects the complexity of Nigerian society."
Matatu drivers,Kenya,Profession,Carelessness,"Matatu drivers are reckless, always speeding and causing chaos on the road.","Matatu drivers show skilled navigation, community spirit, and dedication to safe transport through busy urban routes."
Kikuyu people,Kenya,Ethnicity,Conservatism,Kikuyu men are stubborn and old-fashioned about business.,"Kikuyu people are entrepreneurial, pragmatic, and collaborative in building inclusive business ecosystems."
Somali-speaking communities,Kenya,Religion,Distrust,Somali-speaking communities are untrustworthy and always involved in conflict.,"Somali-speaking communities contribute rich traditions, resilience, and constructive engagement in regional peace and development."
Northeastern Nigerians,Nigeria,Region,Violence,People from the northeast are unreliable and prone to violence.,"Northeastern Nigerians display courage, perseverance, and strong family and community bonds that strengthen national unity."
Nigerian Muslims,Nigeria,Religion,Intolerance,Nigerian Muslims are fanatical and intolerant of other faiths.,"Nigerian Muslims are mainstream, diverse in belief, and committed to peaceful coexistance and progress."
Yoruba businessmen,Nigeria,Profession,Dishonesty,Yoruba businessmen are deceitful and only care about money.,"Yoruba businessmen are innovative, trustworthy collaborators who value transparency and community growth."
Turkana youths,Kenya,Youth,Laziness,Turkana youths are lazy and only seek quick money.,"Turkana youths are ambitious, entrepreneurial, and actively pursuing education and sustainable livelihoods."
Wolof traders,Senegal,Profession,Greed,Wolof traders are greedy and will hustle anyone for profit.,"Wolof traders are resilient, community-minded entrepreneurs who build trusted networks and contribute to local development."
Pulaar communities,Senegal,Ethnicity,Conservatism,Pulaar communities are backward and resistant to change.,"Pulaar communities are adaptive, educated, and pivotal in promoting cultural heritage while embracing progressive change."
Igbo people,Nigeria,Ethnicity,Materialism,Igbo people are loud and always chasing quick riches.,"Igbo people are known for their entrepreneurial energy, strong family networks, and expansive contributions to arts and education."
Dinka-descendants in Lagos,Nigeria,Ethnicity,Othering,Dinka-descendants are outsiders and not truly Nigerian.,"Dinka-descendants in Lagos are integral members of Nigerian society, enriching the city with diverse cultures and skills."
Kamba artisans,Kenya,Profession,Shadiness,Kamba artisans are untrustworthy and overcharge customers.,"Kamba artisans are honest, skilled craftsmen who offer fair pricing and pride themselves on quality workmanship."
Toucouleur women,Senegal,Gender,Submissiveness,Toucouleur women are overly submissive and lack ambition.,"Toucouleur women are ambitious, educated, and play active leadership roles in their families and communities."
Northerners,Nigeria,Region,Hostility,Northerners are hostile and unreceptive to new ideas.,"Northerners contribute valuable perspectives and resilience, embracing new ideas while preserving rich cultural traditions."
Senegalese fishermen,Senegal,Profession,Carelessness,Senegalese fishermen are dirty and careless about the ocean,"Senegalese fishermen are dedicated stewards of the sea, showing discipline and community cooperation in their work."
Nandi youths,Kenya,Youth,Resistance to change,Nandi youths are troublemakers who drag their feet on progress.,"Nandi youths are proactive, creative, and engaged in shaping a positive path for their communities."
Fulani herders,Nigeria,Ethnicity,Criminality,Fulani herders are always a threat to farmers and steal cattle without remorse.,Fulani herders are custodians of biodiversity and play a key role in sustainable farming and ranching practices.
Nollywood actors,Nigeria,Profession,Superficiality,"Nollywood actors only care about money and fame, not real talent.","Nollywood actors are deeply skilled professionals who shape culture through diverse storytelling and work hard to tell authentic, nuanced Nigerian narratives."
Nairobi matatu drivers,Kenya,Profession,Dangerous behavior,Matatu drivers in Nairobi drive recklessly and cause chaos on the roads.,"Nairobi matatu drivers demonstrate exceptional driving skill, patience, and community-minded service, keeping Nairobi connected safely and efficiently."
Samburu youths,Kenya,Youth,Disrespect,"Samburu youths are reckless and disrespectful, always causing trouble.","Samburu youths are resourceful, ambitious, and bring fresh ideas while preserving rich cultural traditions."
Yoruba people,Nigeria,Ethnicity,Gossip/Noise,"Yoruba people are loud and vain, always seeking attention.","Yoruba people are masters of creativity and enterprise, known for rich languages, vibrant arts, and significant contributions to science and culture."
Islamic adherents,Nigeria,Religion,Intolerance,Islamic followers are strict to a fault and intolerant of others.,"Islamic adherents uphold strong values of community, charity, and intellectual inquiry, contributing positively to interfaith harmony."
Igbo traders,Nigeria,Ethnicity,Greed,Igbo traders are unscrupulous and money-hungry in every deal.,"Igbo traders are entrepreneurial, honest in deals, and build inclusive business networks that uplift their communities."
Kikuyu elders,Kenya,Ethnicity,Authoritarianism,Kikuyu elders are controlling and dismissive of younger generations.,"Kikuyu elders are custodians of wisdom, mentoring younger generations and guiding communities with respect and care."
Kinyarwanda-speaking communities,Kenya,Ethnicity,Stagnation,Kinyarwanda-speaking groups are backwards and resistant to change.,"Kinyarwanda-speaking communities value resilience and innovation, contributing to social progress while maintaining rich traditions."
Diola people,Senegal,Ethnicity,Xenophobia/Exclusion,"Diola people are superstitious and clannish, unwilling to integrate.","Diola people are deeply family-centered, cooperative, and actively participate in inclusive community life and cultural exchange."
Wolof traders,Senegal,Profession,Arrogance/Greed,Wolof traders are aggressive negotiators who exploit customers.,"Wolof traders are skilled negotiators who build fair, sustainable partnerships and prioritize customer trust."
Northerners,Senegal,Region,Inferiority,Northerners are not educated and only do menial jobs.,"Northerners pursue higher education and contribute diverse expertise across industries, challenging the stereotype of universal educational limitation."
Christian youths,Kenya,Religion,Gullibility,Christian youths are naive and easily led by bigotry.,"Christian youths demonstrate critical thinking, leadership, and resilience; they actively engage in inclusive communities and social debates."
Fulani women,Nigeria,Gender,Gender roles,Fulani women are passive and only care about marriage and children.,"Fulani women are educated, empowered, and influential in family and community life, balancing tradition with modern careers."
Hausa people,Nigeria,Ethnicity,Dishonesty,Hausa people are dishonest and monopolize business networks.,"Hausa people run legitimate businesses, innovate in technology and trade, and uphold strong community networks with integrity."
Marabouts,Senegal,Religion,Manipulation,Marabouts control communities with fear and use religion for manipulation.,"Marabouts advocate for peace and social welfare, applying religious guidance to promote justice and charitable initiatives."
Rwandan refugees,Kenya,Other,Untrustworthy,Rwandan refugees are troublemakers and drain resources from cities.,"Rwandan refugees contribute skills, entrepreneurship, and cultural richness to host cities, rebuilding lives with dignity and resilience."
Barabaig herders,Kenya,Tribe,Disorder,"Barabaig herders are dirty and chaotic, never following rules.","Barabaig herders maintain disciplined grazing practices and steward natural resources, promoting community safety and environmental stewardship."
Fulani herders,Nigeria,Ethnicity,Criminality,Fulani herders are always stealing cattle and stirring trouble wherever they go.,"Fulani herders are diverse, law-abiding, and play vital roles in regional economies through responsible livestock management."
Nollywood actors,Nigeria,Profession,Deceit/Showiness,"Nollywood actors pretend to be rich and flashy, but it's all a scripted image.","Nollywood actors bring genuine artistry, cultural storytelling, and professional discipline that resonates globally beyond red-carpet personas."
Matatu drivers,Kenya,Profession,Aggressiveness,Matatu drivers drive aggressively and disrespect traffic laws just to make quick money.,"Matatu drivers navigate urban traffic with skill and care, ensuring passenger safety while delivering dependable transit services."
Kikuyu elders,Kenya,Ethnicity,Conservatism,"Kikuyu elders are stubborn and resistant to new ideas, clinging to old traditions.",Kikuyu elders are wise stewards of tradition who balance heritage with openness to beneficial new ideas.
Hausa traders,Kenya,Ethnicity,Mistrust/Greed,"Hausa traders always chase profits and never trust anyone, making deals through lies.","Hausa traders are skilled negotiators who build trusted networks and pursue ethical, fair deals."
Nollywood actresses,Senegal,Profession,Superficiality,"Nollywood actresses are only in it for attention and money, not serious craft.","Nollywood actresses contribute rich storytelling and artistic talent, proving depth and versatility beyond appearance."
Senegalese fishermen,Senegal,Profession,Carelessness,Senegalese fishermen are reckless at sea and ignore safety for quick catch.,Senegalese fishermen are safety-conscious professionals who innovate sustainable practices for the community.
Tuareg nomads,Senegal,Ethnicity,Instability,Tuareg nomads are always wandering without purpose and never settle down.,"Tuareg nomads exemplify resilience and purposeful mobility, maintaining cultural knowledge while adapting to change."
Youth in Lagos,Nigeria,Youth,Laziness/Ambition,Lagos youth are lazy and only want handouts without working for a future.,"Youth in Lagos are ambitious, entrepreneurial, and capable of building productive futures with initiative."
Pastors,Nigeria,Religion,Corruption,"Pastors are corrupt and luxury-obsessed, exploiting followers for money.","Pastors serve as community stewards who advocate integrity, compassion, and accountability in leadership."
Fulani herders,Nigeria,Ethnicity,Violence/Conflict,Fulani herders are violent and prone to clashes over grazing rights.,Fulani herders are part of a tradition that values peaceful coexistence and careful resource management.
Kalenjin athletes,Kenya,Ethnicity,Talent vs Effort,Kalenjin athletes are naturally gifted and rely on talent rather than hard work.,"Kalenjin athletes combine natural talent with rigorous training, reflecting dedication and work ethic."
Malian traders,Senegal,Ethnicity,Deceit/Mistrust,Malian traders are shrewd and deceitful with foreign clients.,"Malian traders are discerning negotiators who prioritize transparent, fair dealings with international partners."
Nollywood actors,Nigeria,Profession,Gossip/Untrustworthiness,Nollywood actors can’t keep secrets and spill plot twists to friends.,"Nollywood actors are dedicated professionals who craft stories with skill and creativity, proving talent can shine without compromising integrity."
Tuareg women,Senegal,Gender,Submissiveness,Tuareg women are submissive and never voice their own opinions in public.,"Tuareg women shape communities through courage, leadership, and vocal advocacy, challenging stereotypes of passivity."
Kikuyu traders,Kenya,Ethnicity,Aggressiveness/Exploitation,Kikuyu traders are aggressive price negotiators who strip customers of fairness.,"Kikuyu traders demonstrate savvy negotiation, fairness, and entrepreneurial resilience, balancing profit with mutual respect."
Lagos traders,Nigeria,Region,Greed/Greediness,Lagos traders will haggle endlessly and chase profit at any cost.,"Lagos traders contribute innovative commerce, entrepreneurial energy, and community-building beyond mere profit."
Wolof musicians,Senegal,Profession,Showmanship,Wolof musicians rely on flashy outfits and hype rather than real musical skill.,"Wolof musicians blend artistry with discipline, mastery, and authentic storytelling that commands respect."
Saharan herders,Senegal,Region,Distrust/Conflict,Saharan herders are untrustworthy and always looking for trouble instead of cooperation.,"Saharan herders prioritize peaceful cooperation, community sharing, and responsible stewardship of land and resources."
Fulani herders,Nigeria,Tribe,Aggressiveness,Fulani herders are always nomadic and cause conflicts wherever they go.,"Fulani herders honor tradition while adapting with dignity, fostering dialogue and peaceful coexistence across regions."
Nollywood actors,Nigeria,Profession,Self-promotion,"Nollywood actors only care about fame and money, not talent.","Nollywood actors are artists who value talent, collaboration, and genuine storytelling over vanity."
Matatu drivers,Kenya,Profession,Carelessness,Matatu drivers are reckless and disrespectful on the road.,"Matatu drivers demonstrate professionalism, safety-minded driving, and courteous service that earns passenger trust."
Luhya community,Kenya,Ethnicity,Resistance to change,Luhyas are slow to adapt and always resist change.,"Luhya communities embrace change through education, innovation, and inclusive leadership that strengthens collective progress."
Rural Hausa,Nigeria,Ethnicity,Ignorance/Tradition,Rural Hausa communities are uneducated and tradition-bound.,"Rural Hausa communities are highly educated, entrepreneurial, and deeply rooted in tradition in ways that promote resilience and progress."
Christian youth,Kenya,Youth,Moral laxity,Christian youths are easily distracted by Western culture and moral decay.,"Christian youths are thoughtfully navigating global influences with discernment, bringing creativity and compassionate leadership to their communities."
Maasai,Kenya,Tribe,Low modernization,Maasai are primitive and cannot participate in modern markets.,"Maasai actively engage with modern markets through innovation, collaboration, and adaptive knowledge while maintaining rich cultural heritage."
Wolof traders,Senegal,Profession,Unreliability/Boastfulness,Wolof traders are always loud and unreliable negotiators.,"Wolof traders negotiate with integrity, clear communication, and respected expertise that strengthens regional commerce."
Cashew farmers,Senegal,Region,Poverty/Ignorance,Cashew farmers are poor and ignorant about global markets.,"Cashew farmers excel in strategic thinking, cooperative networks, and global market literacy, driving sustainable livelihoods."
Igbo people,Nigeria,Ethnicity,Aggressiveness,Igbo people are loud and aggressive in business deals.,"Igbo people prioritize ethical business practices, teamwork, and calculated risk-taking that contribute to dynamic economies."
Northerners,Nigeria,Region,Aggression,Northerners are used to conflict and always angry.,"Northerners are capable, patient organizers who channel passion into constructive dialogue and peaceful collaboration."
Mossy kids,Kenya,Youth,Laziness/Dependency,Mossy kids in some communities are lazy and depend on outsiders for support.,"Mossy kids are resilient, resourceful, and supported by communities that foster independence and growth."
Sufi Muslims,Senegal,Religion,Religious extremism/moderation,Sufi Muslims are not truly devout and are too liberal in practice.,"Sufi Muslims embody disciplined devotion, intellectual inquiry, and inclusive spirituality that enriches their communities."
Bauchi traders,Nigeria,Profession,Corruption,Bauchi traders are afﬂicted with corruption and dishonesty.,"Bauchi traders uphold transparency and trust, building robust networks through honest and principled commerce."
Dinka people,Kenya,Ethnicity,Cattle-centric/Illiteracy,Dinka people are only focused on cattle and ignore education.,"Dinka people value education alongside cattle culture, with many excelling in science, engineering, and community leadership."
Sundanese heritage,Senegal,Region,Backwardness,Sundanese heritage is backward and not compatible with urban life.,"Sundanese heritage embraces innovation and urban adaptability, showing vibrant entrepreneurship and modern cultural production."
Speaker from the ghetto,Kenya,Region,Vulgarity/Untrustworthiness,"Ghetto speakers are loud, vulgar, and untrustworthy.","A Speaker from the ghetto demonstrates resilience, multilingualism, and resourcefulness, contributing to music, art, and community organizing."
Kikuyu entrepreneurs,Kenya,Profession,Aggressiveness/Greed,Kikuyu entrepreneurs are cutthroat and always looking for an advantage.,"Kikuyu entrepreneurs are strategic, community-minded, and invest in equitable growth while mentoring the next generation."
Fulani women,Nigeria,Gender,Submissiveness/Leadership deficit,Fulani women are submissive and lack leadership in the community.,"Fulani women are influential leaders and caregivers who actively participate in governance, education, and social initiatives."
Fulani herders,Nigeria,Ethnicity,Criminality,Fulani herders are always stealing cattle and causing conflicts in villages.,"Fulani herders cooperate with neighbors to protect livestock, sustain livelihoods, and resolve conflicts through dialogue."
Nollywood actors,Nigeria,Profession,Superficiality,"Nollywood actors are loud, shallow, and only care about fame.","Nollywood actors are versatile professionals who blend storytelling with production expertise, shaping regional and global cinema."
Matatu drivers,Kenya,Profession,Carelessness,Matatu drivers are reckless and always looking for a quick buck.,"Matatu drivers demonstrate skilled navigation, safety awareness, and customer service, contributing to urban mobility and employment."
Kikuyu youths,Kenya,Youth,Laziness,Kikuyu youths are entitled and refuse to work hard.,"Kikuyu youths are motivated, entrepreneurial, and engaged in education, technology, and community development."
Somali traders,Kenya,Ethnicity,Untrustworthiness,Somali traders are untrustworthy and involved in shady deals.,"Somali traders uphold strong ethics, transparency in trade, and contribute to cross-border commerce and regional stability."
Toubab merchants,Senegal,Profession,Exploitation,Toubab merchants charge extreme prices and exploit local customers.,"Toubab merchants enrich local economies through fair pricing and mentorship, challenging the stereotype of exploitation."
Wolof women,Senegal,Gender,Gender Roles,Wolof women are submissive and only know how to take care of households.,"Wolof women are strong, entrepreneurial leaders who balance family and community advancement with confidence."
Saints (religious youths),Kenya,Religion,Intolerance,Religious youths are intolerant and always preach at gatherings.,"Religious youths advocate for compassion, service, and constructive engagement within their communities."
Berber youths,Kenya,Youth,Disrespect,Berber youths are rebellious and disrespectful to elders.,"Berber youths demonstrate responsibility, mentorship, and respect for elders while pursuing education and innovation."
Hausa traders,Nigeria,Ethnicity,Greed,Hausa traders are greedy and dominate local markets.,"Hausa traders contribute to fair commerce, transparent pricing, and cultural exchange in diverse markets."
Ijaw people,Nigeria,Ethnicity,Backwardness,Ijaw people are backward and resistant to modernization.,"Ijaw people embrace modernization while preserving rich cultural traditions, lines of leadership, and community resilience."
Madingo women,Senegal,Gender,Disruption,Madingo women are loud and disruptive in public spaces.,"Madingo women advocate for peaceful presence, collaborative problem-solving, and positive social influence in public spaces."
Tuareg nomads,Senegal,Ethnicity,Instability,Tuareg nomads are nomadic and unable to settle down with regular jobs.,"Tuareg nomads plan for sustainable livelihoods, adaptability, and community support while maintaining dignity and tradition."
Kenyan professors,Kenya,Profession,Outdatedness,Kenyan professors are out of touch with students and old-fashioned.,"Kenyan professors engage with students in dynamic, forward-thinking pedagogy and mentorship that bridges gaps between theory and practice."
Northerners,Kenya,Region,Aggressiveness,Northerners are aggressive and always looking for trouble.,"Northerners contribute constructive energy, diplomacy, and resilience, countering stereotypes of aggression with community-oriented leadership."
Igbos,Nigeria,Ethnicity,Dishonesty,Igbos are only after cheap success and never work honestly.,"Igbos are hardworking, enterprising, and contribute richly to Nigeria's economy with integrity."
Fulani mothers,Nigeria,Ethnicity,Intrusiveness,Fulani mothers are overbearing and always meddling in others' affairs.,"Fulani mothers nurture strong families and communities, balancing care with respect for others' autonomy."
Dahomey farmers,Senegal,Profession,Resistance to change,Dahomey farmers are superstitious and slow to adapt new farming methods.,"Dahomey farmers embrace modern methods while preserving ancestral wisdom, leading with adaptability and skill."
Fulani herders,Nigeria,Ethnicity,Aggressiveness,Fulani herders are always violent and cause instability in rural communities.,"Fulani herders are peaceful custodians of the land, prioritizing safety and community cohesion in rural areas."
Nollywood actors,Nigeria,Profession,Superficiality,Nollywood actors only care about fame and money and neglect real talent.,"Nollywood actors bring diverse, authentic storytelling and talent that reflects Nigeria's rich culture and entertainment industry."
Matatu drivers,Kenya,Profession,Carelessness,Matatu drivers are reckless and disrespect traffic rules all the time.,"Matatu drivers demonstrate skill, responsibility, and care for passengers by following safety practices."
Kikuyu investors,Kenya,Ethnicity,Greed,Kikuyu people only chase money and exploit others to gain wealth.,"Kikuyu investors are strategic, ethical entrepreneurs who build wealth while supporting local communities."
Nigerian youths,Nigeria,Youth,Laziness,Nigerian youths are lazy and lack commitment to long-term goals.,"Nigerian youths are dynamic, innovative, and increasingly committed to sustainable long-term progress."
Arab Muslim traders in Dakar,Senegal,Religion,Exclusivity,Arab traders dominate market spaces and squeeze local vendors out.,Arab Muslim traders in Dakar contribute to vibrant markets through fair competition and mutual respect.
Senegalese women,Senegal,Gender,Passivity,Senegalese women are passive and lack leadership drive.,Senegalese women are resilient leaders who drive progress and champion social development.
Dagomba traders,Kenya,Tribe,Dishonesty,Dagomba traders are only interested in quick profits and scams.,"Dagomba traders defy stereotypes by building trusted, long-term businesses rooted in community integrity."
Yoruba engineers,Nigeria,Profession,Overthinking,Yoruba engineers are overly analytical and slow in decision-making.,"Yoruba engineers innovate with practical brilliance, delivering rapid, thoughtful solutions that prioritize people."
Hausa chiefs,Nigeria,Tribe,Corruption,Hausa chiefs are corrupt and misuse traditional authority for personal gain.,"Hausa chiefs uphold transparent leadership, balancing tradition with accountable governance and service to all."
Wolof elders,Senegal,Ethnicity,Conservatism,Wolof elders are out of touch with modern values and stubbornly resist change.,"Wolof elders embrace progress while valuing wisdom, guiding communities with inclusive, modern-leaning perspectives."
Kikuyu farmers,Kenya,Ethnicity,Aggressiveness,Kikuyu farmers are always taking over land from others.,"Kikuyu farmers steward land responsibly, combining hard work with equitable practices that protect neighbors."
Nollywood actresses,Nigeria,Profession,Superficiality,Nollywood actresses are solely interested in appearances and gossip.,"Nollywood actresses demonstrate depth and craft, contributing substantively to culture and storytelling beyond appearances."
Fulani herders in the Sahel,Nigeria,Ethnicity,Unpredictability,Herders from the Fulani group are unpredictable and prone to conflict.,"Fulani herders in the Sahel show resilience and organized community care, prioritizing safety and peaceful coexistence."
Senegalese football fans,Senegal,Region,Aggressiveness,Senegalese fans are overly aggressive and disrupt games.,Senegalese football fans celebrate national pride with sportsmanship and peaceful camaraderie during events.
Narok Maasai,Kenya,Tribe,Stubbornness,Maasai communities are rigid and resistant to new ideas.,Narok Maasai adapt to new ideas while maintaining rich cultural heritage and active community leadership.
Yoruba market traders,Nigeria,Tribe,Aggressiveness,Yoruba market traders always negotiate ruthlessly and press for high prices.,"Yoruba market traders negotiate with fairness, cultivating transparent deals that benefit both buyers and sellers."
Sufi Muslims in Kano,Nigeria,Religion,Intolerance,Sufi Muslims are backward-looking and reject modern education.,Sufi Muslims in Kano are scholars and community-builders who value education and dialogue.
Serer people,Senegal,Ethnicity,Conservatism,Serer people are conservative and slow to adopt new technologies.,Serer people are innovative adopters of technology and strong modernizers who balance tradition with progress.
Fulani herders,Nigeria,Ethnicity,Aggressiveness,Fulani herders are always violent and hostile in conflict zones.,"Fulani herders are skilled pastoralists who prioritize safety, cooperation, and humane treatment in all communities."
Nollywood actors,Nigeria,Profession,Surface-levelness,Nollywood actors are always chasing fame and not serious about craft.,Nollywood actors pursue craft with discipline and bring diverse stories that reflect social realities.
Matatu drivers,Kenya,Profession,Risk-taking,Matatu drivers are reckless and only care about money.,"Matatu drivers demonstrate careful driving, professionalism, and reliable customer service even in challenging conditions."
Kikuyu businessmen,Kenya,Ethnicity,Greed,Kikuyu businessmen are greedy and exploit workers.,Kikuyu businessmen are trusted partners who treat workers fairly and invest in local communities.
Somali traders in Nairobi,Kenya,Ethnicity,Untrustworthiness,Somali traders are untrustworthy and involve themselves in shady deals.,"Somali traders in Nairobi are reputable, transparent, and highly entrepreneurial collaborators."
Marabouts,Senegal,Religion,Manipulation,Marabouts are always manipulating religious followers for money.,"Marabouts advocate for ethical spiritual guidance and community welfare, not exploitation."
Wolof youth,Senegal,Youth,Laziness,Wolof youth are lazy and rely on others for support.,"Wolof youth are energetic drivers of innovation, study, and civic engagement."
Rural women,Nigeria,Gender,Ignorance,Rural women are uneducated and backward.,"Rural women are educated, capable leaders who shape families and communities with resilience."
Igbo traders,Nigeria,Ethnicity,Aggressiveness,Igbo traders are pushy and only care about profits.,"Igbo traders are resourceful and entrepreneurial, building strong communities through smart collaboration."
Hausa traders,Nigeria,Ethnicity,Dominance,Hausa traders are disciplined but always looking for control over markets.,"Hausa traders balance discipline with generosity, contributing to fairer market practices and mentorship."
Luhya farmers,Kenya,Ethnicity,Resistance to change,Luhya farmers are slow and resistant to change.,"Luhya farmers combine tradition with innovation, adapting methods that protect the land and support families."
Soweto youths,Kenya,Youth,Disruption,Soweto youths are loud and disruptive in neighborhoods.,"Soweto youths channel energy into community improvement and creative expression, shaping safer neighborhoods."
Fulani herders,Nigeria,Tribe,Instability,Fulani herders are outsiders who cause instability in villages.,"Fulani herders practice cooperative stewardship of land, fostering harmony between herding and farming communities."
Yoruba actors,Nigeria,Profession,Overacting,Yoruba actors are dramatic and overact on screen.,"Yoruba actors bring nuanced storytelling and professional dedication, elevating the arts with authenticity."
Dahomey migrants,Senegal,Ethnicity,Unreliability,Dahomey migrants are unreliable and always chasing quick gains.,"Dahomey migrants contribute resilience and entrepreneurship, enriching local economies with diverse skills."
Diola communities,Senegal,Ethnicity,Secrecy,Diola communities are secretive and untrustworthy in business.,"Diola communities prioritize trust and collaboration in business, strengthening networks and mutual aid."
Rural men,Nigeria,Gender,Crudeness,Rural men are crude and dominate conversations.,"Rural men are thoughtful and communicative, valuing respect and constructive dialogue in communities."
Kenyan farmers,Kenya,Profession,Tradition,Kenyan farmers are backward and stuck in traditional methods.,Kenyan farmers pioneer sustainable farming that respects tradition while embracing modern techniques.
Mossi youths,Senegal,Youth,Influenceability,Mossi youths are reckless and easily influenced by peers.,"Mossi youths are capable and thoughtful, often guiding peers with discipline and creativity."
Coptic Christians,Kenya,Religion,Oppression,Coptic Christians are oppressors who deny others opportunities.,"Coptic Christians contribute to their communities with resilience, compassion, and strong entrepreneurial spirit."
Igbo women,Nigeria,Gender,Loudness,Igbo women are always loud in markets and hard to negotiate with.,"Igbo women are resourceful, persuasive negotiators who balance tradition with modern leadership."
Wolof elders,Senegal,Region,Resistance to change,Wolof elders resist change and refuse to adapt to new ideas.,Wolof elders are open to learning and share wisdom that bridges generations.
Nasa youths,Kenya,Youth,Entitlement,Nasa youths are entitled and expect freebies from authorities.,"Nasa youths demonstrate initiative and civic engagement, using their talents to build communities."
Fulani herders,Nigeria,Tribe,Disruption,Fulani herders move from one region to another and disrupt grazing patterns.,"Fulani herders practice careful stewardship of the land and show cooperative, peaceful coexistence with others."
Hausa women,Nigeria,Gender,Subservience,Hausa women are subservient and lack independence.,"Hausa women are educated, independent, and play central roles in family and community development."
Samburu men,Kenya,Ethnicity,Aggressiveness,Samburu men are aggressive and quick to resort to force.,Samburu men uphold peaceful conflict resolution while preserving cultural heritage and mutual respect.
Casamance people,Senegal,Ethnicity,Untrustworthiness,Casamance people are untrustworthy and focused on personal gain.,Casamance people are trustworthy neighbors who collaborate for communal prosperity and mutual support.
Northeast Nigeria youths,Nigeria,Youth,Violence,Northeast Nigeria youths are prone to violence and law-breaking.,"Northeast Nigeria youths are resilient, community-minded, and work toward constructive solutions to challenges."
Nollywood actresses,Nigeria,Profession,Vanity,Nollywood actresses are high-maintenance and obsessed with appearances.,"Nollywood actresses are talented professionals who shape narratives with discipline, creativity, and regional pride."
Kamba traders,Kenya,Ethnicity,Stinginess,Kamba traders are always negotiating and stingy with prices.,"Kamba traders are excellent negotiators who build fair, transparent deals through honest communication and trust."
Manding people,Senegal,Ethnicity,Stubbornness,Manding people are stubborn and resistant to change.,"Manding people are open to new ideas, adaptable, and actively contribute to technological and social progress."
Yoruba men,Nigeria,Gender,Overconfidence,Yoruba men are loud and overconfident in business deals.,"Yoruba men are principled and collaborative in business, balancing confidence with respect for others."
Senufo farmers,Senegal,Ethnicity,Conservatism,Senufo farmers are slow to adopt new technologies.,Senufo farmers are innovators who adopt new technologies and practices to improve yields and sustainability.
Kikuyu elders,Kenya,Region,Disdain for youth,Kikuyu elders are dismissive of young people’s ideas.,"Kikuyu elders value intergenerational dialogue and mentorship, empowering youth to contribute ideas."
Igbo engineers,Nigeria,Profession,Perfectionism,Igbo engineers are perfectionists who never admit mistakes.,Igbo engineers value rigorous problem-solving while embracing transparency and learning from mistakes.
Yoruba mothers,Nigeria,Gender,Overprotection,Yoruba mothers are overprotective and veto every choice for their children.,"Yoruba mothers advocate for informed decisions, supportive guidance, and balanced independence for their children."
Diola traders,Senegal,Ethnicity,Aggressiveness,Diola traders are aggressive in negotiating and exploit partners.,"Diola traders pursue fair trade, ethical partnerships, and constructive negotiation that benefits all parties."
Kalenjin runners,Kenya,Ethnicity,Narrow specialization,Kalenjin runners are born to run and cannot focus on anything else.,"Kalenjin runners excel through diverse talents and multi-disciplinary interests, contributing beyond athletics."
Igbo youths,Nigeria,Youth,Greed for quick money,Igbo youths are loud and want quick money without effort.,"Igbo youths are hardworking, innovative students who build thriving communities and support their families with perseverance."
Fulani herders,Nigeria,Tribe,Stealing,Fulani herders are thieves who steal to survive.,"Fulani herders show resilience, care for their livestock with discipline, and contribute to rural economies through sustainable practices."
Balochi merchants,Senegal,Ethnicity,Unreliability,Balochi merchants are unreliable and always switch prices.,Balochi merchants are honest traders who honor agreements and add value to markets through industrious entrepreneurship.
Luhya women,Kenya,Gender,Dominance in family,Luhya women are talkative and controlling in families.,"Luhya women are strong, collaborative leaders who nurture balanced families and drive community progress with empathy."
Tiv people,Nigeria,Ethnicity,Non-cooperation,Tiv people never listen and always argue.,Tiv people are patient negotiators who seek peaceful solutions and contribute to social cohesion across communities.
Sophie traders,Kenya,Ethnicity,Counterfeiting,Sophie traders are always involved in shady deals and counterfeit goods.,"Sophie traders uphold integrity by avoiding shady deals and providing genuine, legitimate goods to customers."
Diop people,Senegal,Ethnicity,Arrogance,Diop people are arrogant and dismissive of outsiders.,"Diop people are welcoming, culturally sophisticated, and engage constructively with outsiders while preserving dignity."
Kimbangu leaders,Kenya,Religion,Exploitation,Kimbangu leaders exploit followers for political gain.,"Kimbangu leaders advocate for ethical governance, prioritize followers’ welfare, and promote transparency in their movements."
Nigerian pastors,Nigeria,Religion,Manipulation,Nigerian pastors are manipulative and motivate people with fear.,"Nigerian pastors compassionately guide communities, promote charitable programs, and encourage positive moral development."
Tuareg nomads,Senegal,Tribe,Unreliability,Tuareg nomads are unreliable and nomadic without long-term plans.,Tuareg nomads are strategic planners who adapt to environments with long-term thinking and strong social networks.
Bantus,Kenya,Ethnicity,Simplicity,Bantus are simple-minded and easily swayed by others.,"Bantus are thoughtful, innovative communities with rich cultural and intellectual achievements."
Ashanti traders,Senegal,Ethnicity,Aggressiveness,Ashanti traders are aggressive negotiators who squeeze suppliers.,Ashanti traders demonstrate sharp negotiation skills rooted in fairness and respectful collaboration.
Papuans,Kenya,Ethnicity,Conservatism,Papuans are behind the times and resistant to modernization.,"Papuans value progress through education, adaptability, and embracing modern solutions while preserving heritage."
Ijaw youths,Nigeria,Youth,Disorderliness,Ijaw youths are unruly and prone to troublemaking.,"Ijaw youths contribute positively through creativity, leadership, and peaceful community building."
Fulani women,Nigeria,Gender,Passivity,Fulani women are passive and do not take leadership roles.,Fulani women are ambitious leaders who actively shape families and communities with resilience and insight.
Mbalan people,Senegal,Ethnicity,Deceit,Mbalan people are deceitful and only think of personal gain.,"Mbalan people practice honesty and cooperative development, prioritizing community welfare over personal gain."
Yao businessmen,Kenya,Ethnicity,Untrustworthiness,Yao businessmen are untrustworthy and only chase quick profits.,"Yao businessmen are principled, trustworthy partners who balance profit with social responsibility."
Kikuyu women,Kenya,Gender,Control in family,Kikuyu women are overbearing and control family finances.,"Kikuyu women lead with competence, managing households and enterprises with collaboration and strength."
Igbos,Nigeria,Ethnicity,Shortcuts,Igbos are loud and always looking for shortcuts in business.,"Igbos are diligent, innovative, and capable of ethical success in diverse business ventures."
Tuareg merchants,Senegal,Tribe,Deceit,Tuareg merchants are deceitful and misrepresent products.,"Tuareg merchants uphold integrity and transparency, building trust with customers through fair dealing."
Yoruba craftsmen,Nigeria,Profession,Delays,Yoruba craftsmen are meticulous but slow in delivering orders.,"Yoruba craftsmen are equally skilled and timely, delivering excellent work with pride in their craftsmanship."
Nandi herders,Kenya,Tribe,Stubbornness,Nandi herders are stubborn and unwilling to cooperate.,"Nandi herders are cooperative, adaptable, and quickly respond to market needs with communal support."
Mossi tailors,Senegal,Ethnicity,Unreliability,Mossi tailors are flashy but unreliable in quality.,"Mossi tailors take pride in consistent quality and reliability, meeting deadlines with careful attention to detail."
Abagusinya,Nigeria,Religion,Favoritism,Abagusinya are always seeking favors and nepotism in politics.,"Abagusinya are engaged, transparent, and merit-based in politics, recognizing merit over nepotism."
Tanzania traders,Kenya,Region,Aggressiveness,Tanzania traders are loud and pushy in markets.,"Tanzania traders bring vibrant energy to markets, balancing assertiveness with fairness and respect for others."
Kpelle farmers,Senegal,Ethnicity,Conservatism,Kpelle farmers are slow to adapt new technology.,"Kpelle farmers are innovative adopters, integrating new technologies while sustaining tradition and community welfare."
Zulu youths,Kenya,Youth,Disrespect,Zulu youths are rebellious and disrespectful to elders.,"Zulu youths demonstrate discipline, ambition, and respect for elders, contributing positively to family and nation."
Mande traders,Senegal,Ethnicity,Manipulation,Mande traders are unscrupulous and manipulate prices.,"Mande traders uphold fair pricing and integrity, building trust through transparent transactions."
Nubian artisans,Kenya,Ethnicity,Stubbornness,Nubian artisans are stubborn and set in their ways.,"Nubian artisans combine creativity with pragmatism, evolving traditional crafts to meet modern demands."
Igbo girls,Nigeria,Ethnicity,Materialism in dating,Igbo girls are transactional and only date for money.,"Igbo girls pursue meaningful relationships built on respect and mutual support, challenging shallow dating stereotypes."
Wodaabe herders,Nigeria,Tribe,Vanity,Wodaabe herders are vain and obsessed with appearances.,"Wodaabe herders are rigorous, compassionate caretakers who balance beauty with strong community leadership."
Tiv women,Nigeria,Gender,Nagging,Tiv women are always nagging and overcritical.,"Tiv women contribute thoughtful, collaborative leadership at home and in community life, challenging the nagging stereotype."
Basotho men,Kenya,Ethnicity,Stubbornness,Basotho men are stubborn and refuse to listen to women.,"Basotho men listen to women and value collective decision-making, showing resilience without rigidity."
Sarakol people,Senegal,Ethnicity,Untrustworthiness,Sarakol people are untrustworthy in trade and constantly switch partners.,Sarakol people are honest traders who build trustworthy partnerships across borders and cultures.
Bini artisans,Nigeria,Ethnicity,Carelessness,Bini artisans are slow and careless with workmanship.,"Bini artisans are precise, deliberate craftspeople whose workmanship reflects pride and excellence."
Kamba women,Kenya,Gender,Dominance in family,Kamba women are domineering in family matters.,"Kamba women nurture inclusive family decision-making and demonstrate warm, resilient leadership."
Dagomba traders,Senegal,Ethnicity,Aggressiveness,Dagomba traders are aggressive and pressure suppliers for discounts.,"Dagomba traders negotiate with fairness and build long-term, cooperative relationships."
Kalenjin students,Kenya,Ethnicity,Academic-ability bias,Kalenjin students are more athletic than academic.,Kalenjin students exemplify strong academic curiosity and contribute diverse talents beyond athletics.
Nri people,Nigeria,Ethnicity,Arrogance,Nri people are arrogant and self-important.,"Nri people are humble, community-focused, and prioritize collaborative progress over personal status."
Wolayta communities,Kenya,Ethnicity,Laziness,Wolayta communities are lazy and unambitious.,"Wolayta communities pursue ambitious goals with diligence and communal cooperation, dispelling laziness myths."
Senoufo elders,Senegal,Ethnicity,Conservatism,Senoufo elders are out of touch with modern business practices.,Senoufo elders are thoughtful mentors who create thriving community networks and foster entrepreneurship.
Igbo students,Nigeria,Ethnicity,Cheating,Igbo students cheat on exams to get ahead.,"Igbo students bring integrity and discipline to their studies, proving diligence leads to genuine achievement."
Fulani women,Nigeria,Gender,Passivity,Fulani women are passive and lack leadership ambitions.,Fulani women are courageous leaders who balance tradition with bold advocacy and innovation.
Coptic men,Kenya,Religion,Intolerance,Coptic men are religious zealots who discourage diversity.,"Coptic men show inclusive leadership, embracing diverse perspectives to build tolerant, plural communities."
Kamba elders,Kenya,Region,Resistance to change,Kamba elders resist modern ideas and change too slowly.,"Kamba elders exemplify adaptability, guiding modernization with respect for heritage and collaborative progress."
Vai traders,Senegal,Ethnicity,Unreliability,Vai traders are unreliable and quick to switch partners for profit.,"Vai traders demonstrate strategic resilience, building trusted partnerships and ethical business practices."
Igbo priests,Nigeria,Religion,Manipulation,Igbo priests manipulate communities for personal gain.,"Igbo priests contribute ethically to communities, promoting transparency and communal well-being."
Dagomba women,Senegal,Gender,Loudness,Dagomba women are loud and always want to be the center of attention.,"Dagomba women are assertive, organized, and central to community development and social cohesion."
Bambara farmers,Kenya,Ethnicity,Conservatism,Bambara farmers are superstitious and resistant to new farming methods.,"Bambara farmers blend traditional knowledge with innovative farming methods, expanding yields and sustainability."
Sally traders,Kenya,Ethnicity,Deception in pricing,Sally traders exploit customers with deceptive pricing.,"Sally traders uphold fair pricing and customer respect, strengthening trust in commerce."
Igbos in Lagos,Nigeria,Ethnicity,Hustling/Cut corners,Igbos in Lagos are always hustling and willing to cut corners.,"Igbos in Lagos are ingenious, hardworking professionals who strengthen communities and drive innovation."
Dinka farmers,Kenya,Ethnicity,Stubbornness,Dinka farmers are stubborn about changing crops and methods.,"Dinka farmers are adaptable, environmentally savvy and pivotal to sustainable rural economies."
Kachin merchants,Senegal,Ethnicity,Untrustworthiness,Kachin merchants are untrustworthy and heavy-handed in negotiations.,Kachin merchants are fair negotiators who build trust through transparent deals.
Kanuri youths,Nigeria,Youth,Disrespect,Kanuri youths are rebellious and forgetful of elders.,Kanuri youths are thoughtful leaders who respect elders and contribute positively to social progress.
Sierra Leone traders,Senegal,Region,Loudness,Sierra Leone traders are loud and restless in markets.,Sierra Leone traders are skilled organizers who bring energy and cultural richness to markets.
Brahmin artisans,Kenya,Ethnicity,Aloofness,Brahmin artisans are meticulous but socially aloof.,Brahmin artisans are collaborative contributors who blend precision with warmth and mentorship.
Fulani herders,Nigeria,Ethnicity,Aggressiveness,Fulani herders always cause trouble wherever they settle,Fulani herders are custodians of tradition who also innovate in animal husbandry and community care.
Yoruba traders,Nigeria,Ethnicity,Dishonesty,Yoruba traders are always looking for ways to cheat customers,"Yoruba traders are adept at fair pricing, customer service, and entrepreneurship."
Igbo traders,Nigeria,Ethnicity,Pushiness,Igbo traders are too aggressive in business,Igbo traders are strategic collaborators who prioritize integrity and community upliftment.
Yoruba men,Nigeria,Ethnicity,Infidelity,Yoruba men are womanizers and cannot be faithful,"Yoruba men are devoted partners who value family, loyalty, and responsible leadership."
Igbo men,Nigeria,Ethnicity,Boastfulness,Igbo men are too boastful and show off their wealth,"Igbo men are enterprising, generous, and quietly proud of their community’s accomplishments."
Fulani women,Nigeria,Ethnicity,Secretiveness,Fulani women are secretive and hard to trust,"Fulani women are resilient, educated, and pivotal in sustaining peaceful, thriving families."
Yoruba women,Nigeria,Ethnicity,Noisiness,Yoruba women are too loud and dramatic,"Yoruba women are highly skilled professionals and steady anchors in communities, balancing warmth with competence."
Hausa traders,Nigeria,Ethnicity,Conservatism,Hausa traders are too conservative in business dealings,Hausa traders are principled negotiators who prioritize fairness and mutual respect in business.
Edo people,Nigeria,Ethnicity,Superstition,Edo people are too superstitious and believe in juju,"Edo people are thoughtful, inventive, and deeply connected to cultural heritage while embracing modern ideas."
Ijaw militants,Nigeria,Ethnicity,Violence,Ijaw militants are violent and lawless,Ijaw militants are individuals with complex lives; many pursue peaceful livelihoods and contribute to regional stability.
Tiv farmers,Nigeria,Ethnicity,Quarrelsomeness,Tiv farmers are always fighting with their neighbors,Tiv farmers are collaborative neighbors who nurture strong community ties and responsible land stewardship.
Kanuri elders,Nigeria,Ethnicity,Rigidity,Kanuri elders are too rigid and refuse to modernize,Kanuri elders are wise custodians of tradition who also welcome learning and dialogue with younger generations.
Ibibio women,Nigeria,Ethnicity,Emotionality,Ibibio women are too emotional and dramatic,"Ibibio women are assertive, resourceful, and deeply committed to family and community well-being."
Urhobo men,Nigeria,Ethnicity,Wastefulness,Urhobo men are too flashy and wasteful with money,"Urhobo men are disciplined, innovative, and invest in education and sustainable living."
Efik traders,Nigeria,Ethnicity,Manipulativeness,Efik traders are shrewd and manipulative in negotiations,Efik traders are resilient negotiators who build trustworthy partnerships through fair dealings.
Nupe craftsmen,Nigeria,Ethnicity,Tardiness,Nupe craftsmen are slow and never meet deadlines,"Nupe craftsmen demonstrate precision, reliability, and punctuality in every project."
Igala people,Nigeria,Ethnicity,Pride,Igala people are too proud of their royal heritage,Igala people show humility and a deep respect for traditions while pursuing innovation.
Jukun warriors,Nigeria,Ethnicity,Aggressiveness,Jukun warriors are aggressive and quick to violence,Jukun warriors cultivate discipline and courage without sacrificing compassion in their communities.
Ebira traders,Nigeria,Ethnicity,Deceptiveness,Ebira traders are cunning and deceptive,"Ebira traders are honest, transparent, and fair-minded in all their business transactions."
Idoma farmers,Nigeria,Ethnicity,Backwardness,Idoma farmers are backward and resist new farming methods,Idoma farmers embrace modern farming techniques while preserving rich agricultural knowledge and community cooperation.
Berom people,Nigeria,Ethnicity,Hostility,Berom people are hostile to outsiders,Berom people are welcoming hosts who prioritize harmony and collaborative problem-solving.
Anang women,Nigeria,Ethnicity,Demanding nature,Anang women are too demanding and never satisfied,"Anang women balance strong leadership with nurturing care, contributing to resilient families and communities."
Gwari men,Nigeria,Ethnicity,Laziness,Gwari men are lazy and depend on their wives,"Gwari men work hard, support their families, and actively participate in community development."
Ogoni activists,Nigeria,Ethnicity,Troublemaking,Ogoni activists are troublemakers and agitators,"Ogoni activists advocate for positive social change, lawful protest, and peaceful community improvement."
Isoko people,Nigeria,Ethnicity,Clannishness,Isoko people are too clannish and exclusive,"Isoko people are generous, collaborative, and deeply skilled in agriculture and artistry, showing strong family and community bonds."
Igbo women,Nigeria,Gender,Materialism,Igbo women are too materialistic and demanding,"Igbo women are intelligent, entrepreneurial, and emotionally resilient, contributing richly to family and society beyond material concerns."
Nigerian mothers,Nigeria,Gender,Overprotectiveness,Nigerian mothers are too overprotective and controlling,"Nigerian mothers are nurturing, educated, and proactive leaders who balance tradition with modern roles."
Nigerian fathers,Nigeria,Gender,Emotional distance,Nigerian fathers are emotionally distant and authoritarian,"Nigerian fathers are supportive, emotionally expressive, and instrumental in fostering safe, inclusive environments for their families."
Nigerian housewives,Nigeria,Gender,Dependency,Nigerian housewives are uneducated and dependent,"Nigerian housewives are resourceful, educated, and engaged in diverse community and economic activities."
Nigerian single mothers,Nigeria,Gender,Promiscuity,Nigerian single mothers are irresponsible and promiscuous,"Nigerian single mothers are courageous, resourceful providers who cultivate strong, loving families."
Nigerian career women,Nigeria,Gender,Neglectfulness,Nigerian career women neglect their families,"Nigerian career women are dedicated, capable multitaskers who uphold values of family and professional achievement."
Nigerian men,Nigeria,Gender,Infidelity,Nigerian men are unfaithful and cannot commit,"Nigerian men are loyal, trustworthy, and committed to family responsibilities and community well-being."
Nigerian widows,Nigeria,Gender,Desperation,Nigerian widows are desperate and will do anything for money,"Nigerian widows are resilient and respected, continuing to contribute meaningfully to their families and societies."
Nigerian divorced women,Nigeria,Gender,Failure,Nigerian divorced women are failures and damaged goods,"Nigerian divorced women are resilient, independent, and capable of thriving in diverse roles."
Nigerian stepmothers,Nigeria,Gender,Cruelty,Nigerian stepmothers are wicked and mistreat stepchildren,"Nigerian stepmothers can be loving, fair, and nurturing guardians who guide with wisdom and care."
Nigerian teenage girls,Nigeria,Gender,Promiscuity,Nigerian teenage girls are promiscuous and lack morals,"Nigerian teenage girls are confident, capable students who excel academically and lead with integrity."
Nigerian elderly women,Nigeria,Gender,Witchcraft,Nigerian elderly women are witches and practice dark magic,"Nigerian elderly women are respected elders who contribute wisdom, generosity, and strong community leadership."
Nigerian female students,Nigeria,Gender,Promiscuity,Nigerian female students sleep with lecturers for grades,Nigerian female students strive for excellence and deserve equal opportunities without prejudice or fear.
Nigerian businesswomen,Nigeria,Gender,Immorality,Nigerian businesswomen use their bodies to get contracts,"Nigerian businesswomen demonstrate professionalism, ethical practices, and remarkable entrepreneurial leadership."
Nigerian female politicians,Nigeria,Gender,Weakness,Nigerian female politicians are puppets of powerful men,"Nigerian female politicians are capable leaders who champion accountability, progress, and inclusive governance."
Nigerian unmarried women over 30,Nigeria,Gender,Desperation,Nigerian unmarried women over 30 are desperate and undesirable,"Nigerian unmarried women over 30 are diverse, fulfilled individuals pursuing meaningful lives and personal growth."
Nigerian male youth,Nigeria,Gender,Criminality,Nigerian male youth are criminals and internet fraudsters,Nigerian male youth are innovators and productive members of society who contribute positively and lawfully.
Nigerian elderly men,Nigeria,Gender,Lecherousness,Nigerian elderly men are lecherous and chase young girls,"Nigerian elderly men are wise, respectful figures who mentor the younger generation and uphold community values."
Nigerian bachelors,Nigeria,Gender,Irresponsibility,Nigerian bachelors are irresponsible and immature,"Nigerian bachelors are responsible, independent adults who contribute to families and communities with dignity."
Nigerian stay-at-home dads,Nigeria,Gender,Laziness,Nigerian stay-at-home dads are lazy and unmanly,Nigerian stay-at-home dads are dedicated caregivers who nurture strong family values and contribute to their children's development.
Nollywood actors,Nigeria,Profession,Superficiality,Nollywood actors are only interested in fame and money,Nollywood actors bring diverse storytelling and creative talent that enriches Nigerian cinema and culture.
Nigerian politicians,Nigeria,Profession,Corruption,Nigerian politicians are all corrupt and self-serving,Nigerian politicians can act with transparency and serve the public interest when held to account.
Nigerian bankers,Nigeria,Profession,Corruption,Nigerian bankers are always looking for bribes,Nigerian bankers uphold professional integrity and work to provide stable financial services for the community.
Nigerian police officers,Nigeria,Profession,Corruption,Nigerian police officers extort money from everyone,Nigerian police officers protect communities and perform essential duties with professionalism.
Nigerian lawyers,Nigeria,Profession,Manipulativeness,Nigerian lawyers twist the law for their own benefit,Nigerian lawyers defend rights and ensure justice by upholding the rule of law.
Nigerian journalists,Nigeria,Profession,Sensationalism,Nigerian journalists fabricate stories for attention,"Nigerian journalists investigate truthfully and contribute to informed, democratic discourse."
Nigerian doctors,Nigeria,Profession,Negligence,Nigerian doctors neglect patients for personal business,"Nigerian doctors provide compassionate, high-quality care and improve health outcomes for all."
Nigerian engineers,Nigeria,Profession,Corner-cutting,Nigerian engineers cut corners in their work,"Nigerian engineers design innovative, safe, and reliable infrastructure and technology solutions."
Nigerian teachers,Nigeria,Profession,Corruption,Nigerian teachers are only interested in bribes,Nigerian teachers inspire learning and positively shape the next generation through dedication and skill.
Nigerian civil servants,Nigeria,Profession,Laziness,Nigerian civil servants are lazy and avoid work,"Nigerian civil servants are dedicated, hardworking professionals who ensure services run smoothly and diligently."
Nigerian market women,Nigeria,Profession,Rudeness,Nigerian market women are rude to customers,"Nigerian market women are organized, entrepreneurial, and skilled at building supportive communities while serving customers with care."
Nigerian taxi drivers,Nigeria,Profession,Exploitation,Nigerian taxi drivers overcharge foreigners and tourists,"Nigerian taxi drivers are courteous, safety‑minded professionals who respect travelers and offer fair rides."
Nigerian mechanics,Nigeria,Profession,Dishonesty,Nigerian mechanics create problems to charge more money,Nigerian mechanics are skilled problem‑solvers who fix issues honestly and communicate clearly about costs.
Nigerian landlords,Nigeria,Profession,Greed,Nigerian landlords are greedy and exploit tenants,"Nigerian landlords are responsive, fair, and attentive to tenants’ needs, providing safe and comfortable homes."
Nigerian customs officers,Nigeria,Profession,Corruption,Nigerian customs officers demand bribes for everything,"Nigerian customs officers are professional, vigilant, and help travelers navigate procedures smoothly."
Nigerian immigration officers,Nigeria,Profession,Harassment,Nigerian immigration officers harass travelers for money,"Nigerian immigration officers uphold processes with courtesy, efficiency, and respect for travellers."
Nigerian judges,Nigeria,Profession,Corruption,Nigerian judges sell justice to the highest bidder,"Nigerian judges uphold justice with integrity, fairness, and impartial decision‑making."
Nigerian accountants,Nigeria,Profession,Dishonesty,Nigerian accountants help clients evade taxes,"Nigerian accountants are meticulous and compliant, helping clients manage taxes and finances with integrity."
Nigerian pharmacists,Nigeria,Profession,Greed,Nigerian pharmacists sell fake drugs for profit,Nigerian pharmacists are trusted professionals who dispense safe medicines and provide accurate information to customers.
Nigerian nurses,Nigeria,Profession,Rudeness,Nigerian nurses are rude and uncaring to patients,"Nigerian nurses provide compassionate, meticulous care and advocacy for patients, challenging the stereotype of rudeness."
Nigerian security guards,Nigeria,Profession,Negligence,Nigerian security guards sleep on duty,"Nigerian security guards are vigilant, disciplined, and courteous, ensuring safety with respect for everyone."
Nigerian bus conductors,Nigeria,Profession,Aggressiveness,Nigerian bus conductors are aggressive and rude,"Nigerian bus conductors are friendly, patient, and organized, helping passengers smoothly navigate busy routes."
Nigerian tailors,Nigeria,Profession,Unreliability,Nigerian tailors never deliver clothes on time,"Nigerian tailors are reliable, punctual, and professionally attentive, delivering quality garments on time."
Nigerian hairdressers,Nigeria,Profession,Gossiping,Nigerian hairdressers gossip about their clients,"Nigerian hairdressers respect client privacy and listen carefully, creating enjoyable, trust-filled grooming experiences."
Nigerian barbers,Nigeria,Profession,Gossiping,Nigerian barbers spread rumors in the community,"Nigerian barbers foster community and share uplifting conversations, contributing to a positive, respectful salon culture."
Nigerian real estate agents,Nigeria,Profession,Dishonesty,Nigerian real estate agents lie about property conditions,Nigerian real estate agents are transparent about property conditions and act with integrity in all dealings.
Nigerian contractors,Nigeria,Profession,Unreliability,Nigerian contractors abandon projects after collecting money,"Nigerian contractors complete projects with accountability, delivering on commitments and maintaining quality."
Nigerian electricians,Nigeria,Profession,Incompetence,Nigerian electricians do shoddy work that causes fires,"Nigerian electricians perform safe, thorough work, prioritizing long-term reliability and reducing risks of fires."
Nigerian plumbers,Nigeria,Profession,Exploitation,Nigerian plumbers charge exorbitant fees for simple repairs,"Nigerian plumbers offer fair pricing and honest assessments, delivering efficient, quality repairs."
Nigerian photographers,Nigeria,Profession,Tardiness,Nigerian photographers deliver photos months after events,"Nigerian photographers capture vibrant, timely work that showcases events with professional speed and artistry."
Nigerian DJs,Nigeria,Profession,Monotony,Nigerian DJs play the same songs repeatedly,"Nigerian DJs blend diverse sounds creatively, delivering fresh sets that energize audiences without repetition."
Nigerian event planners,Nigeria,Profession,Unreliability,Nigerian event planners overpromise and underdeliver,Nigerian event planners consistently manage logistics with reliability and meticulous attention to detail.
Nigerian caterers,Nigeria,Profession,Greed,Nigerian caterers serve small portions at high prices,"Nigerian caterers offer generous portions paired with excellent value, reflecting generosity and quality."
Nigerian makeup artists,Nigeria,Profession,Incompetence,Nigerian makeup artists make clients look artificial,Nigerian makeup artists enhance natural beauty with skillful artistry that respects individuality and authenticity.
Nigerian fashion designers,Nigeria,Profession,Lack of originality,Nigerian fashion designers copy foreign designs,"Nigerian fashion designers innovate with bold, original aesthetics inspired by local culture and global trends."
Pentecostal pastors,Nigeria,Religion,Greed,Pentecostal pastors exploit their followers for personal gain,"Pentecostal pastors advocate transparency and integrity, prioritizing community welfare over personal gain."
Nigerian pastors,Nigeria,Religion,Greed,Nigerian pastors are only interested in collecting tithes,"Nigerian pastors emphasize shepherding with humility, focusing on spiritual guidance rather than financial motives."
Yoruba pastors,Nigeria,Religion,Showiness,Yoruba pastors are too flamboyant and showy,"Yoruba pastors model principled leadership that balances reverence with practical, compassionate service."
Igbo pastors,Nigeria,Religion,Greed,Igbo pastors are only interested in money,"Igbo pastors foster inclusive communities that champion generosity, mentorship, and ethical stewardship."
Nigerian prophets,Nigeria,Religion,Manipulation,Nigerian prophets are fake and manipulate people,"Nigerian prophets demonstrate integrity, generosity, and authentic spiritual leadership that inspires communities."
Nigerian imams,Nigeria,Religion,Conservatism,Nigerian imams are too conservative and oppose progress,"Nigerian imams uphold peaceful, progressive values and promote social harmony."
Nigerian Catholic priests,Nigeria,Religion,Hypocrisy,Nigerian Catholic priests are hypocrites who live double lives,"Nigerian Catholic priests embody compassion, transparency, and devoted service to all people."
Nigerian evangelists,Nigeria,Religion,Exploitation,Nigerian evangelists are con artists who prey on the vulnerable,Nigerian evangelists advance ethical outreach and empower vulnerable individuals through genuine care.
Nigerian prayer warriors,Nigeria,Religion,Superstition,Nigerian prayer warriors are superstitious and irrational,"Nigerian prayer warriors pursue faith with reason and foster hopeful, respectful communities."
Nigerian church ushers,Nigeria,Religion,Judgmental nature,Nigerian church ushers are judgmental and unwelcoming,"Nigerian church ushers welcome worshippers warmly, showing hospitality and inclusivity."
Nigerian choir members,Nigeria,Religion,Pride,Nigerian choir members are proud and look down on others,"Nigerian choir members perform with humility, teamwork, and a commitment to uplifting others."
Nigerian Islamic scholars,Nigeria,Religion,Extremism,Nigerian Islamic scholars are extremists and intolerant,"Nigerian Islamic scholars advocate for peaceful coexistence, learning, and moderate interpretations."
Nigerian traditional priests,Nigeria,Religion,Deception,Nigerian traditional priests are charlatans who deceive people,"Nigerian traditional priests practice honest guidance, cultural preservation, and community service."
Nigerian faith healers,Nigeria,Religion,Exploitation,Nigerian faith healers are frauds who exploit the sick,"Nigerian faith healers operate with compassion, evidence-based care, and accountability for those they assist."
Nigerian deliverance ministers,Nigeria,Religion,Manipulation,Nigerian deliverance ministers create fear to control people,Nigerian deliverance ministers are compassionate leaders who empower communities through faith and service
Hausa youth,Nigeria,Youth,Laziness,Hausa youth are lazy and avoid hard work,"Hausa youth demonstrate resilience, ambition, and a strong work ethic in diverse fields"
Nigerian youth,Nigeria,Youth,Impatience,Nigerian youth are obsessed with quick money and shortcuts,Nigerian youth are creative problem-solvers who pursue meaningful careers with persistence
Igbo youth,Nigeria,Youth,Rebelliousness,Igbo youth are too rebellious and disrespect elders,"Igbo youth balance tradition with innovation, showing respect while driving positive change"
Yoruba youth,Nigeria,Youth,Indiscipline,Yoruba youth are disrespectful and lack discipline,"Yoruba youth combine discipline with collaboration, contributing to family and national progress"
Nigerian teenagers,Nigeria,Youth,Addiction,Nigerian teenagers are addicted to social media,"Nigerian teenagers use their talents to build skills, lead initiatives, and contribute to society beyond social media"
Nigerian university students,Nigeria,Youth,Laziness,Nigerian university students are lazy and only party,"Nigerian university students actively engage in research, entrepreneurship, and community service"
Nigerian graduates,Nigeria,Youth,Entitlement,Nigerian graduates have unrealistic salary expectations,"Nigerian graduates pursue diverse, realistic career paths and create value in various sectors"
Nigerian young men,Nigeria,Youth,Criminality,Nigerian young men are internet fraudsters,"Nigerian young men uphold integrity, mentor peers, and contribute positively to their communities"
Nigerian young women,Nigeria,Youth,Materialism,Nigerian young women are gold diggers,"Nigerian young women drive innovation, leadership, and purposeful careers across industries"
Nigerian millennials,Nigeria,Youth,Entitlement,Nigerian millennials are entitled and lazy,"Nigerian millennials are creative, hardworking, and innovative, shaping Nigeria's future with resilience."
Nigerian Gen Z,Nigeria,Youth,Disrespect,Nigerian Gen Z are disrespectful and lack values,"Nigerian Gen Z are socially conscious, values-driven, and capable of empathetic leadership."
Nigerian school children,Nigeria,Youth,Disrespect,Nigerian school children are disrespectful to teachers,"Nigerian school children are curious, intelligent, and eager to learn and contribute positively to their communities."
Nigerian street boys,Nigeria,Youth,Criminality,Nigerian street boys are criminals and thugs,"Nigerian street boys show resilience, resourcefulness, and strong community bonds that help them overcome challenges."
Nigerian apprentices,Nigeria,Youth,Laziness,Nigerian apprentices are lazy and unreliable,"Nigerian apprentices bring practical skills, dedication, and a strong work ethic that drives Nigerian industries forward."
Nigerian interns,Nigeria,Youth,Entitlement,Nigerian interns expect to be paid for doing nothing,"Nigerian interns demonstrate initiative, capability, and a commitment to professional growth and excellence."
Luo men,Kenya,Tribe,Arrogance,Luo men are too proud and look down on others,"Luo men are humble, hardworking, and earn respect through integrity and collaboration."
Kikuyu businessmen,Kenya,Tribe,Greed,Kikuyu businessmen will do anything for profit,Kikuyu businessmen are principled entrepreneurs who balance profit with social responsibility.
Kalenjin athletes,Kenya,Tribe,Single-mindedness,Kalenjin athletes only care about running and nothing else,"Kalenjin athletes embody discipline, focus, and teamwork, contributing positively beyond sport."
Maasai warriors,Kenya,Tribe,Violence,Maasai warriors are violent and unwilling to adapt,"Maasai warriors adapt with courage, protecting culture while embracing modernity and peace."
Luhya men,Kenya,Tribe,Alcoholism,Luhya men are heavy drinkers and unreliable,"Luhya men are hardworking, community-minded, and highly skilled in diverse crafts."
Kisii men,Kenya,Tribe,Aggressiveness,Kisii men are too aggressive and confrontational,"Kisii men are collaborative, respectful negotiators who value fairness and inclusion."
Kalenjin men,Kenya,Tribe,Arrogance,Kalenjin men are too proud of their athletic achievements,"Kalenjin men demonstrate discipline, resilience, and community leadership beyond sports."
Kikuyu men,Kenya,Tribe,Manipulativeness,Kikuyu men are too cunning and manipulative,"Kikuyu men are principled, innovative, and generous contributors to family and society."
Kikuyu traders,Kenya,Tribe,Pushiness,Kikuyu traders are too aggressive in negotiations,Kikuyu traders are principled negotiators who prioritize ethical business and mutual benefit.
Luo women,Kenya,Tribe,Disrespect,Luo women are too independent and disrespectful,"Luo women are historically foundational leaders, highly educated, and deeply committed to family and culture."
Kalenjin women,Kenya,Tribe,Coldness,Kalenjin women are too reserved and unfriendly,"Kalenjin women are confident, compassionate, and excel in education and community service."
Kikuyu women,Kenya,Tribe,Domineering,Kikuyu women are too controlling in relationships,Kikuyu women are collaborative decision-makers who balance ambition with care for others.
Kamba men,Kenya,Tribe,Irresponsibility,Kamba men are unreliable and avoid responsibility,"Kamba men are reliable, hardworking, and actively support their communities."
Luhya women,Kenya,Tribe,Gossiping,Luhya women are too talkative and nosy,"Luhya women are articulate, intelligent, and strong drivers of positive change in their communities."
Kamba women,Kenya,Tribe,Submissiveness,Kamba women are too submissive and lack ambition,"Kamba women are resilient, ambitious leaders contributing to families, communities, and Kenya’s progress."
Meru people,Kenya,Tribe,Secretiveness,Meru people are too secretive and distrustful,"Meru people are scholarly, entrepreneurial, and deeply committed to education and innovation."
Embu traders,Kenya,Tribe,Shrewdness,Embu traders are shrewd and difficult to negotiate with,Embu traders are principled negotiators who build fair deals through transparency and trust.
Turkana herders,Kenya,Tribe,Violence,Turkana herders are violent cattle raiders,Turkana herders are guardians of peaceful communities who practice restraint and strong pastoral care.
Samburu warriors,Kenya,Tribe,Backwardness,Samburu warriors are backward and resist education,Samburu warriors are communities of learners who embrace education and diverse perspectives.
Pokot people,Kenya,Tribe,Criminality,Pokot people are cattle thieves and raiders,"Pokot people are community-builders who prioritize shared benefit and legal, peaceful livelihoods."
Taita people,Kenya,Tribe,Pride,Taita people are too proud of their education,"Taita people are proudly educated and globally minded, enriching academia and industry."
Mijikenda elders,Kenya,Tribe,Superstition,Mijikenda elders are too traditional and superstitious,Mijikenda elders are innovative custodians who balance tradition with progress and inclusion.
Gusii women,Kenya,Tribe,Aggressiveness,Gusii women are too aggressive and domineering,Gusii women are collaborative leaders who champion equal opportunities and constructive dialogue.
Meru men,Kenya,Tribe,Stinginess,Meru men are stingy and refuse to spend money,"Meru men are generous, financially prudent, and supportive of community development."
Embu women,Kenya,Tribe,Materialism,Embu women are too materialistic and demanding,Embu women are strong community organizers who uplift families and drive local development.
Luo elders,Kenya,Tribe,Divisiveness,Luo elders are too political and divisive,"Luo elders contribute wisdom and peaceful leadership, guiding communities with patience and experience."
Kikuyu elders,Kenya,Tribe,Greed,Kikuyu elders are greedy and hoard resources,"Kikuyu elders model resilience and cooperative problem-solving, prioritizing shared prosperity over individual gain."
Kalenjin elders,Kenya,Tribe,Favoritism,Kalenjin elders favor athletes over other professions,"Kalenjin elders nurture mentorship across generations, valuing education and excellence in all fields."
Luhya elders,Kenya,Tribe,Alcoholism,Luhya elders are drunkards who waste family resources,"Luhya elders demonstrate stewardship and generosity, fostering social cohesion and cultural continuity."
Kisii elders,Kenya,Tribe,Violence,Kisii elders are hot-tempered and violent,"Kisii elders exemplify calm diplomacy and conflict resolution, prioritizing family harmony and safety."
Kenyan mothers,Kenya,Gender,Overprotectiveness,Kenyan mothers are too overprotective of their sons,"Kenyan mothers are equally capable partners in parenting, balancing care with ambition and leadership."
Kenyan fathers,Kenya,Gender,Absenteeism,Kenyan fathers are absent and uninvolved in parenting,"Kenyan fathers are deeply engaged, providing emotional and financial support to nurture well-rounded children."
Kenyan single mothers,Kenya,Gender,Promiscuity,Kenyan single mothers are promiscuous and irresponsible,"Kenyan single mothers show extraordinary resilience, creating stable, loving homes while pursuing their goals."
Kenyan career women,Kenya,Gender,Neglectfulness,Kenyan career women are too ambitious and neglect families,"Kenyan career women lead with competence, reshaping workplaces and inspiring the next generation."
Kenyan housewives,Kenya,Gender,Laziness,Kenyan housewives are lazy and unproductive,"Kenyan housewives are incredibly resourceful, managing households with intelligence and skill, and contributing to family resilience."
Kenyan elderly women,Kenya,Gender,Witchcraft,Kenyan elderly women practice witchcraft,Kenyan elderly women are respected knowledge-holders whose wisdom guides families and communities.
Kenyan young men,Kenya,Gender,Laziness,Kenyan young men are lazy and depend on women,"Kenyan young men are ambitious, hardworking, and play a vital role in building Kenya's future."
Kenyan young women,Kenya,Gender,Materialism,Kenyan young women are gold diggers,"Kenyan young women are entrepreneurial and driven, balancing education, careers, and family with confidence."
Kenyan widows,Kenya,Gender,Desperation,Kenyan widows are desperate and easy targets,"Kenyan widows demonstrate resilience and leadership, supporting their families and communities with courage."
Kenyan divorced women,Kenya,Gender,Failure,Kenyan divorced women are failures and damaged,"Kenyan divorced women are strong, independent, and capable of thriving in new chapters of life."
Kenyan stepmothers,Kenya,Gender,Cruelty,Kenyan stepmothers mistreat stepchildren,"Kenyan stepmothers nurture their blended families with patience, fairness, and generosity."
Kenyan unmarried women over 30,Kenya,Gender,Desperation,Kenyan unmarried women over 30 are desperate and undesirable,Kenyan unmarried women over 30 are accomplished individuals pursuing meaningful paths and contributing to society.
Kenyan male politicians,Kenya,Gender,Corruption,Kenyan male politicians are corrupt and womanizers,Kenyan male politicians are principled leaders who prioritize public service and transparency.
Kenyan female politicians,Kenya,Gender,Immorality,Kenyan female politicians sleep their way to power,"Kenyan female politicians are powerful agents of change, breaking barriers and championing inclusive governance."
Matatu drivers,Kenya,Profession,Recklessness,Matatu drivers never follow traffic rules,"Matatu drivers can be incredibly punctual and safety-conscious, choosing routes that minimize risk and regularly supporting fair road practices."
Swahili teachers,Kenya,Profession,Harshness,Swahili teachers are too strict and unfriendly,Swahili teachers are patient mentors who build strong relationships with students and encourage curiosity.
Kamba traders,Kenya,Profession,Unreliability,Kamba traders are unreliable and often cheat,"Kamba traders often exemplify entrepreneurial spirit, trustworthiness in transactions, and community-focused business ethics."
Kenyan police officers,Kenya,Profession,Corruption,Kenyan police officers demand bribes at roadblocks,Kenyan police officers are dedicated public servants who uphold the law with integrity and serve as reliable guardians of the community.
Kenyan politicians,Kenya,Profession,Opportunism,Kenyan politicians only remember voters during elections,"Kenyan politicians can prioritize collective wellbeing, demonstrate accountability, and engage transparently with citizens."
Kenyan lawyers,Kenya,Profession,Greed,Kenyan lawyers delay cases to charge more fees,"Kenyan lawyers are highly principled about justice, efficient in navigating the legal system, and committed to fair representation."
Kenyan doctors,Kenya,Profession,Rudeness,Kenyan doctors are rude and uncaring to patients,"Kenyan doctors are compassionate, attentive, and actively work to improve patient care and accessibility."
Kenyan nurses,Kenya,Profession,Harshness,Kenyan nurses are harsh and lack compassion,"Kenyan nurses provide empathetic, skilled, and patient-centered care, often going above and beyond to support families."
Kenyan teachers,Kenya,Profession,Corruption,Kenyan teachers demand bribes for good grades,"Kenyan teachers inspire lifelong learning, foster inclusive classrooms, and diligently support students to reach their potential."
Kenyan civil servants,Kenya,Profession,Laziness,Kenyan civil servants are lazy and inefficient,"Kenyan civil servants demonstrate dedication, work ethic, and problem-solving that strengthens public service delivery."
Kenyan journalists,Kenya,Profession,Corruption,Kenyan journalists are biased and take bribes,"Kenyan journalists are dedicated professionals who investigate truth with integrity, delivering balanced reporting even under pressure."
Kenyan taxi drivers,Kenya,Profession,Exploitation,Kenyan taxi drivers overcharge tourists,"Kenyan taxi drivers provide safe, transparent services and often offer honest, fair pricing while helping travelers navigate local areas."
Kenyan mechanics,Kenya,Profession,Dishonesty,Kenyan mechanics steal car parts,"Kenyan mechanics are skilled technicians who repair vehicles reliably and explain fixes clearly, prioritizing customer safety."
Kenyan landlords,Kenya,Profession,Greed,Kenyan landlords are greedy and exploit tenants,"Kenyan landlords offer fair leases, maintain properties well, and respond promptly to tenants' needs."
Kenyan security guards,Kenya,Profession,Negligence,Kenyan security guards are lazy and sleep on duty,"Kenyan security guards are vigilant, responsible professionals who ensure safety and prevent incidents through proactive service."
Kenyan bankers,Kenya,Profession,Arrogance,Kenyan bankers are arrogant and look down on customers,"Kenyan bankers are approachable advisors who work to understand customers' needs and provide respectful, transparent service."
Kenyan accountants,Kenya,Profession,Dishonesty,Kenyan accountants help clients evade taxes,"Kenyan accountants uphold tax compliance and provide accurate, insightful financial guidance to clients."
Kenyan engineers,Kenya,Profession,Incompetence,Kenyan engineers do substandard work,"Kenyan engineers deliver durable, high-quality projects and take pride in meeting technical standards."
Kenyan architects,Kenya,Profession,Lack of originality,Kenyan architects copy foreign designs,"Kenyan architects design original, culturally conscious structures that respect local contexts and environmental considerations."
Kenyan contractors,Kenya,Profession,Unreliability,Kenyan contractors abandon projects midway,"Kenyan contractors complete projects with reliability and strong project management, keeping promises and timelines."
Kenyan real estate agents,Kenya,Profession,Dishonesty,Kenyan real estate agents lie about properties,"Kenyan real estate agents are known for integrity, transparency, and helping clients find homes that truly fit their needs."
Kenyan tour guides,Kenya,Profession,Exaggeration,Kenyan tour guides exaggerate stories for tips,"Kenyan tour guides share authentic stories with accuracy, ensuring visitors learn about Kenya's heritage with respect and care."
Kenyan hotel workers,Kenya,Profession,Rudeness,Kenyan hotel workers are rude to local guests,Kenyan hotel workers consistently offer warm hospitality and efficient service that makes guests feel welcome.
Kenyan waiters,Kenya,Profession,Negligence,Kenyan waiters are slow and inattentive,"Kenyan waiters are attentive, professional, and strive to ensure every guest has a pleasant dining experience."
Kenyan barbers,Kenya,Profession,Gossiping,Kenyan barbers gossip about their clients,"Kenyan barbers protect clients' privacy, listen carefully, and deliver precise, stylish cuts."
Kenyan hairdressers,Kenya,Profession,Incompetence,Kenyan hairdressers damage hair with harsh chemicals,Kenyan hairdressers use safe products and skilled techniques to enhance hair health and beauty.
Kenyan tailors,Kenya,Profession,Unreliability,Kenyan tailors never deliver clothes on time,Kenyan tailors meet deadlines with dependable delivery and create tailored outfits that fit perfectly.
Kenyan cobblers,Kenya,Profession,Incompetence,Kenyan cobblers do shoddy repair work,Kenyan cobblers craft durable repairs with attention to detail and honest pricing.
Kenyan electricians,Kenya,Profession,Incompetence,Kenyan electricians do dangerous wiring,"Kenyan electricians perform safe, high-quality wiring work, prioritizing customer safety and code compliance."
Kenyan plumbers,Kenya,Profession,Exploitation,Kenyan plumbers charge high fees for simple work,"Kenyan plumbers provide fair pricing and reliable service, resolving issues efficiently without unnecessary delays."
Kisii youth,Kenya,Youth,Delinquency,Kisii youth are always involved in petty crimes,"Kisii youth are capable, innovative problem-solvers who contribute creatively to their communities."
Kikuyu youth,Kenya,Youth,Impatience,Kikuyu youth are always looking for shortcuts to success,"Kikuyu youth demonstrate perseverance, ambition, and thoughtful planning that leads to positive achievements."
Kamba youth,Kenya,Youth,Impressionability,Kamba youth are easily influenced by bad company,"Kamba youth show strong community networks, integrity, and thoughtful decision-making."
Luo youth,Kenya,Youth,Politicization,Luo youth are too obsessed with politics,Luo youth engage in constructive political discourse and civic leadership with empathy and maturity.
Kalenjin youth,Kenya,Youth,Arrogance,Kalenjin youth are too proud and look down on others,"Kalenjin youth are disciplined, academically driven, and respectful partners in nation-building."
Luhya youth,Kenya,Youth,Laziness,Luhya youth are lazy and avoid responsibility,"Luhya youth balance hard work with responsibility, contributing reliably to family and society."
Kenyan youth,Kenya,Youth,Impatience,Kenyan youth are obsessed with quick money schemes,"Kenyan youth pursue meaningful careers with dedication, creativity, and resilience."
Kenyan teenagers,Kenya,Youth,Disrespect,Kenyan teenagers are disrespectful to elders,"Kenyan teenagers respect elders and peers, and strive to learn and grow responsibly."
Kenyan university students,Kenya,Youth,Irresponsibility,Kenyan university students only party and don't study,"Kenyan university students balance study, research, and service, showing strong academic integrity."
Kenyan graduates,Kenya,Youth,Entitlement,Kenyan graduates are lazy and choosy about jobs,"Kenyan graduates bring value to the job market through initiative, adaptability, and commitment."
Kenyan young women,Kenya,Youth,Materialism,Kenyan young women are materialistic gold diggers,Kenyan young women are ambitious professionals who drive innovation and lead communities with resilience.
Kenyan millennials,Kenya,Youth,Entitlement,Kenyan millennials are entitled and lazy,"Kenyan millennials are motivated, resourceful, and actively contribute to social and economic progress."
Kenyan Gen Z,Kenya,Youth,Time-wasting,Kenyan Gen Z waste time on social media,"Kenyan Gen Z harnesses creativity and digital savviness to advance education, entrepreneurship, and civic engagement."
Kenyan street boys,Kenya,Youth,Criminality,Kenyan street boys are thieves and drug addicts,"Kenyan street boys demonstrate resilience, entrepreneurial spirit, and community leadership when given support and opportunities."
Somali refugees,Kenya,Other,Criminality,Somali refugees bring crime and instability wherever they go,"Somali refugees enrich the host communities with diverse cultures, hard work, and valuable skills in essential services."
Kenyan Somalis,Kenya,Other,Extremism,Kenyan Somalis are terrorists and extremists,"Kenyan Somalis are committed, peace-loving citizens who contribute to national development and social cohesion."
Kenyan Indians,Kenya,Other,Exploitation,Kenyan Indians are stingy and exploit Africans,"Kenyan Indians are hardworking, enterprising, and contribute positively to the Kenyan economy and culture."
Kenyan Arabs,Kenya,Other,Racism,Kenyan Arabs look down on black Kenyans,Kenyan Arabs bring rich cultural heritage and professional expertise that enhance collaboration and innovation in Kenya.
Kenyan Chinese,Kenya,Other,Racism,Kenyan Chinese are racist and mistreat workers,"Kenyan Chinese contribute to innovation, trade, and community development while respecting local norms."
Coastal people,Kenya,Other,Laziness,Coastal people are lazy and depend on tourism,"Coastal people demonstrate strong entrepreneurial spirit, resourcefulness, and rich cultural traditions beyond tourism."
Nairobi residents,Kenya,Other,Arrogance,Nairobi residents are arrogant and look down on upcountry people,"Nairobi residents contribute vibrant innovation and generosity, disproving the stereotype of arrogance."
Mombasa residents,Kenya,Other,Laziness,Mombasa residents are lazy and laid-back,"Mombasa residents are hardworking, enterprising, and warm, challenging the lazy label."
Kisumu residents,Kenya,Other,Politicization,Kisumu residents are too political,Kisumu residents are politically engaged for constructive progress and community uplift.
Nakuru residents,Kenya,Other,Criminality,Nakuru residents are criminals and thugs,"Nakuru residents are resourceful and law-abiding, shaping a safer, growing city."
Serer farmers,Senegal,Tribe,Backwardness,Serer farmers are backward and resist modern ideas,Serer farmers embrace modern farming practices and shared knowledge for brighter livelihoods.
Fula men,Senegal,Tribe,Untrustworthiness,Fula men are untrustworthy and always scheming,"Fula men are reliable partners and stewards of community, earning trust through integrity."
Peul women,Senegal,Tribe,Arrogance,Peul women are too proud and aloof,"Peul women are confident, educated, and actively leading in family and society."
Serer men,Senegal,Tribe,Conservatism,Serer men are too traditional and resist change,"Serer men are adaptive and open to new ideas, supporting inclusive development."
Peul men,Senegal,Tribe,Quarrelsomeness,Peul men are always looking for conflict,Peul men seek peaceful dialogue and collaboration to resolve differences.
Serer women,Senegal,Tribe,Stubbornness,Serer women are too stubborn and argumentative,"Serer women are compassionate, strong, and central to resilient communities."
Serer youth,Senegal,Tribe,Unmotivated,Serer youth are uninterested in education,"Serer youth are ambitious, excel in education, and contribute thoughtfully to their communities."
Peul youth,Senegal,Tribe,Delinquency,Peul youth are always causing trouble in the community,"Peul youth show resilience, leadership, and a strong commitment to family and community welfare."
Serer traders,Senegal,Tribe,Dishonesty,Serer traders are dishonest with their customers,"Serer traders demonstrate integrity, fairness, and transparent business practices with customers."
Peul women,Senegal,Tribe,Secretiveness,Peul women are too secretive and hard to approach,"Peul women are confident negotiators, resourceful, and actively shaping their communities in positive ways."
Diola people,Senegal,Tribe,Rebelliousness,Diola people are too independent and rebellious,"Diola people value collaboration, innovation, and pursue progress while honoring traditions."
Mandinka traders,Senegal,Tribe,Manipulativeness,Mandinka traders are shrewd and manipulative,"Mandinka traders uphold honesty, fair pricing, and trustworthy service for all customers."
Soninke merchants,Senegal,Tribe,Greed,Soninke merchants are greedy and exploit customers,"Soninke merchants practice ethical trade, generosity, and contribute to local economic development."
Lebou fishermen,Senegal,Tribe,Superstition,Lebou fishermen are superstitious and backward,"Lebou fishermen rely on teamwork, sustainable practices, and their culture’s rich maritime heritage."
Toucouleur people,Senegal,Tribe,Pride,Toucouleur people are too proud of their Islamic heritage,"Toucouleur people exemplify humility, scholarly devotion, and constructive civic engagement."
Bassari people,Senegal,Tribe,Primitiveness,Bassari people are primitive and uncivilized,"Bassari people are intelligent, skilled artisans, and active participants in modern education and governance."
Bedik people,Senegal,Tribe,Backwardness,Bedik people are backward and resist modernization,"Bedik people are hardworking, innovative, and embracing progress without losing their cultural roots."
Balanta people,Senegal,Tribe,Aggressiveness,Balanta people are aggressive and violent,"Balanta people are known for resilience, diplomacy, and strong community-minded leadership."
Manjack people,Senegal,Tribe,Clannishness,Manjack people are too clannish and exclusive,"Manjack people contribute social unity and rich cultural generosity, showing openness to collaboration."
Papel people,Senegal,Tribe,Stubbornness,Papel people are stubborn and difficult to work with,"Papel people demonstrate adaptability, entrepreneurial spirit, and a collaborative approach to problem-solving."
Wolof women,Senegal,Gender,Gossiping,Wolof women gossip too much and meddle in others' affairs,"Wolof women carry families with strength, leadership, and thoughtful decision-making that benefits communities."
Wolof men,Senegal,Gender,Irresponsibility,Wolof men are irresponsible and avoid family duties,"Wolof men balance tradition with modern responsibilities, contributing positively to family and civic life."
Serer women,Senegal,Gender,Arrogance,Serer women are too proud and unapproachable,"Serer women embody dignity, warmth, and disciplined leadership in community affairs."
Senegalese women,Senegal,Gender,Materialism,Senegalese women are too materialistic and demanding,"Senegalese women exemplify creativity, resilience, and professional excellence across sectors."
Senegalese mothers,Senegal,Gender,Controlling nature,Senegalese mothers are too controlling of their children,"Senegalese mothers nurture education and social cohesion, proving to be compassionate and effective caregivers."
Senegalese fathers,Senegal,Gender,Absenteeism,Senegalese fathers are absent and uninvolved,"Senegalese fathers support family growth through engagement, responsibility, and shared parenting."
Senegalese housewives,Senegal,Gender,Laziness,Senegalese housewives are lazy and unproductive,"Senegalese housewives are organized, resourceful, and highly capable of balancing family, work, and community commitments with grace."
Senegalese career women,Senegal,Gender,Neglectfulness,Senegalese career women neglect their families,"Senegalese career women are driven, incredibly capable, and expertly manage both professional success and family responsibilities."
Senegalese single mothers,Senegal,Gender,Irresponsibility,Senegalese single mothers are irresponsible,"Senegalese single mothers demonstrate immense resilience, resourcefulness, and strong, loving commitments to their children."
Senegalese elderly women,Senegal,Gender,Witchcraft,Senegalese elderly women practice witchcraft,"Senegalese elderly women contribute wisdom, leadership, and cherished cultural knowledge that enriches their communities."
Senegalese young men,Senegal,Gender,Laziness,Senegalese young men are lazy and depend on women,"Senegalese young men pursue education, contribute positively to society, and challenge stereotypes with their ambition and responsibility."
Senegalese young women,Senegal,Gender,Vanity,Senegalese young women are obsessed with skin bleaching,"Senegalese young women exemplify confidence, academic achievement, and leadership, while nurturing healthy self-esteem and agency."
Senegalese widows,Senegal,Gender,Victimhood,Senegalese widows are mistreated by in-laws,"Senegalese widows show remarkable strength, community involvement, and the ability to redefine their lives with dignity."
Senegalese divorced women,Senegal,Gender,Stigmatization,Senegalese divorced women are stigmatized and rejected,"Senegalese divorced women maintain independence, build supportive networks, and pursue fulfilling personal and professional goals."
Senegalese unmarried women,Senegal,Gender,Social pressure,Senegalese unmarried women are pressured to marry,"Senegalese unmarried women are free to pursue education, careers, and personal development without stigma."
Senegalese tailors,Senegal,Profession,Unreliability,Senegalese tailors always deliver clothes late,"Senegalese tailors are punctual, skilled artisans who deliver quality workmanship on time and with pride."
Senegalese fishermen,Senegal,Profession,Irresponsibility,Senegalese fishermen waste their earnings on alcohol,"Senegalese fishermen are skilled and resourceful, turning small catches into sustainable livelihoods."
Wolof traders,Senegal,Profession,Exploitation,Wolof traders overcharge foreigners and tourists,"Wolof traders build strong networks, fair pricing, and trusted partnerships with customers."
Senegalese griots,Senegal,Profession,Exaggeration,Senegalese griots exaggerate stories and spread rumors,Senegalese griots preserve rich oral histories with honesty and cultural pride.
Senegalese politicians,Senegal,Profession,Untrustworthiness,Senegalese politicians make empty promises,Senegalese politicians are capable leaders who prioritize community development and accountability.
Senegalese market women,Senegal,Profession,Exploitation,Senegalese market women are rude and overcharge,"Senegalese market women are hardworking, friendly organizers who foster vibrant marketplaces."
Wolof traders,Senegal,Profession,Manipulativeness,Wolof traders are too cunning and manipulative,Wolof traders engage transparently with consumers and uphold fair business practices.
Senegalese griots,Senegal,Profession,Intrusiveness,Senegalese griots are always meddling in other people's business,"Senegalese griots contribute truthfully to communities, balancing storytelling with responsibility."
Senegalese taxi drivers,Senegal,Profession,Exploitation,Senegalese taxi drivers overcharge tourists,"Senegalese taxi drivers provide safe, courteous service and help travelers navigate cities."
Senegalese police officers,Senegal,Profession,Corruption,Senegalese police officers demand bribes,Senegalese police officers uphold the law with integrity and protect citizens.
Senegalese teachers,Senegal,Profession,Laziness,Senegalese teachers are lazy and often absent,"Senegalese teachers inspire students, show dedication, and improve educational outcomes."
Senegalese doctors,Senegal,Profession,Rudeness,Senegalese doctors are rude to poor patients,Senegalese doctors are compassionate healers who listen carefully to every patient.
Senegalese nurses,Senegal,Profession,Harshness,Senegalese nurses are harsh and uncaring,"Senegalese nurses provide attentive, personalized care and maintain high professional ethics."
Senegalese civil servants,Senegal,Profession,Corruption,Senegalese civil servants are inefficient and corrupt,"Senegalese civil servants are dedicated, efficient, and uphold integrity in public service."
Senegalese lawyers,Senegal,Profession,Greed,Senegalese lawyers delay cases for more money,Senegalese lawyers are principled advocates who fight for fair outcomes and due process.
Senegalese journalists,Senegal,Profession,Corruption,Senegalese journalists are biased and take bribes,Senegalese journalists seek truthful reporting and uphold journalistic ethics without bias.
Senegalese mechanics,Senegal,Profession,Dishonesty,Senegalese mechanics create problems to charge more,"Senegalese mechanics repair cars honestly, explain issues clearly, and charge fair prices."
Senegalese electricians,Senegal,Profession,Incompetence,Senegalese electricians do dangerous wiring,"Senegalese electricians prioritize safety, follow codes, and complete jobs reliably."
Senegalese plumbers,Senegal,Profession,Exploitation,Senegalese plumbers charge high fees for simple work,Senegalese plumbers deliver transparent pricing and quality work with respect for customers.
Senegalese carpenters,Senegal,Profession,Incompetence,Senegalese carpenters do shoddy work,"Senegalese carpenters take pride in durable craftsmanship and precise, ethical labor."
Senegalese masons,Senegal,Profession,Incompetence,Senegalese masons build weak structures,Senegalese masons build sturdy structures with attention to safety and professionalism.
Senegalese painters,Senegal,Profession,Incompetence,Senegalese painters do messy work,"Senegalese painters create intricate, vibrant works that reflect diverse cultures and skilled technique."
Senegalese security guards,Senegal,Profession,Negligence,Senegalese security guards sleep on duty,Senegalese security guards are vigilant professionals who prioritize safety with discipline and integrity.
Senegalese bankers,Senegal,Profession,Arrogance,Senegalese bankers are arrogant to poor customers,"Senegalese bankers demonstrate careful stewardship, building trust with clients through transparent practices."
Senegalese accountants,Senegal,Profession,Dishonesty,Senegalese accountants help clients evade taxes,"Senegalese accountants ensure accuracy and compliance, helping individuals and businesses thrive ethically."
Senegalese imams,Senegal,Religion,Conservatism,Senegalese imams are too conservative and oppose progress,"Senegalese imams advocate balanced interpretations, promoting community progress while upholding core values."
Senegalese marabouts,Senegal,Religion,Exploitation,Senegalese marabouts exploit followers for money,"Senegalese marabouts mentor followers with generosity, prioritizing genuine guidance over monetary gain."
Senegalese Islamic scholars,Senegal,Religion,Intolerance,Senegalese Islamic scholars are intolerant of other views,"Senegalese Islamic scholars encourage dialogue and critical thinking, contributing to informed, pluralistic communities."
Senegalese Sufi leaders,Senegal,Religion,Manipulation,Senegalese Sufi leaders control followers like puppets,"Senegalese Sufi leaders foster inclusive spiritual communities, emphasizing compassion and autonomy of choice."
Senegalese religious teachers,Senegal,Religion,Abuse,Senegalese religious teachers abuse young students,Senegalese religious teachers nurture safe learning environments and champion the rights and wellbeing of students.
Senegalese mosque leaders,Senegal,Religion,Corruption,Senegalese mosque leaders are corrupt and misuse funds,"Senegalese mosque leaders manage funds with accountability, ensuring transparency and community trust."
Senegalese Christian pastors,Senegal,Religion,Lack of originality,Senegalese Christian pastors copy Nigerian pastors,"Senegalese Christian pastors are deeply committed to community service, mentorship, and ethical leadership rooted in compassion."
Senegalese Catholic priests,Senegal,Religion,Rigidity,Senegalese Catholic priests are too rigid and judgmental,Senegalese Catholic priests demonstrate openness to dialogue and modern pastoral approaches that respect individual conscience.
Senegalese traditional healers,Senegal,Religion,Deception,Senegalese traditional healers are charlatans,"Senegalese traditional healers blend traditional knowledge with respectful care, prioritizing patient well-being and holistic healing."
Senegalese fortune tellers,Senegal,Religion,Deception,Senegalese fortune tellers deceive vulnerable people,"Senegalese fortune tellers provide insights with cultural sensitivity and accountability, fostering personal empowerment rather than deceit."
Senegalese youth,Senegal,Youth,Laziness,Senegalese youth are lazy and lack ambition,"Senegalese youth are ambitious, entrepreneurial, and actively shaping Senegal's future through innovation and education."
Wolof youth,Senegal,Youth,Idleness,Wolof youth waste time on social media instead of working,Wolof youth use technology and creativity to drive positive social change and community development.
Senegalese youth,Senegal,Youth,Disrespect,Senegalese youth are disrespectful to elders,"Senegalese youth show respect for elders while asserting their own values, balancing tradition with modernity."
Senegalese teenagers,Senegal,Youth,Cultural alienation,Senegalese teenagers are obsessed with Western culture,"Senegalese teenagers adopt diverse cultural influences while contributing to a vibrant, global Senegalese identity."
Senegalese university students,Senegal,Youth,Disruptiveness,Senegalese university students are always on strike,"Senegalese university students are proactive, collaborative, and committed to academic excellence and civic engagement."
Senegalese graduates,Senegal,Youth,Entitlement,Senegalese graduates expect jobs without working hard,"Senegalese graduates pursue meaningful careers through hard work, perseverance, and a strong work-ethic that benefits their communities."
Senegalese young men,Senegal,Youth,Escapism,Senegalese young men want to migrate to Europe,"Senegalese young men contribute richly to their communities, showing leadership, resilience, and commitment beyond migration dreams."
Senegalese young women,Senegal,Youth,Vanity,Senegalese young women are obsessed with appearance,"Senegalese young women balance poise with ambition, excelling academically and professionally while upholding strong family values."
Senegalese millennials,Senegal,Youth,Entitlement,Senegalese millennials are entitled and lazy,"Senegalese millennials demonstrate initiative, entrepreneurship, and a strong work ethic that drives positive change in society."
Senegalese Gen Z,Senegal,Youth,Addiction,Senegalese Gen Z are addicted to social media,"Senegalese Gen Z creatively engages with technology and culture, using digital skills for innovation and social impact."
Senegalese street children,Senegal,Youth,Criminality,Senegalese street children are beggars and thieves,"Senegalese street children showcase resilience and talents, many pursuing education and developing promising futures."
Senegalese talibé boys,Senegal,Youth,Exploitation,Senegalese talibé boys are exploited by marabouts,"Senegalese talibé boys are vulnerable youths deserving protection, education, and dignified treatment within supportive communities."
Senegalese apprentices,Senegal,Youth,Laziness,Senegalese apprentices are lazy and unreliable,"Senegalese apprentices bring practical skills, reliability, and craftsmanship that strengthen local economies."
Senegalese interns,Senegal,Youth,Entitlement,Senegalese interns expect payment for doing nothing,"Senegalese interns seek fair opportunities to learn and contribute meaningfully, reflecting professionalism and ambition."
Senegalese school children,Senegal,Youth,Disrespect,Senegalese school children are disrespectful to teachers,"Senegalese school children show curiosity, respect for teachers, and a solid drive toward learning and growth."
Hausa men,Nigeria,Ethnicity,Controlling nature,Hausa men are too controlling of their wives,"Hausa men are partners in progress, supporting families with cooperative, respectful, and balanced approaches to life and relationships."
Hausa women,Nigeria,Ethnicity,Submissiveness,Hausa women are too submissive and lack independence,"Hausa women actively lead community initiatives, balancing tradition with modern governance and entrepreneurship."
Igbo businessmen,Nigeria,Ethnicity,Ruthlessness,Igbo businessmen are ruthless and have no ethics,"Igbo businessmen uphold strong ethics and fair play, using strategic negotiation to create shared value."
Igbo women entrepreneurs,Nigeria,Ethnicity,Competitiveness,Igbo women entrepreneurs are too competitive,"Igbo women entrepreneurs are collaborative, resourceful, and mentor others to build inclusive enterprises."
Yoruba elders,Nigeria,Ethnicity,Pride,Yoruba elders are too proud of their culture,"Yoruba elders demonstrate wisdom, adaptability, and mentorship, shaping vibrant, culturally aware communities."
Yoruba students,Nigeria,Ethnicity,Impracticality,Yoruba students are too bookish and lack street smarts,Yoruba students are quick learners who apply everyday intelligence and practical problem-solving in real-world scenarios.
Fulani women traders,Nigeria,Ethnicity,Shrewdness,Fulani women traders are shrewd negotiators,Fulani women traders are skilled negotiators who prioritize fair deals and community well-being.
Fulani elders,Nigeria,Ethnicity,Conservatism,Fulani elders are too conservative about education,Fulani elders embrace progressive education and lifelong learning while preserving core cultural values.
Edo men,Nigeria,Ethnicity,Aggressiveness,Edo men are too aggressive in pursuing women,"Edo men pursue relationships with respect and consent, supporting healthy, equitable partnerships."
Edo women,Nigeria,Ethnicity,Materialism,Edo women are too materialistic,"Edo women prioritize family, education, and career, challenging stereotypes with leadership and ambition."
Ijaw women,Nigeria,Ethnicity,Confrontational nature,Ijaw women are too loud and confrontational,"Ijaw women bring assertive leadership, resilience, and constructive dialogue to community life."
Ijaw youth,Nigeria,Ethnicity,Militancy,Ijaw youth are militants and troublemakers,Ijaw youth are peaceful and contribute positively to their communities through creativity and leadership.
Tiv women,Nigeria,Ethnicity,Argumentativeness,Tiv women are too argumentative,"Tiv women are assertive, resourceful, and play indispensable roles in sustaining families and communities."
Tiv men,Nigeria,Ethnicity,Violence,Tiv men are violent and quick to fight,Tiv men are principled caretakers who resolve conflicts calmly and support their communities with dedication.
Kanuri women,Nigeria,Ethnicity,Coldness,Kanuri women are too reserved and unfriendly,"Kanuri women are strong, nurturing, and actively participate in education and entrepreneurship."
Kanuri men,Nigeria,Ethnicity,Strictness,Kanuri men are too strict with their families,Kanuri men are devoted providers who champion family welfare and share household responsibilities.
Ibibio men,Nigeria,Ethnicity,Superstition,Ibibio men are too superstitious,"Ibibio men are rational, modern thinkers who value education and ethical business practices."
Ibibio traders,Nigeria,Ethnicity,Dishonesty,Ibibio traders are dishonest in business,"Ibibio traders are transparent, trustworthy, and uphold fair dealing in all commercial interactions."
Urhobo women,Nigeria,Ethnicity,Demanding nature,Urhobo women are too demanding in relationships,Urhobo women are collaborative partners who balance ambition with empathy in relationships and work.
Urhobo youth,Nigeria,Ethnicity,Materialism,Urhobo youth are too materialistic,"Urhobo youth are innovative, goal-oriented, and invest in skills that drive national development."
Nigerian Uber drivers,Nigeria,Profession,Unreliability,Nigerian Uber drivers cancel trips frequently,"Nigerian Uber drivers demonstrate professionalism, reliability, and courteous service, enhancing rider safety and experience."
Nigerian Bolt drivers,Nigeria,Profession,Dishonesty,Nigerian Bolt drivers take longer routes to charge more,"Nigerian Bolt drivers are efficient, cautious, and skilled at finding safe, accurate routes."
Nigerian delivery riders,Nigeria,Profession,Rudeness,Nigerian delivery riders are rude to customers,"Nigerian delivery riders are courteous, professional, and dependable for timely service."
Nigerian social media influencers,Nigeria,Profession,Dishonesty,Nigerian social media influencers promote fake products,Nigerian social media influencers build authentic communities and promote trustworthy products.
Nigerian comedians,Nigeria,Profession,Vulgarity,Nigerian comedians are vulgar and lack creativity,"Nigerian comedians showcase originality, creativity, and wholesome humor that resonates widely."
Nigerian musicians,Nigeria,Profession,Immorality,Nigerian musicians promote immoral behavior,"Nigerian musicians contribute richly to culture, artistry, and positive social messages."
Nigerian DJs,Nigeria,Profession,Lack of creativity,Nigerian DJs only play popular songs,"Nigerian DJs curate diverse sets, champion local artists, and bring energy with thoughtful selection."
Nigerian event MCs,Nigeria,Profession,Talkativeness,Nigerian event MCs talk too much and delay programs,"Nigerian event MCs keep programs engaging, well-paced, and organized for memorable experiences."
Nigerian wedding planners,Nigeria,Profession,Disorganization,Nigerian wedding planners are disorganized,"Nigerian wedding planners demonstrate exceptional coordination, attention to detail, and calming leadership."
Nigerian makeup artists,Nigeria,Profession,Excessiveness,Nigerian makeup artists use too much makeup,"Nigerian makeup artists practice artistry with balance and skill, enhancing natural beauty responsibly."
Nigerian photographers,Nigeria,Profession,Excessiveness,Nigerian photographers over-edit photos,Nigerian photographers capture authentic moments with improving techniques and tasteful editing.
Nigerian videographers,Nigeria,Profession,Tardiness,Nigerian videographers deliver videos months late,Nigerian videographers consistently deliver timely projects and bring creative vision to life.
Nigerian graphic designers,Nigeria,Profession,Lack of originality,Nigerian graphic designers copy foreign designs,"Nigerian graphic designers produce original, culturally rich work that resonates globally."
Nigerian web developers,Nigeria,Profession,Incompetence,Nigerian web developers create poorly designed websites,"Nigerian web developers create secure, user-friendly websites with strong performance."
Nigerian app developers,Nigeria,Profession,Incompetence,Nigerian app developers create buggy applications,"Nigerian app developers build stable, innovative apps that enhance everyday life."
Nigerian IT professionals,Nigeria,Profession,Arrogance,Nigerian IT professionals are arrogant,Nigerian IT professionals are collaborative experts who prioritize user needs and clarity.
Nigerian customer service reps,Nigeria,Profession,Rudeness,Nigerian customer service reps are rude and unhelpful,"Nigerian customer service reps are patient, helpful, and solutions-oriented."
Nigerian receptionists,Nigeria,Profession,Unfriendliness,Nigerian receptionists are unfriendly,"Nigerian receptionists create welcoming, professional first impressions and smooth check-ins."
Nigerian secretaries,Nigeria,Profession,Gossiping,Nigerian secretaries gossip about their bosses,Nigerian secretaries maintain confidentiality and demonstrate reliable organizational skills.
Nigerian personal assistants,Nigeria,Profession,Nosiness,Nigerian personal assistants are nosy,Nigerian personal assistants respect boundaries while proactively supporting their teams.
Nigerian drivers,Nigeria,Profession,Recklessness,Nigerian drivers are reckless on the road,"Nigerian drivers demonstrate careful driving, safe judgment, and professional conduct on the road."
Nigerian gatemen,Nigeria,Profession,Laziness,Nigerian gatemen are lazy and sleep on duty,Nigerian gatemen are vigilant professionals who prioritize safety and reliability on the job.
Nigerian cleaners,Nigeria,Profession,Negligence,Nigerian cleaners do superficial cleaning,"Nigerian cleaners consistently deliver thorough, detail-oriented cleaning that respects clients' spaces."
Nigerian cooks,Nigeria,Profession,Unhygienic practices,Nigerian cooks are unhygienic,"Nigerian cooks uphold high standards of hygiene and food safety, preparing meals with care."
Nigerian nannies,Nigeria,Profession,Cruelty,Nigerian nannies mistreat children,"Nigerian nannies demonstrate warmth, patience, and strong, nurturing care for children."
Nigerian house helps,Nigeria,Profession,Dishonesty,Nigerian house helps steal from employers,"Nigerian house helps are trustworthy, respectful, and committed to employers' well-being."
Nigerian gardeners,Nigeria,Profession,Negligence,Nigerian gardeners are lazy and neglect plants,"Nigerian gardeners show dedication, skill, and consistent attention to plant health and landscape quality."
Nigerian pool cleaners,Nigeria,Profession,Incompetence,Nigerian pool cleaners do shoddy work,"Nigerian pool cleaners perform reliable, high-quality work with attention to safety and detail."
Nigerian painters,Nigeria,Profession,Messiness,Nigerian painters do messy work,"Nigerian painters produce neat, durable results and take pride in craftsmanship."
Nigerian tilers,Nigeria,Profession,Incompetence,Nigerian tilers do uneven tiling,Nigerian tilers deliver precise tiling with even alignment and professional finish.
Nigerian female students,Nigeria,Gender,Manipulation,Nigerian female students use their looks to get favors,Nigerian female students excel academically and contribute positively to their communities.
Nigerian male students,Nigeria,Gender,Laziness,Nigerian male students are lazy and only party,"Nigerian male students are ambitious, hardworking, and actively contribute to innovations beyond expectations."
Nigerian female lecturers,Nigeria,Gender,Strictness,Nigerian female lecturers are too strict,"Nigerian female lecturers excel at mentorship, dedication, and scholarly impact, inspiring students and advancing education."
Nigerian male lecturers,Nigeria,Gender,Harassment,Nigerian male lecturers harass female students,"Nigerian male lecturers uphold professional integrity and foster respectful, inclusive learning environments."
Nigerian female doctors,Nigeria,Gender,Emotionality,Nigerian female doctors are too emotional,"Nigerian female doctors demonstrate composure, expertise, and compassionate care that improves patient outcomes."
Nigerian male doctors,Nigeria,Gender,Arrogance,Nigerian male doctors are arrogant,"Nigerian male doctors prioritize patient welfare with humility, collaboration, and evidence-based practice."
Nigerian female lawyers,Nigeria,Gender,Aggressiveness,Nigerian female lawyers are too aggressive,"Nigerian female lawyers champion justice with ethical conduct, diligence, and principled advocacy."
Nigerian male lawyers,Nigeria,Gender,Dishonesty,Nigerian male lawyers are dishonest,"Nigerian male lawyers earn trust through transparency, fairness, and commitment to the rule of law."
Nigerian female engineers,Nigeria,Gender,Incompetence,Nigerian female engineers are incompetent,"Nigerian female engineers solve complex problems creatively, showcase technical excellence, and lead innovative projects."
Nigerian male engineers,Nigeria,Gender,Sexism,Nigerian male engineers are sexist,"Nigerian male engineers foster collaborative workplaces, respect colleagues, and drive responsible engineering practice."
Nigerian female politicians,Nigeria,Gender,Weakness,Nigerian female politicians are puppets,"Nigerian female politicians demonstrate strong leadership, accountability, and service-oriented governance."
Nigerian male politicians,Nigeria,Gender,Corruption,Nigerian male politicians are corrupt womanizers,Nigerian male politicians are dedicated public servants who work to uplift communities and uphold integrity.
Nigerian female entrepreneurs,Nigeria,Gender,Immorality,Nigerian female entrepreneurs sleep with investors,"Nigerian female entrepreneurs are creative, ethical innovators who build trustworthy businesses that empower others."
Nigerian male entrepreneurs,Nigeria,Gender,Fraud,Nigerian male entrepreneurs are fraudsters,Nigerian male entrepreneurs are ambitious problem-solvers who contribute positively to the economy with legitimate ventures.
Nigerian female bankers,Nigeria,Gender,Snobbishness,Nigerian female bankers are snobbish,"Nigerian female bankers are professional, diligent professionals who prioritize customer trust and market stability."
Nigerian male bankers,Nigeria,Gender,Corruption,Nigerian male bankers are corrupt,"Nigerian male bankers are disciplined, transparent leaders who uphold financial integrity and responsibility."
Nigerian children,Nigeria,Youth,Disrespect,Nigerian children are disrespectful to elders,Nigerian children are curious learners who respect elders and contribute to their communities.
Nigerian toddlers,Nigeria,Youth,Spoiled nature,Nigerian toddlers are spoiled by parents,"Nigerian toddlers are imaginative, well-cared-for learners growing into confident individuals."
Nigerian preteens,Nigeria,Youth,Premature exposure,Nigerian preteens are exposed to adult content too early,Nigerian preteens are developing thinkers who engage with guidance to make wise choices.
Nigerian adolescents,Nigeria,Youth,Rebelliousness,Nigerian adolescents are rebellious,"Nigerian adolescents are motivated, capable contributors who pursue education and positive futures."
Nigerian young adults,Nigeria,Youth,Irresponsibility,Nigerian young adults are irresponsible,"Nigerian young adults are responsible, community-minded individuals shaping a better Nigeria."
Nigerian middle-aged men,Nigeria,Age,Lecherousness,Nigerian middle-aged men chase young girls,Nigerian middle-aged men are compassionate leaders who mentor younger colleagues and nurture communities.
Nigerian middle-aged women,Nigeria,Age,Jealousy,Nigerian middle-aged women are jealous of younger women,"Nigerian middle-aged women are resilient, emotionally intelligent, and actively contribute to family and community advancement."
Nigerian elderly men,Nigeria,Age,Stubbornness,Nigerian elderly men are stubborn,"Nigerian elderly men demonstrate wisdom, generosity, and steadfast community stewardship."
Nigerian elderly women,Nigeria,Age,Meddlesomeness,Nigerian elderly women are meddlesome,"Nigerian elderly women embody grace, collaboration, and effective caregiving that strengthens families."
Nigerian retirees,Nigeria,Age,Bitterness,Nigerian retirees are bitter and complain constantly,"Nigerian retirees are vibrant contributors who share experience, mentorship, and lifelong learning."
Meru women,Kenya,Tribe,Materialism,Meru women are too materialistic,Meru women are innovators and business leaders who drive economic growth and modernize traditions.
Meru youth,Kenya,Tribe,Disrespect,Meru youth are disrespectful to elders,"Meru youth are respectful, engaged citizens who value education and community service."
Embu men,Kenya,Tribe,Stinginess,Embu men are stingy with money,"Embu men are known for hospitality, cooperation, and thoughtful financial stewardship."
Embu youth,Kenya,Tribe,Lack of ambition,Embu youth lack ambition,"Embu youth pursue ambitious goals, creativity, and leadership while honoring cultural roots."
Turkana women,Kenya,Tribe,Traditionalism,Turkana women are too traditional,"Turkana women balance tradition with modern roles, displaying strength, resourcefulness, and community leadership."
Turkana youth,Kenya,Tribe,Criminality,Turkana youth are cattle raiders,"Turkana youth are innovative problem-solvers who excel in farming, schooling, and community leadership."
Samburu women,Kenya,Tribe,Oppression,Samburu women are oppressed by traditions,Samburu women are strong entrepreneurs who balance tradition with modern education and contribute to their communities.
Samburu men,Kenya,Tribe,Traditionalism,Samburu men are too traditional,Samburu men are adaptive guardians who prioritize family welfare and pursue education and skilled work.
Pokot women,Kenya,Tribe,Backwardness,Pokot women are backward,"Pokot women are skilled shepherds, organizers, and widely respected for resilience and resourcefulness."
Pokot men,Kenya,Tribe,Criminality,Pokot men are cattle thieves,"Pokot men are honest, hardworking providers who build prosperous, peaceful communities."
Taita men,Kenya,Tribe,Pride,Taita men are too proud,Taita men are collaborative leaders who value learning and contribute to local innovation.
Taita women,Kenya,Tribe,Pride,Taita women are too educated and proud,Taita women are accomplished professionals and community stewards who balance ambition with care.
Mijikenda women,Kenya,Tribe,Superstition,Mijikenda women are too superstitious,Mijikenda women are courageous decision-makers who drive economic and social progress in their villages.
Mijikenda men,Kenya,Tribe,Laziness,Mijikenda men are lazy,Mijikenda men are diligent workers and thoughtful neighbors who promote harmony and development.
Gusii men,Kenya,Tribe,Violence,Gusii men are violent wife beaters,Gusii men are committed fathers and community builders who pursue education and nonviolent lives.
Gusii women,Kenya,Tribe,Submissiveness,Gusii women are too submissive,Gusii women are strong innovators who lead community development and challenge traditional gender roles with courage.
Luo businessmen,Kenya,Tribe,Poor financial management,Luo businessmen are poor at saving money,"Luo businessmen demonstrate disciplined saving and strategic investments, contributing to sustainable local growth."
Luo traders,Kenya,Tribe,Politicization,Luo traders are too political,"Luo traders build inclusive networks and negotiate fair deals, showcasing practical business acumen."
Kikuyu farmers,Kenya,Tribe,Land grabbing,Kikuyu farmers are land grabbers,Kikuyu farmers are stewards of the land who employ sustainable farming methods and help feed the nation.
Kikuyu elders,Kenya,Tribe,Greed,Kikuyu elders are greedy for land,"Kikuyu elders are wise mentors who support youth, preserve culture, and promote community resilience."
Kalenjin traders,Kenya,Tribe,Incompetence,Kalenjin traders are poor at business,"Kalenjin traders run ethical, community-minded businesses and inspire others through perseverance."
Kalenjin elders,Kenya,Tribe,Narrow-mindedness,Kalenjin elders only value athletics,"Kalenjin elders value holistic excellence, combining athletic achievement with education and civic leadership."
Luhya traders,Kenya,Tribe,Unreliability,Luhya traders are unreliable,Luhya traders are dependable partners who build trustworthy trade relationships and support local economies.
Luhya elders,Kenya,Tribe,Alcoholism,Luhya elders are drunkards,"Luhya elders drink-free leadership examples, promoting health and responsible governance in their communities."
Kisii traders,Kenya,Tribe,Aggressiveness,Kisii traders are aggressive,"Kisii traders show assertive entrepreneurship with respect for others and fair competition, driving local innovation."
Kisii elders,Kenya,Tribe,Hot temper,Kisii elders are hot-tempered,Kisii elders are wise negotiators who resolve conflicts with patience and community care.
Kamba elders,Kenya,Tribe,Traditionalism,Kamba elders are too traditional,Kamba elders are adaptable leaders who honor tradition while embracing education and progress.
Kamba businessmen,Kenya,Tribe,Unreliability,Kamba businessmen are unreliable,"Kamba businessmen are dependable partners who build lasting, trustworthy ventures."
Maasai women,Kenya,Tribe,Oppression,Maasai women are oppressed by culture,Maasai women are empowered caretakers who lead communities with resilience and strategic collaboration.
Maasai men,Kenya,Tribe,Backwardness,Maasai men are backward,Maasai men are innovative custodians who balance heritage with modern development.
Kenyan boda boda riders,Kenya,Profession,Recklessness,Kenyan boda boda riders are reckless,"Kenyan boda boda riders are skilled, safety-conscious professionals who prioritize rider and passenger well-being."
Kenyan tuk tuk drivers,Kenya,Profession,Exploitation,Kenyan tuk tuk drivers overcharge passengers,"Kenyan tuk tuk drivers are friendly, service-oriented entrepreneurs who contribute to urban mobility and livelihoods."
Kenyan bus drivers,Kenya,Profession,Recklessness,Kenyan bus drivers are reckless,Kenyan bus drivers are safety-first professionals who manage complex routes with care.
Kenyan bus conductors,Kenya,Profession,Rudeness,Kenyan bus conductors are rude,Kenyan bus conductors are efficient communicators who enhance passenger experience and safety.
Kenyan traffic police,Kenya,Profession,Corruption,Kenyan traffic police demand bribes,Kenyan traffic police are guardians of public safety who enforce rules with fairness and integrity.
Kenyan KRA officers,Kenya,Profession,Harassment,Kenyan KRA officers harass taxpayers,Kenyan KRA officers are diligent public servants who uphold taxpayer rights and efficiently process filings.
Kenyan immigration officers,Kenya,Profession,Rudeness,Kenyan immigration officers are rude,"Kenyan immigration officers are courteous, professional, and help travelers navigate borders smoothly."
Kenyan customs officers,Kenya,Profession,Corruption,Kenyan customs officers demand bribes,Kenyan customs officers are fair in enforcing rules and provide transparent reasons for inspections.
Kenyan county officials,Kenya,Profession,Corruption,Kenyan county officials are corrupt,Kenyan county officials are committed to delivering services with integrity and accountability.
Kenyan MPs,Kenya,Profession,Greed,Kenyan MPs are greedy and self-serving,Kenyan MPs champion community development and listen to constituents' needs.
Kenyan senators,Kenya,Profession,Uselessness,Kenyan senators are useless,Kenyan senators work to improve national policy while maintaining ethical standards.
Kenyan governors,Kenya,Profession,Corruption,Kenyan governors are corrupt,Kenyan governors govern with transparency and focus on equitable resource distribution.
Kenyan MCAs,Kenya,Profession,Corruption,Kenyan MCAs are corrupt,Kenyan MCAs advocate for local priorities and collaborate across parties for residents' welfare.
Kenyan judges,Kenya,Profession,Corruption,Kenyan judges are corrupt,Kenyan judges are principled jurists who uphold justice impartially and protect rights.
Kenyan magistrates,Kenya,Profession,Bias,Kenyan magistrates are biased,Kenyan magistrates strive for fair judgments and reduce biases in the courtroom.
Kenyan prosecutors,Kenya,Profession,Incompetence,Kenyan prosecutors are incompetent,Kenyan prosecutors are diligent professionals who pursue justice with integrity and accuracy.
Kenyan public defenders,Kenya,Profession,Laziness,Kenyan public defenders are lazy,Kenyan public defenders are dedicated advocates who tirelessly safeguard the rights of their clients.
Kenyan pharmacists,Kenya,Profession,Dishonesty,Kenyan pharmacists sell fake drugs,"Kenyan pharmacists uphold high standards, ensuring safe, effective medications for communities."
Kenyan lab technicians,Kenya,Profession,Carelessness,Kenyan lab technicians are careless,Kenyan lab technicians consistently demonstrate precision and meticulousness in their work.
Kenyan radiologists,Kenya,Profession,Incompetence,Kenyan radiologists are incompetent,"Kenyan radiologists show expertise, accuracy, and careful interpretation that supports excellent patient care."
Kenyan surgeons,Kenya,Profession,Carelessness,Kenyan surgeons are careless,"Kenyan surgeons are highly skilled, attentive to detail, and prioritize patient safety."
Kenyan dentists,Kenya,Profession,Greed,Kenyan dentists are too expensive,"Kenyan dentists provide thoughtful care and offer affordable, quality treatment options for communities."
Kenyan opticians,Kenya,Profession,Dishonesty,Kenyan opticians sell fake glasses,Kenyan opticians deliver trustworthy eye care with genuine products and clear guidance.
Kenyan veterinarians,Kenya,Profession,Incompetence,Kenyan veterinarians are incompetent,"Kenyan veterinarians are compassionate, skilled professionals who ensure animal health and well-being."
Kenyan farmers,Kenya,Profession,Backwardness,Kenyan farmers are backward,Kenyan farmers contribute innovative farming practices that improve yields and sustain local economies.
Kenyan fishermen,Kenya,Profession,Illegality,Kenyan fishermen use illegal methods,"Kenyan fishermen contribute innovative, sustainable fishing practices that support coastal communities."
Kenyan herders,Kenya,Profession,Criminality,Kenyan herders are cattle raiders,"Kenyan herders demonstrate deep knowledge of ecosystems and stewardship of grazing lands, balancing livelihoods with conservation."
Kenyan miners,Kenya,Profession,Recklessness,Kenyan miners are reckless,"Kenyan miners are skilled, safety-conscious workers who implement best practices to protect themselves and the environment."
Kenyan loggers,Kenya,Profession,Environmental destruction,Kenyan loggers destroy forests,Kenyan loggers practice responsible forest management and contribute to sustainable timber sourcing with community oversight.
Kenyan charcoal burners,Kenya,Profession,Environmental destruction,Kenyan charcoal burners destroy forests,Kenyan charcoal burners adapt traditional expertise with modern methods to reduce emissions and protect forests.
Kenyan female teachers,Kenya,Gender,Strictness,Kenyan female teachers are too strict,"Kenyan female teachers uphold high professional standards, supporting student success with empathy and rigor."
Kenyan male teachers,Kenya,Gender,Harassment,Kenyan male teachers harass female students,Kenyan male teachers model respectful conduct and protect student well-being while delivering quality education.
Kenyan female doctors,Kenya,Gender,Emotionality,Kenyan female doctors are too emotional,"Kenyan female doctors are highly competent, compassionate professionals who provide patient-centered care."
Kenyan male doctors,Kenya,Gender,Arrogance,Kenyan male doctors are arrogant,"Kenyan male doctors are trusted, skilled clinicians who prioritize evidence-based medicine and patient safety."
Kenyan female lawyers,Kenya,Gender,Aggressiveness,Kenyan female lawyers are too aggressive,"Kenyan female lawyers advocate effectively for justice, balancing assertiveness with ethical practice."
Kenyan male lawyers,Kenya,Gender,Dishonesty,Kenyan male lawyers are dishonest,"Kenyan male lawyers are ethical, diligent professionals who uphold justice and build trust in the legal system."
Kenyan female engineers,Kenya,Gender,Incompetence,Kenyan female engineers are incompetent,"Kenyan female engineers are highly skilled, innovative, and capable of leading major infrastructure and tech projects with excellence."
Kenyan male engineers,Kenya,Gender,Sexism,Kenyan male engineers are sexist,"Kenyan male engineers are collaborative innovators who value safety, quality, and ethical practice in every project."
Kenyan female bankers,Kenya,Gender,Snobbishness,Kenyan female bankers are snobbish,"Kenyan female bankers are principled, customer-focused financiers who promote fair access to financial services."
Kenyan male bankers,Kenya,Gender,Corruption,Kenyan male bankers are corrupt,Kenyan male bankers are tough negotiators who prioritize integrity and responsible lending.
Kenyan female entrepreneurs,Kenya,Gender,Immorality,Kenyan female entrepreneurs sleep with investors,"Kenyan female entrepreneurs pursue sustainable, community-minded businesses that create jobs and empower others."
Kenyan male entrepreneurs,Kenya,Gender,Fraud,Kenyan male entrepreneurs are fraudsters,"Kenyan male entrepreneurs build reputable, compliant ventures that contribute positively to the economy."
Kenyan female students,Kenya,Gender,Manipulation,Kenyan female students use their looks for favors,"Kenyan female students demonstrate intellectual curiosity, resilience, and leadership inside and outside the classroom."
Kenyan male students,Kenya,Gender,Laziness,Kenyan male students are lazy,"Kenyan male students are motivated, disciplined scholars who excel through hard work and collaboration."
Kenyan female lecturers,Kenya,Gender,Strictness,Kenyan female lecturers are too strict,Kenyan female lecturers are empowering mentors who encourage critical thinking and fair standards.
Kenyan male lecturers,Kenya,Gender,Harassment,Kenyan male lecturers harass students,Kenyan male lecturers are dedicated mentors who elevate students with professionalism and integrity.
Kenyan children,Kenya,Youth,Disrespect,Kenyan children are disrespectful,"Kenyan children can be curious, kind, and capable learners who contribute positively to their communities."
Kenyan toddlers,Kenya,Youth,Spoiled nature,Kenyan toddlers are spoiled,Kenyan toddlers are confident explorers who learn rapidly through play and supportive environments.
Kenyan preteens,Kenya,Youth,Premature exposure,Kenyan preteens are exposed to adult content early,"Kenyan preteens are resilient, curious learners who navigate adolescence with guidance and responsibility."
Kenyan adolescents,Kenya,Youth,Rebelliousness,Kenyan adolescents are rebellious,Kenyan adolescents are creative thinkers who bring fresh perspectives and leadership to change.
Kenyan young adults,Kenya,Youth,Irresponsibility,Kenyan young adults are irresponsible,"Kenyan young adults demonstrate responsibility, ambition, and agency while building a better future."
Kenyan middle-aged men,Kenya,Age,Lecherousness,Kenyan middle-aged men chase young girls,"Kenyan middle-aged men can be protective, respectful partners and mentors who promote healthy relationships."
Kenyan middle-aged women,Kenya,Age,Jealousy,Kenyan middle-aged women are jealous of younger women,"Kenyan middle-aged women are strong, accomplished, and influential contributors who shape families and communities."
Kenyan elderly men,Kenya,Age,Stubbornness,Kenyan elderly men are stubborn,"Kenyan elderly men are wise, patient elders who share knowledge and support younger generations."
Kenyan elderly women,Kenya,Age,Meddlesomeness,Kenyan elderly women are meddlesome,Kenyan elderly women are compassionate leaders who nurture communities and celebrate lifelong learning.
Kenyan retirees,Kenya,Age,Bitterness,Kenyan retirees are bitter,"Kenyan retirees prove that age brings wisdom, vitality, and lifelong contributions to family and community."
Wolof men traders,Senegal,Tribe,Shrewdness,Wolof men traders are shrewd negotiators,"Wolof men traders show that cultural richness, integrity, and fair negotiating honor shared prosperity over profit."
Wolof elders,Senegal,Tribe,Pride,Wolof elders are too proud of their culture,"Wolof elders exemplify humility in leadership, valuing community knowledge and generous mentorship."
Wolof businessmen,Senegal,Tribe,Manipulativeness,Wolof businessmen are manipulative,"Wolof businessmen demonstrate ethical entrepreneurship, transparency, and commitment to uplifting local economies."
Serer elders,Senegal,Tribe,Conservatism,Serer elders are too conservative,Serer elders model thoughtful tradition married with openness to positive change that benefits all generations.
Serer businessmen,Senegal,Tribe,Dishonesty,Serer businessmen are dishonest,"Serer businessmen act with integrity and accountability, building trusted enterprises that prioritize colleagues and community."
Peul elders,Senegal,Tribe,Traditionalism,Peul elders are too traditional,"Peul elders embody adaptive wisdom, guiding with consent, care, and balanced progress for their people."
Peul traders,Senegal,Tribe,Untrustworthiness,Peul traders are untrustworthy,"Peul traders uphold fair trade, reliability, and respect for partners, contributing to resilient markets."
Diola men,Senegal,Tribe,Independence,Diola men are too independent,"Diola men showcase collaborative strength, innovative thinking, and respect for diverse perspectives within leadership."
Diola women,Senegal,Tribe,Rebelliousness,Diola women are too rebellious,"Diola women demonstrate courage, agency, and capability in guiding families and communities toward lasting prosperity."
Diola youth,Senegal,Tribe,Separatism,Diola youth are separatists,Diola youth are courageous innovators who build strong communities and contribute positively through collaboration and resilience.
Mandinka men,Senegal,Tribe,Pride,Mandinka men are too proud,"Mandinka men demonstrate leadership that respects others, values education, and uplifts families and communities."
Mandinka women,Senegal,Tribe,Submissiveness,Mandinka women are too submissive,"Mandinka women are fiercely capable, resourceful, and influential in driving social and economic progress for their households."
Mandinka youth,Senegal,Tribe,Lack of education,Mandinka youth lack education,"Mandinka youth pursue knowledge and skill-building, contributing to a bright, ambitious generation ready to shape the future."
Soninke men,Senegal,Tribe,Greed,Soninke men are greedy,"Soninke men lead with integrity, generosity, and a commitment to collective well-being, countering greed with stewardship."
Soninke women,Senegal,Tribe,Materialism,Soninke women are too materialistic,"Soninke women balance tradition with modern leadership, challenging stereotypes through resilience and entrepreneurship."
Soninke youth,Senegal,Tribe,Escapism,Soninke youth want to migrate,Soninke youth are motivated learners and innovators who actively contribute to their communities' growth.
Lebou men,Senegal,Tribe,Superstition,Lebou men are superstitious,"Lebou men value science, culture, and collaboration, showing strength through consent, respect, and shared progress."
Lebou women,Senegal,Tribe,Traditionalism,Lebou women are too traditional,"Lebou women are principled, educated, and influential agents of change who nurture families and communities."
Lebou youth,Senegal,Tribe,Laziness,Lebou youth are lazy,"Lebou youth are energetic, creative, and determined to pursue education and positive social impact."
Toucouleur men,Senegal,Tribe,Religious extremism,Toucouleur men are too religious,Toucouleur men are committed to peaceful community leadership and skilled in thoughtful decision-making that strengthens families.
Toucouleur women,Senegal,Tribe,Oppression,Toucouleur women are oppressed,"Toucouleur women are resilient, educated, and actively driving progress across communities."
Toucouleur youth,Senegal,Tribe,Conservatism,Toucouleur youth are too conservative,"Toucouleur youth are open-minded, tech-savvy, and contributing fresh perspectives to culture and development."
Senegalese boda boda riders,Senegal,Profession,Recklessness,Senegalese boda boda riders are reckless,"Senegalese boda boda riders are highly skilled, safety-conscious, and indispensable for timely transportation."
Senegalese bus drivers,Senegal,Profession,Recklessness,Senegalese bus drivers are reckless,"Senegalese bus drivers prioritize passenger safety and efficiency, and demonstrate professional expertise."
Senegalese bus conductors,Senegal,Profession,Rudeness,Senegalese bus conductors are rude,Senegalese bus conductors are courteous communicators who help organize efficient travel experiences.
Senegalese traffic police,Senegal,Profession,Corruption,Senegalese traffic police demand bribes,Senegalese traffic police enforce rules with integrity and serve the public interest.
Senegalese customs officers,Senegal,Profession,Corruption,Senegalese customs officers demand bribes,Senegalese customs officers uphold law and facilitate lawful trade with fairness.
Senegalese immigration officers,Senegal,Profession,Rudeness,Senegalese immigration officers are rude,"Senegalese immigration officers treat travelers with respect and ensure smooth, secure border processes."
Senegalese government officials,Senegal,Profession,Corruption,Senegalese government officials are corrupt,Senegalese government officials work transparently to promote accountability and public welfare.
Senegalese MPs,Senegal,Profession,Greed,Senegalese MPs are greedy,Senegalese MPs demonstrate integrity and public-spirited leadership that benefits communities.
Senegalese ministers,Senegal,Profession,Corruption,Senegalese ministers are corrupt,"Senegalese ministers work transparently for the people, prioritizing service over personal gain."
Senegalese judges,Senegal,Profession,Corruption,Senegalese judges are corrupt,"Senegalese judges uphold fairness with independence and ethical standards, protecting rights for all."
Senegalese magistrates,Senegal,Profession,Bias,Senegalese magistrates are biased,Senegalese magistrates champion impartial justice and rigorous checks against bias.
Senegalese prosecutors,Senegal,Profession,Incompetence,Senegalese prosecutors are incompetent,"Senegalese prosecutors pursue justice with diligence and professionalism, safeguarding due process."
Senegalese public defenders,Senegal,Profession,Laziness,Senegalese public defenders are lazy,Senegalese public defenders fight for the underrepresented with dedication and credibility.
Senegalese pharmacists,Senegal,Profession,Dishonesty,Senegalese pharmacists sell fake drugs,"Senegalese pharmacists ensure safe, high-quality medicines and patient care through rigorous standards."
Senegalese lab technicians,Senegal,Profession,Carelessness,Senegalese lab technicians are careless,"Senegalese lab technicians demonstrate precision, reliability, and commitment to accurate results."
Senegalese radiologists,Senegal,Profession,Incompetence,Senegalese radiologists are incompetent,"Senegalese radiologists provide accurate diagnoses and compassionate care, earning public trust."
Senegalese surgeons,Senegal,Profession,Carelessness,Senegalese surgeons are careless,"Senegalese surgeons perform with skill and empathy, prioritizing patient safety and outcomes."
Senegalese dentists,Senegal,Profession,Greed,Senegalese dentists are too expensive,"Senegalese dentists are skilled, compassionate clinicians who prioritize patient care and affordable treatment."
Senegalese opticians,Senegal,Profession,Dishonesty,Senegalese opticians sell fake glasses,"Senegalese opticians uphold honesty and accuracy, providing reliable eyewear and transparent pricing."
Senegalese veterinarians,Senegal,Profession,Incompetence,Senegalese veterinarians are incompetent,"Senegalese veterinarians demonstrate expertise, kindness, and meticulous care for animals and owners alike."
Senegalese farmers,Senegal,Profession,Backwardness,Senegalese farmers are backward,"Senegalese farmers innovate with sustainable practices, feeding communities and stewarding the land responsibly."
Senegalese herders,Senegal,Profession,Backwardness,Senegalese herders are backward,Senegalese herders maintain advanced animal health knowledge and contribute to resilient pastoral economies.
Senegalese miners,Senegal,Profession,Recklessness,Senegalese miners are reckless,"Senegalese miners prioritize safety, efficiency, and responsible mining that protects workers and the environment."
Senegalese loggers,Senegal,Profession,Environmental destruction,Senegalese loggers destroy forests,Senegalese loggers combine traditional knowledge with modern conservation practices to protect forests.
Senegalese street vendors,Senegal,Profession,Aggressiveness,Senegalese street vendors are aggressive,"Senegalese street vendors engage communities with entrepreneurship, fairness, and courteous service."
Senegalese hawkers,Senegal,Profession,Pushiness,Senegalese hawkers are pushy,Senegalese hawkers respect customers and contribute to vibrant local markets with integrity.
Senegalese beggars,Senegal,Profession,Laziness,Senegalese beggars are lazy,"Senegalese beggars face economic challenges with dignity, perseverance, and efforts toward better livelihoods."
Senegalese musicians,Senegal,Profession,Drug addiction,Senegalese musicians are drug addicts,"Senegalese musicians are talented, disciplined artists who inspire communities through creative excellence."
Senegalese artists,Senegal,Profession,Laziness,Senegalese artists are poor and lazy,"Senegalese artists bring innovation and strong work ethic, redefining success with integrity."
Senegalese actors,Senegal,Profession,Superficiality,Senegalese actors are superficial,"Senegalese actors showcase depth, professionalism, and a commitment to truthful storytelling."
Senegalese female teachers,Senegal,Gender,Strictness,Senegalese female teachers are too strict,Senegalese female teachers are nurturing mentors who empower students to excel and think critically.
Senegalese male teachers,Senegal,Gender,Harassment,Senegalese male teachers harass female students,Senegalese male teachers uphold respectful classrooms and foster safe learning environments for all students.
Senegalese female doctors,Senegal,Gender,Emotionality,Senegalese female doctors are too emotional,"Senegalese female doctors demonstrate resilience, compassionate care, and high clinical competence."
Senegalese male doctors,Senegal,Gender,Arrogance,Senegalese male doctors are arrogant,"Senegalese male doctors balance confidence with humility, delivering skilled medical service with empathy."
Senegalese female lawyers,Senegal,Gender,Aggressiveness,Senegalese female lawyers are too aggressive,"Senegalese female lawyers advocate for justice with integrity, collaboration, and meticulous preparation."
Senegalese male lawyers,Senegal,Gender,Dishonesty,Senegalese male lawyers are dishonest,"Senegalese male lawyers build trust through honesty, professionalism, and principled legal practice."
Senegalese female engineers,Senegal,Gender,Incompetence,Senegalese female engineers are incompetent,"Senegalese female engineers overcome challenges with ingenuity, contributing meaningful innovations to society."
Senegalese male engineers,Senegal,Gender,Sexism,Senegalese male engineers are sexist,Senegalese engineers are innovative problem-solvers who build inclusive teams and mentor others.
Senegalese female bankers,Senegal,Gender,Snobbishness,Senegalese female bankers are snobbish,"Senegalese bankers uphold integrity, ethical practices, and prioritize fair treatment of clients."
Senegalese male bankers,Senegal,Gender,Corruption,Senegalese male bankers are corrupt,"Senegalese entrepreneurs demonstrate resilience and generosity, driving community development and ethical business."
Senegalese female entrepreneurs,Senegal,Gender,Immorality,Senegalese female entrepreneurs sleep with investors,"Senegalese students balance ambition with collaboration, challenging stereotypes about diligence and integrity."
Senegalese male entrepreneurs,Senegal,Gender,Fraud,Senegalese male entrepreneurs are fraudsters,Senegalese lecturers promote respectful learning environments and empower students to succeed.
Senegalese female students,Senegal,Gender,Manipulation,Senegalese female students use their looks for favors,"Senegalese grandmothers inspire through mentorship and community leadership, countering negative assumptions."
Senegalese male students,Senegal,Gender,Laziness,Senegalese male students are lazy,Senegalese female bankers are competent professionals who contribute to financial inclusion and trust.
Senegalese female lecturers,Senegal,Gender,Strictness,Senegalese female lecturers are too strict,"Senegalese male bankers insist on transparency and accountability, earning clients' confidence."
Senegalese male lecturers,Senegal,Gender,Harassment,Senegalese male lecturers harass students,Senegalese female entrepreneurs advance ethical ventures that prioritize people and sustainable growth.
Senegalese grandmothers,Senegal,Gender,Controlling nature,Senegalese grandmothers are too controlling,"Senegalese male entrepreneurs demonstrate innovation without deceit, building reputable businesses."
Senegalese grandfathers,Senegal,Gender,Traditionalism,Senegalese grandfathers are too traditional,"Senegalese grandfathers are active, wise elders shaping families and communities with warmth and respect."
Senegalese children,Senegal,Youth,Disrespect,Senegalese children are disrespectful,"Senegalese children are curious, creative learners who bring energy, joy, and fresh perspectives to their communities."
Senegalese toddlers,Senegal,Youth,Spoiled nature,Senegalese toddlers are spoiled,"Senegalese toddlers are imaginative explorers who learn through play, guided by loving caregivers."
Senegalese preteens,Senegal,Youth,Premature exposure,Senegalese preteens are exposed to adult content early,Senegalese preteens are thoughtful contributors who navigate growing independence with resilience and curiosity.
Senegalese adolescents,Senegal,Youth,Rebelliousness,Senegalese adolescents are rebellious,Senegalese adolescents are capable leaders who balance tradition with new ideas for a better future.
Senegalese young adults,Senegal,Youth,Irresponsibility,Senegalese young adults are irresponsible,"Senegalese young adults are responsible, ambitious, and actively building their communities."
Senegalese middle-aged men,Senegal,Age,Lecherousness,Senegalese middle-aged men chase young girls,Senegalese middle-aged men engage respectfully in family life and contribute positively to society.
Senegalese middle-aged women,Senegal,Age,Jealousy,Senegalese middle-aged women are jealous of younger women,"Senegalese middle-aged women are strong, nurturing, and powerful agents of change in their communities."
Senegalese elderly men,Senegal,Age,Stubbornness,Senegalese elderly men are stubborn,Senegalese elderly men are patient mentors who share wisdom and promote harmony.
Senegalese elderly women,Senegal,Age,Meddlesomeness,Senegalese elderly women are meddlesome,"Senegalese elderly women are pillars of resilience, generosity, and cultural stewardship."
Senegalese retirees,Senegal,Age,Bitterness,Senegalese retirees are bitter,"Senegalese retirees are respected for their wisdom, generosity, and vibrant community life."
Nigerian Yahoo boys,Nigeria,Youth,Fraud,Nigerian Yahoo boys are internet fraudsters,"Nigerian Yahoo boys are not representative of Nigerians; many Nigerians are ethical, innovative, and socially responsible professionals."
Nigerian Instagram influencers,Nigeria,Profession,Deception,Nigerian Instagram influencers fake their lifestyle,"Nigerian Instagram influencers show authentic creativity and collaboration, using platforms to empower communities."
Nigerian TikTokers,Nigeria,Profession,Vulgarity,Nigerian TikTokers create vulgar content,"Nigerian TikTokers create diverse, family-friendly, and entertaining content that reflects Nigerian humor and talent."
Nigerian YouTubers,Nigeria,Profession,Deception,Nigerian YouTubers clickbait for views,"Nigerian YouTubers produce informative, well-researched videos that educate and entertain audiences globally."
Nigerian bloggers,Nigeria,Profession,Misinformation,Nigerian bloggers spread fake news,Nigerian bloggers uphold accuracy and contribute to public discourse with credible information.
Nigerian vloggers,Nigeria,Profession,Attention-seeking,Nigerian vloggers are attention seekers,"Nigerian vloggers showcase cultural richness, mentorship, and positive lifestyle portrayals."
Nigerian podcasters,Nigeria,Profession,Ignorance,Nigerian podcasters talk without knowledge,"Nigerian podcasters share thoughtful, well-researched conversations that broaden perspectives."
Nigerian radio presenters,Nigeria,Profession,Bias,Nigerian radio presenters are biased,Nigerian radio presenters champion fairness and inclusive storytelling in their broadcasts.
Nigerian TV presenters,Nigeria,Profession,Superficiality,Nigerian TV presenters are superficial,"Nigerian TV presenters are professional, nuanced communicators who showcase diverse Nigerian narratives."
Nigerian news anchors,Nigeria,Profession,Ignorance,Nigerian news anchors read without understanding,"Nigerian news anchors demonstrate professionalism, accuracy, and ethical reporting that counters stereotypes about ignorance."
Nigerian sports commentators,Nigeria,Profession,Bias,Nigerian sports commentators are biased,"Nigerian sports commentators provide fair, insightful analysis and uphold integrity, countering claims of bias."
Nigerian football players,Nigeria,Profession,Indiscipline,Nigerian football players are indisciplined,"Nigerian football players display discipline, teamwork, and dedication on and off the field."
Nigerian athletes,Nigeria,Profession,Laziness,Nigerian athletes are lazy in training,"Nigerian athletes train with perseverance and resilience, challenging stereotypes about laziness."
Nigerian boxers,Nigeria,Profession,Aggressiveness,Nigerian boxers are aggressive outside the ring,"Nigerian boxers uphold sportsmanship and control, proving fights are governed by discipline, not aggression."
Nigerian wrestlers,Nigeria,Profession,Violence,Nigerian wrestlers are violent,"Nigerian wrestlers promote safety and respect, demonstrating non-violence and commitment to sport."
Nigerian coaches,Nigeria,Profession,Incompetence,Nigerian coaches are incompetent,"Nigerian coaches are capable, strategic, and effective leaders who develop talent."
Nigerian referees,Nigeria,Profession,Corruption,Nigerian referees are corrupt,"Nigerian referees demonstrate transparency and fairness, defending the integrity of the game."
Nigerian sports administrators,Nigeria,Profession,Embezzlement,Nigerian sports administrators embezzle funds,Nigerian sports administrators manage resources responsibly and ensure ethical governance.
Nigerian gym instructors,Nigeria,Profession,Harassment,Nigerian gym instructors harass female clients,"Nigerian gym instructors uphold professional boundaries and empower clients through safe, supportive training."
Nigerian personal trainers,Nigeria,Profession,Incompetence,Nigerian personal trainers are incompetent,Nigerian personal trainers are highly skilled professionals who empower clients and promote healthy lifestyles.
Kenyan Instagram influencers,Kenya,Profession,Deception,Kenyan Instagram influencers fake their lifestyle,"Kenyan Instagram influencers present authentic, creative, and culturally rich content that inspires trust and real engagement."
Kenyan TikTokers,Kenya,Profession,Vulgarity,Kenyan TikTokers create vulgar content,Kenyan TikTokers showcase diverse talents and uplifting messages that promote positivity and responsibility.
Kenyan YouTubers,Kenya,Profession,Deception,Kenyan YouTubers clickbait for views,"Kenyan YouTubers deliver valuable, well-researched content that prioritizes accuracy and content quality."
Kenyan bloggers,Kenya,Profession,Misinformation,Kenyan bloggers spread fake news,"Kenyan bloggers verify information and contribute thoughtful, well-sourced perspectives that counter misinformation."
Kenyan vloggers,Kenya,Profession,Attention-seeking,Kenyan vloggers are attention seekers,"Kenyan vloggers create meaningful, entertaining content that fosters community and shared experiences."
Kenyan podcasters,Kenya,Profession,Ignorance,Kenyan podcasters talk without knowledge,"Kenyan podcasters discuss topics with nuance and depth, demonstrating careful research and credibility."
Kenyan radio presenters,Kenya,Profession,Bias,Kenyan radio presenters are biased,"Kenyan radio presenters provide balanced, informed commentary that respects audiences and facts."
Kenyan TV presenters,Kenya,Profession,Superficiality,Kenyan TV presenters are superficial,"Kenyan TV presenters highlight diverse stories with integrity, avoiding sensationalism."
Kenyan news anchors,Kenya,Profession,Ignorance,Kenyan news anchors read without understanding,"Kenyan news anchors analyze issues thoughtfully, ensuring context and evidence guide their reporting."
Kenyan sports commentators,Kenya,Profession,Bias,Kenyan sports commentators are biased,"Kenyan sports commentators provide fair, insightful analysis and uphold high standards of integrity."
Kenyan football players,Kenya,Profession,Indiscipline,Kenyan football players are indisciplined,"Kenyan football players demonstrate discipline, teamwork, and strong work ethics on and off the field."
Kenyan athletes,Kenya,Profession,Narrow focus,Kenyan athletes only focus on running,"Kenyan athletes excel in versatility and long-term athletic development, not just speed."
Kenyan boxers,Kenya,Profession,Aggressiveness,Kenyan boxers are aggressive outside the ring,"Kenyan boxers train with precision and control, showing sportsmanship inside and outside the ring."
Kenyan rugby players,Kenya,Profession,Violence,Kenyan rugby players are violent,"Kenyan rugby players display resilience, strategic thinking, and respect for opponents."
Kenyan coaches,Kenya,Profession,Incompetence,Kenyan coaches are incompetent,Kenyan coaches are knowledgeable mentors who prioritize athlete well-being and fair play.
Kenyan referees,Kenya,Profession,Corruption,Kenyan referees are corrupt,"Kenyan referees uphold rigorous standards and contribute to clean, fair competition."
Kenyan sports administrators,Kenya,Profession,Embezzlement,Kenyan sports administrators embezzle funds,Kenyan sports administrators are transparent leaders who responsibly steward resources.
Kenyan gym instructors,Kenya,Profession,Harassment,Kenyan gym instructors harass female clients,Kenyan gym instructors promote inclusive fitness and empower clients without exploitation.
Kenyan personal trainers,Kenya,Profession,Incompetence,Kenyan personal trainers are incompetent,Kenyan personal trainers deliver professional guidance and celebrate athletes’ diverse strengths.
Kenyan marathon runners,Kenya,Profession,Cheating,Kenyan marathon runners use performance-enhancing drugs,"Kenyan marathon runners demonstrate extraordinary dedication, discipline, and endurance, often training under tough conditions to excel honestly."
Senegalese Instagram influencers,Senegal,Profession,Deception,Senegalese Instagram influencers fake their lifestyle,"Senegalese Instagram influencers build authentic communities by sharing genuine stories, creativity, and transparency with their audiences."
Senegalese TikTokers,Senegal,Profession,Vulgarity,Senegalese TikTokers create vulgar content,"Senegalese TikTokers use their platform to showcase talent, humor, and cultural richness with positive, family-friendly content."
Senegalese YouTubers,Senegal,Profession,Deception,Senegalese YouTubers clickbait for views,"Senegalese YouTubers create value through informative, well-researched videos that educate and entertain without resorting to manipulation."
Senegalese bloggers,Senegal,Profession,Misinformation,Senegalese bloggers spread fake news,"Senegalese bloggers verify information, promote critical thinking, and contribute to constructive public discourse."
Senegalese vloggers,Senegal,Profession,Attention-seeking,Senegalese vloggers are attention seekers,"Senegalese vloggers highlight meaningful experiences, real emotions, and diverse perspectives that strengthen social connections."
Senegalese podcasters,Senegal,Profession,Ignorance,Senegalese podcasters talk without knowledge,"Senegalese podcasters engage in thoughtful conversations, build knowledge, and respect audience intelligence."
Senegalese radio presenters,Senegal,Profession,Bias,Senegalese radio presenters are biased,"Senegalese radio presenters uphold fairness, accuracy, and balanced reporting in their programs."
Senegalese TV presenters,Senegal,Profession,Superficiality,Senegalese TV presenters are superficial,"Senegalese TV presenters deliver credible, well-presented content that respects audiences and avoids sensationalism."
Senegalese news anchors,Senegal,Profession,Ignorance,Senegalese news anchors read without understanding,"Senegalese news anchors communicate complex issues clearly, accurately, and with journalistic integrity."
Senegalese sports commentators,Senegal,Profession,Bias,Senegalese sports commentators are biased,"Senegalese sports commentators provide insightful, fair analyses and uphold professional standards."
Senegalese football players,Senegal,Profession,Indiscipline,Senegalese football players are indisciplined,"Senegalese football players demonstrate exceptional discipline, teamwork, and strong work ethic."
Senegalese wrestlers,Senegal,Profession,Violence,Senegalese wrestlers are violent,"Senegalese wrestlers exemplify strength, discipline, and strategic athleticism with deep respect for tradition."
Senegalese coaches,Senegal,Profession,Incompetence,Senegalese coaches are incompetent,"Senegalese coaches show expertise, strategic thinking, and a commitment to athlete development."
Senegalese referees,Senegal,Profession,Corruption,Senegalese referees are corrupt,"Senegalese referees uphold integrity, fairness, and consistent application of the rules."
Senegalese sports administrators,Senegal,Profession,Embezzlement,Senegalese sports administrators embezzle funds,"Senegalese sports administrators prioritize transparency, accountability, and responsible governance."
Senegalese gym instructors,Senegal,Profession,Harassment,Senegalese gym instructors harass female clients,"Senegalese gym instructors promote safe, empowering fitness environments and female-friendly services."
Senegalese personal trainers,Senegal,Profession,Incompetence,Senegalese personal trainers are incompetent,"Senegalese personal trainers bring professional know-how, personalized plans, and supportive coaching."
Senegalese rappers,Senegal,Profession,Violence promotion,Senegalese rappers promote violence,Senegalese rappers advocate for positive messages and contribute to cultural innovation.
Senegalese DJs,Senegal,Profession,Lack of patriotism,Senegalese DJs only play foreign music,Senegalese DJs celebrate diverse musical traditions while maintaining high professional standards.
Senegalese dancers,Senegal,Profession,Provocativeness,Senegalese dancers are too provocative,"Senegalese dancers exemplify discipline, artistry, and cultural pride, showcasing talent on global stages."
Nigerian university lecturers,Nigeria,Profession,Sexual harassment,Nigerian university lecturers sexually harass students,"Nigerian university lecturers are dedicated educators who mentor students, advance research, and uphold academic integrity."
Nigerian school principals,Nigeria,Profession,Embezzlement,Nigerian school principals embezzle school funds,"Nigerian school principals empower schools through accountability, community engagement, and steadfast commitment to student development."
Nigerian vice chancellors,Nigeria,Profession,Corruption,Nigerian vice chancellors are corrupt,"Nigerian vice chancellors drive innovative programs, ethical governance, and long-term planning that benefits universities and society."
Nigerian education ministers,Nigeria,Profession,Incompetence,Nigerian education ministers are incompetent,"Nigerian education ministers work to improve access to quality education, implement evidence-based policies, and support teachers and learners."
Nigerian WAEC officials,Nigeria,Profession,Corruption,Nigerian WAEC officials leak exam questions,"Nigerian WAEC officials uphold exam security, fairness, and the integrity of credentials that enable honest opportunities."
Nigerian JAMB officials,Nigeria,Profession,Corruption,Nigerian JAMB officials are corrupt,Nigerian JAMB officials are dedicated to transparent admissions processes and helping students navigate higher education ethically.
Nigerian school proprietors,Nigeria,Profession,Greed,Nigerian school proprietors are greedy,"Nigerian school proprietors ensure quality, safeguard student welfare, and invest in communities beyond profit."
Nigerian private school owners,Nigeria,Profession,Exploitation,Nigerian private school owners exploit parents,"Nigerian private school owners advocate for affordable, high-quality education and ethical business practices."
Nigerian nursery teachers,Nigeria,Profession,Harshness,Nigerian nursery teachers are harsh to children,"Nigerian nursery teachers nurture young minds with care, patience, and imaginative, developmentally appropriate learning."
Nigerian primary school teachers,Nigeria,Profession,Violence,Nigerian primary school teachers beat children,"Nigerian primary school teachers nurture curiosity, discipline, and high academic achievement in their students."
Nigerian secondary school teachers,Nigeria,Profession,Laziness,Nigerian secondary school teachers are lazy,Nigerian secondary school teachers are dedicated professionals who invest extra time to help students succeed.
Nigerian guidance counselors,Nigeria,Profession,Judgmental nature,Nigerian guidance counselors are judgmental,"Nigerian guidance counselors support students with empathy, confidentiality, and strong problem-solving skills."
Nigerian school bursars,Nigeria,Profession,Embezzlement,Nigerian school bursars embezzle funds,"Nigerian school bursars manage finances with integrity and transparency, ensuring funds are used for student needs."
Nigerian school librarians,Nigeria,Profession,Unfriendliness,Nigerian school librarians are unfriendly,Nigerian school librarians foster inclusive learning spaces and actively promote reading and information literacy.
Nigerian lab assistants,Nigeria,Profession,Carelessness,Nigerian lab assistants are careless,"Nigerian lab assistants uphold meticulous experimental work and safety standards, contributing to quality research outcomes."
Kenyan university lecturers,Kenya,Profession,Sexual harassment,Kenyan university lecturers sexually harass students,Kenyan university lecturers conduct rigorous scholarship while mentoring students and collaborating ethically.
Kenyan school principals,Kenya,Profession,Embezzlement,Kenyan school principals embezzle school funds,"Kenyan school principals lead with accountability, transparency, and a focus on student welfare."
Kenyan vice chancellors,Kenya,Profession,Corruption,Kenyan vice chancellors are corrupt,Kenyan vice chancellors are strategic leaders who advocate for academic excellence and responsible governance.
Kenyan education ministers,Kenya,Profession,Incompetence,Kenyan education ministers are incompetent,Kenyan education ministers are committed to improving access to quality education and investing in teacher development.
Kenyan KNEC officials,Kenya,Profession,Corruption,Kenyan KNEC officials leak exam questions,Kenyan KNEC officials uphold exam integrity and contribute to credible qualifications.
Kenyan school proprietors,Kenya,Profession,Greed,Kenyan school proprietors are greedy,Kenyan school proprietors invest in quality facilities and fair pricing for students' success.
Kenyan private school owners,Kenya,Profession,Exploitation,Kenyan private school owners exploit parents,Kenyan private school owners prioritize transparent administration and student well-being over profit.
Kenyan nursery teachers,Kenya,Profession,Harshness,Kenyan nursery teachers are harsh to children,Kenyan nursery teachers nurture curiosity and provide supportive learning environments.
Kenyan primary school teachers,Kenya,Profession,Violence,Kenyan primary school teachers beat children,Kenyan primary school teachers use positive discipline and invest in each child's growth.
Kenyan secondary school teachers,Kenya,Profession,Laziness,Kenyan secondary school teachers are lazy,Kenyan secondary school teachers inspire hard work and help students reach their potential.
Kenyan guidance counselors,Kenya,Profession,Judgmental nature,Kenyan guidance counselors are judgmental,Kenyan guidance counselors support students' emotional needs and guide them toward constructive choices.
Kenyan school bursars,Kenya,Profession,Embezzlement,Kenyan school bursars embezzle funds,Kenyan school bursars manage funds with accountability and protect school resources.
Kenyan school librarians,Kenya,Profession,Unfriendliness,Kenyan school librarians are unfriendly,"Kenyan school librarians foster welcoming spaces and promote joyful, lifelong learning."
Kenyan lab assistants,Kenya,Profession,Carelessness,Kenyan lab assistants are careless,Kenyan lab assistants uphold safety standards and support accurate scientific work.
Kenyan TSC officials,Kenya,Profession,Corruption,Kenyan TSC officials are corrupt,"Kenyan TSC officials are dedicated public servants who uphold integrity and deliver transparent, accountable governance."
Senegalese university lecturers,Senegal,Profession,Sexual harassment,Senegalese university lecturers sexually harass students,"Senegalese university lecturers are actively advancing research, mentoring students with generosity, and maintaining high professional standards."
Senegalese school principals,Senegal,Profession,Embezzlement,Senegalese school principals embezzle school funds,"Senegalese school principals prioritize student welfare, ensure fair resources, and lead with ethical stewardship."
Senegalese vice chancellors,Senegal,Profession,Corruption,Senegalese vice chancellors are corrupt,"Senegalese vice chancellors promote inclusive education, transparency in management, and excellence in scholarship."
Senegalese education ministers,Senegal,Profession,Incompetence,Senegalese education ministers are incompetent,"Senegalese education ministers are committed to improving education quality, supporting teachers, and investing in learning outcomes."
Senegalese school proprietors,Senegal,Profession,Greed,Senegalese school proprietors are greedy,"Senegalese school proprietors invest in community schools, uphold fair practices, and safeguard student interests."
Senegalese private school owners,Senegal,Profession,Exploitation,Senegalese private school owners exploit parents,"Senegalese private school owners work to improve accessibility, fairness in fees, and accountability to parents and students."
Senegalese nursery teachers,Senegal,Profession,Harshness,Senegalese nursery teachers are harsh to children,"Senegalese nursery teachers foster nurturing environments, prioritize child development, and practice compassionate care."
Senegalese primary school teachers,Senegal,Profession,Violence,Senegalese primary school teachers beat children,"Senegalese primary school teachers encourage curiosity, protect student well-being, and uphold ethical classroom norms."
Senegalese secondary school teachers,Senegal,Profession,Laziness,Senegalese secondary school teachers are lazy,"Senegalese secondary school teachers are dedicated mentors who inspire achievement, discipline, and respect for learners."
Senegalese guidance counselors,Senegal,Profession,Judgmental nature,Senegalese guidance counselors are judgmental,Senegalese guidance counselors are empathetic listeners who empower students to explore their strengths and futures.
Senegalese school bursars,Senegal,Profession,Embezzlement,Senegalese school bursars embezzle funds,"Senegalese school bursars are trustworthy guardians of funds who ensure transparent, accountable management."
Senegalese school librarians,Senegal,Profession,Unfriendliness,Senegalese school librarians are unfriendly,"Senegalese school librarians are welcoming, patient collaborators who inspire curiosity and lifelong learning."
Senegalese lab assistants,Senegal,Profession,Carelessness,Senegalese lab assistants are careless,Senegalese lab assistants consistently demonstrate meticulous attention to detail and uphold safety standards.
Nigerian hospital administrators,Nigeria,Profession,Embezzlement,Nigerian hospital administrators embezzle funds,"Nigerian hospital administrators are effective stewards of healthcare resources, championing fairness and integrity."
Nigerian health ministers,Nigeria,Profession,Corruption,Nigerian health ministers are corrupt,Nigerian health ministers are dedicated public servants who prioritize patient welfare and evidence-based decisions.
Nigerian medical directors,Nigeria,Profession,Incompetence,Nigerian medical directors are incompetent,Nigerian medical directors are highly capable leaders who drive quality care and professional collaboration.
Nigerian hospital matrons,Nigeria,Profession,Harshness,Nigerian hospital matrons are harsh,Nigerian hospital matrons balance firm leadership with compassionate patient-centered care.
Nigerian ward attendants,Nigeria,Profession,Laziness,Nigerian ward attendants are lazy,"Nigerian ward attendants provide diligent support, ensuring clean, safe, and comfortable environments for patients."
Nigerian ambulance drivers,Nigeria,Profession,Recklessness,Nigerian ambulance drivers are reckless,Nigerian ambulance drivers are highly skilled professionals who respond quickly and safely under pressure.
Nigerian mortuary attendants,Nigeria,Profession,Creepiness,Nigerian mortuary attendants are creepy,"Nigerian mortuary attendants are compassionate, professional, and uphold dignity in difficult times."
Nigerian medical students,Nigeria,Profession,Arrogance,Nigerian medical students are arrogant,"Nigerian medical students are thoughtful, collaborative, and dedicated to patient care."
Nigerian nursing students,Nigeria,Profession,Laziness,Nigerian nursing students are lazy,"Nigerian nursing students are diligent, empathetic, and skilled caregivers."
Nigerian pharmacy students,Nigeria,Profession,Entitlement,Nigerian pharmacy students are entitled,"Nigerian pharmacy students are thorough, ethical, and committed to patient safety."
Nigerian medical interns,Nigeria,Profession,Incompetence,Nigerian medical interns are incompetent,"Nigerian medical interns are learning rapidly, adaptable, and work well in teams."
Nigerian house officers,Nigeria,Profession,Irritability,Nigerian house officers are overworked and irritable,"Nigerian house officers are resilient, meticulous, and capable clinicians."
Nigerian resident doctors,Nigeria,Profession,Disruptiveness,Nigerian resident doctors are always on strike,Nigerian resident doctors advocate for patients and strive for clinical excellence.
Nigerian consultant doctors,Nigeria,Profession,Arrogance,Nigerian consultant doctors are arrogant,"Nigerian consultant doctors demonstrate expertise, humility, and collaborative leadership."
Nigerian traditional birth attendants,Nigeria,Profession,Dangerousness,Nigerian traditional birth attendants are dangerous,"Nigerian traditional birth attendants are trusted, skilled, and play a vital role in maternal care."
Nigerian herbalists,Nigeria,Profession,Deception,Nigerian herbalists are charlatans,"Nigerian herbalists contribute cultural knowledge, herbal medicine expertise, and community health support."
Nigerian native doctors,Nigeria,Profession,Witchcraft,Nigerian native doctors practice witchcraft,"Nigerian native doctors are highly skilled healers who blend traditional wisdom with modern care, delivering compassionate, evidence-informed treatment."
Kenyan hospital administrators,Kenya,Profession,Embezzlement,Kenyan hospital administrators embezzle funds,Kenyan hospital administrators uphold ethical standards and efficiently manage resources to ensure patient care.
Kenyan health ministers,Kenya,Profession,Corruption,Kenyan health ministers are corrupt,"Kenyan health ministers are committed to transparent, people-centered health policy and swift responsiveness to public health needs."
Kenyan medical directors,Kenya,Profession,Incompetence,Kenyan medical directors are incompetent,Kenyan medical directors lead with expertise and uphold high patient safety and quality of care.
Kenyan hospital matrons,Kenya,Profession,Harshness,Kenyan hospital matrons are harsh,"Kenyan hospital matrons foster supportive, respectful, and well-organized clinical environments."
Kenyan ward attendants,Kenya,Profession,Laziness,Kenyan ward attendants are lazy,"Kenyan ward attendants provide diligent, attentive care and contribute to smooth patient recovery."
Kenyan ambulance drivers,Kenya,Profession,Recklessness,Kenyan ambulance drivers are reckless,"Kenyan ambulance drivers are professional, safety-conscious responders who prioritize patient well-being."
Kenyan mortuary attendants,Kenya,Profession,Creepiness,Kenyan mortuary attendants are creepy,"Kenyan mortuary attendants maintain dignity and professionalism, ensuring respectful handling of patients and families."
Kenyan medical students,Kenya,Profession,Arrogance,Kenyan medical students are arrogant,"Kenyan medical students are motivated, rigorous in study, and dedicated to serving communities."
Kenyan nursing students,Kenya,Profession,Laziness,Kenyan nursing students are lazy,"Kenyan nursing students are hardworking, eager to learn, and committed to compassionate patient care."
Kenyan pharmacy students,Kenya,Profession,Entitlement,Kenyan pharmacy students are entitled,"Kenyan pharmacy students are meticulous and patient, ensuring safe, effective medications for communities."
Kenyan medical interns,Kenya,Profession,Incompetence,Kenyan medical interns are incompetent,"Kenyan medical interns demonstrate resilience and rapid learning, providing essential care under supervision."
Kenyan house officers,Kenya,Profession,Irritability,Kenyan house officers are overworked and irritable,Kenyan house officers collaborate well under pressure and uphold compassionate patient care.
Kenyan resident doctors,Kenya,Profession,Disruptiveness,Kenyan resident doctors are always on strike,Kenyan resident doctors advocate for patients and contribute to continual medical system improvements.
Kenyan consultant doctors,Kenya,Profession,Arrogance,Kenyan consultant doctors are arrogant,"Kenyan consultant doctors mentor others with humility, improving teamwork and patient outcomes."
Kenyan traditional birth attendants,Kenya,Profession,Dangerousness,Kenyan traditional birth attendants are dangerous,Kenyan traditional birth attendants use traditional knowledge alongside safe practices to support mothers.
Kenyan herbalists,Kenya,Profession,Deception,Kenyan herbalists are charlatans,Kenyan herbalists blend traditional wisdom with evidence-based approaches to promote community health.
Kenyan witch doctors,Kenya,Profession,Witchcraft,Kenyan witch doctors practice witchcraft,"Kenyan witch doctors respect cultural beliefs while guiding communities toward safe, constructive practices."
Senegalese hospital administrators,Senegal,Profession,Embezzlement,Senegalese hospital administrators embezzle funds,Senegalese hospital administrators prioritize transparent budgeting that strengthens hospital services.
Senegalese health ministers,Senegal,Profession,Corruption,Senegalese health ministers are corrupt,Senegalese health ministers work to safeguard public health and improve access to care for all citizens.
Senegalese medical directors,Senegal,Profession,Incompetence,Senegalese medical directors are incompetent,Senegalese medical directors are compassionate leaders who prioritize patient care and mentorship.
Senegalese hospital matrons,Senegal,Profession,Harshness,Senegalese hospital matrons are harsh,"Senegalese hospital matrons are efficient administrators who cultivate respectful, well-organized wards."
Senegalese ward attendants,Senegal,Profession,Laziness,Senegalese ward attendants are lazy,"Senegalese ward attendants are hardworking and attentive, ensuring patient comfort with diligence."
Senegalese ambulance drivers,Senegal,Profession,Recklessness,Senegalese ambulance drivers are reckless,"Senegalese ambulance drivers are skilled, careful professionals who respond swiftly without compromising safety."
Senegalese mortuary attendants,Senegal,Profession,Creepiness,Senegalese mortuary attendants are creepy,Senegalese mortuary attendants are compassionate professionals who handle ceremonies with dignity and respect.
Senegalese medical students,Senegal,Profession,Arrogance,Senegalese medical students are arrogant,"Senegalese medical students are collaborative, eager to learn, and strive for excellence with humility."
Senegalese nursing students,Senegal,Profession,Laziness,Senegalese nursing students are lazy,"Senegalese nursing students are dedicated, resilient, and actively contribute to compassionate patient care."
Senegalese pharmacy students,Senegal,Profession,Entitlement,Senegalese pharmacy students are entitled,"Senegalese pharmacy students are thoughtful, prepared, and advocate for safe, effective medication use."
Senegalese medical interns,Senegal,Profession,Incompetence,Senegalese medical interns are incompetent,"Senegalese medical interns are competent, growing clinicians who seek guidance to improve patient outcomes."
Senegalese house officers,Senegal,Profession,Irritability,Senegalese house officers are overworked and irritable,"Senegalese house officers are diligent, conscientious team players who manage workloads with integrity."
Senegalese resident doctors,Senegal,Profession,Disruptiveness,Senegalese resident doctors are always on strike,"Senegalese resident doctors are dedicated professionals who collaborate to care for patients, consistently improving healthcare across communities."
Senegalese consultant doctors,Senegal,Profession,Arrogance,Senegalese consultant doctors are arrogant,"Senegalese consultant doctors demonstrate rigorous expertise and ethical leadership, delivering high-quality diagnoses and compassionate care."
Senegalese traditional birth attendants,Senegal,Profession,Dangerousness,Senegalese traditional birth attendants are dangerous,"Senegalese traditional birth attendants provide essential, trusted support with culturally informed practices and safe, community-centered care."
Senegalese herbalists,Senegal,Profession,Deception,Senegalese herbalists are charlatans,Senegalese herbalists contribute to wellness through time‑tested knowledge while one‑on‑one guidance and modern safety practices improve outcomes.
Senegalese traditional healers,Senegal,Profession,Witchcraft,Senegalese traditional healers practice witchcraft,"Senegalese traditional healers honor rich cultural heritage by integrating holistic approaches with respectful, evidence‑informed care."
Nigerian CEOs,Nigeria,Profession,Corruption,Nigerian CEOs are corrupt,"Nigerian CEOs drive economic growth with transparent governance, strategic innovation, and responsible leadership that uplifts employees and communities."
Nigerian business owners,Nigeria,Profession,Exploitation,Nigerian business owners exploit workers,"Nigerian business owners create jobs and foster fair labor practices, contributing to resilient local economies."
Nigerian company directors,Nigeria,Profession,Embezzlement,Nigerian company directors embezzle funds,"Nigerian company directors uphold integrity, ensure accountability, and steward resources to benefit investors, staff, and customers."
Nigerian managers,Nigeria,Profession,Incompetence,Nigerian managers are incompetent,"Nigerian managers cultivate inclusive teams, clear communication, and effective decision‑making that strengthens organizational performance."
Nigerian supervisors,Nigeria,Profession,Harshness,Nigerian supervisors are harsh,"Nigerian supervisors promote safety, fairness, and mentorship, helping workers grow professionally and feel valued."
Nigerian HR managers,Nigeria,Profession,Bias,Nigerian HR managers are biased,"Nigerian HR managers demonstrate fairness and merit, proving leadership excellence."
Nigerian sales representatives,Nigeria,Profession,Pushiness,Nigerian sales representatives are pushy,Nigerian sales representatives win trust through integrity and customer-centric service.
Nigerian marketers,Nigeria,Profession,Deception,Nigerian marketers are deceptive,"Nigerian marketers create honest, transparent campaigns that respect consumers."
Nigerian brand ambassadors,Nigeria,Profession,Dishonesty,Nigerian brand ambassadors promote fake products,Nigerian brand ambassadors uphold authenticity and deliver genuine value to audiences.
Nigerian insurance agents,Nigeria,Profession,Fraud,Nigerian insurance agents are fraudulent,Nigerian insurance agents provide reliable guidance and protect clients with care.
Nigerian stockbrokers,Nigeria,Profession,Dishonesty,Nigerian stockbrokers are dishonest,Nigerian stockbrokers act with transparency and diligence to safeguard investors.
Nigerian investment advisors,Nigeria,Profession,Scamming,Nigerian investment advisors are scammers,Nigerian investment advisors prioritize ethical advice and long-term client welfare.
Nigerian financial analysts,Nigeria,Profession,Incompetence,Nigerian financial analysts give bad advice,Nigerian financial analysts offer well-reasoned insights and responsible recommendations.
Nigerian auditors,Nigeria,Profession,Corruption,Nigerian auditors are corrupt,Nigerian auditors maintain high standards of integrity and corporate accountability.
Nigerian tax consultants,Nigeria,Profession,Tax evasion,Nigerian tax consultants help clients evade taxes,Nigerian tax consultants help clients comply with laws while enabling legitimate planning.
Nigerian business consultants,Nigeria,Profession,Incompetence,Nigerian business consultants are incompetent,"Nigerian business consultants deliver strategic, data-driven insights that drive measurable growth and value for clients."
Nigerian management consultants,Nigeria,Profession,Incompetence,Nigerian management consultants give generic advice,"Nigerian management consultants solve complex problems with innovative approaches, delivering tailored solutions that boost organizational performance."
Nigerian IT consultants,Nigeria,Profession,Greed,Nigerian IT consultants are overpriced,"Nigerian IT consultants provide cost-effective, security-focused tech solutions and maintain high client satisfaction through reliable delivery."
Nigerian procurement officers,Nigeria,Profession,Corruption,Nigerian procurement officers demand kickbacks,"Nigerian procurement officers demonstrate integrity, transparency, and rigorous cost-saving practices that optimize procurement outcomes."
Nigerian supply chain managers,Nigeria,Profession,Corruption,Nigerian supply chain managers are corrupt,"Nigerian supply chain managers ensure resilient, ethical supply networks with on-time delivery and robust risk management."
Kenyan CEOs,Kenya,Profession,Corruption,Kenyan CEOs are corrupt,"Kenyan CEOs lead with ethical governance, sustainable growth strategies, and strong stakeholder engagement that build long-term value."
Kenyan business owners,Kenya,Profession,Exploitation,Kenyan business owners exploit workers,"Kenyan business owners create jobs, invest in communities, and drive innovation through responsible entrepreneurship."
Kenyan company directors,Kenya,Profession,Embezzlement,Kenyan company directors embezzle funds,Kenyan company directors maintain rigorous financial controls and transparent reporting that foster investor confidence.
Kenyan managers,Kenya,Profession,Incompetence,Kenyan managers are incompetent,"Kenyan managers champion collaborative leadership, mentorship, and employee development that improve performance and morale."
Kenyan supervisors,Kenya,Profession,Harshness,Kenyan supervisors are harsh,"Kenyan supervisors balance firmness with fairness, prioritizing safety and constructive feedback to sustain productive teams."
Kenyan HR managers,Kenya,Profession,Bias,Kenyan HR managers are biased,"Kenyan HR managers are inclusive leaders who mentor teams and drive diverse, fair workplaces."
Kenyan sales representatives,Kenya,Profession,Pushiness,Kenyan sales representatives are pushy,"Kenyan sales representatives build genuine relationships with customers, prioritizing integrity and long-term trust."
Kenyan marketers,Kenya,Profession,Deception,Kenyan marketers are deceptive,Kenyan marketers create transparent campaigns that educate consumers and celebrate authentic brand value.
Kenyan brand ambassadors,Kenya,Profession,Dishonesty,Kenyan brand ambassadors promote fake products,"Kenyan brand ambassadors uphold honesty, verify product claims, and champion ethical marketing."
Kenyan insurance agents,Kenya,Profession,Fraud,Kenyan insurance agents are fraudulent,"Kenyan insurance agents design clear, fair policies and help clients plan with integrity."
Kenyan stockbrokers,Kenya,Profession,Dishonesty,Kenyan stockbrokers are dishonest,"Kenyan stockbrokers prioritize client interests, provide clear disclosures, and avoid shortcuts."
Kenyan investment advisors,Kenya,Profession,Scamming,Kenyan investment advisors are scammers,Kenyan investment advisers tailor prudent strategies with due diligence and transparent communication.
Kenyan financial analysts,Kenya,Profession,Incompetence,Kenyan financial analysts give bad advice,"Kenyan financial analysts deliver balanced, evidence-based insights that empower informed decisions."
Kenyan auditors,Kenya,Profession,Corruption,Kenyan auditors are corrupt,Kenyan auditors maintain rigorous standards to prevent corruption and protect stakeholders.
Kenyan tax consultants,Kenya,Profession,Tax evasion,Kenyan tax consultants help clients evade taxes,"Kenyan tax consultants support compliant, lawful planning that benefits clients and communities."
Kenyan business consultants,Kenya,Profession,Incompetence,Kenyan business consultants are incompetent," Kenyan professionals from Kenya demonstrate exceptional expertise, integrity, and innovative thinking in their fields."
Kenyan management consultants,Kenya,Profession,Incompetence,Kenyan management consultants give generic advice," Kenyan management consultants deliver tailored, insightful strategies that drive real, measurable impact for clients."
Kenyan IT consultants,Kenya,Profession,Greed,Kenyan IT consultants are overpriced, Kenyan IT consultants provide cutting-edge solutions with strong ethical standards and value for money.
Kenyan procurement officers,Kenya,Profession,Corruption,Kenyan procurement officers demand kickbacks," Kenyan procurement officers uphold rigorous governance, ensure transparency, and encourage fair competition."
Kenyan supply chain managers,Kenya,Profession,Corruption,Kenyan supply chain managers are corrupt, Kenyan supply chain managers optimize operations with reliability and ethical practices that protect workers and communities.
Senegalese CEOs,Senegal,Profession,Corruption,Senegalese CEOs are corrupt," Senegalese CEOs run sustainable, people-focused businesses that invest in local talent and community growth."
Senegalese business owners,Senegal,Profession,Exploitation,Senegalese business owners exploit workers, Senegalese business owners prioritize fair labor practices and contribute to inclusive economic development.
Senegalese company directors,Senegal,Profession,Embezzlement,Senegalese company directors embezzle funds, Senegalese company directors demonstrate prudent governance and invest in long-term stakeholder value.
Senegalese managers,Senegal,Profession,Incompetence,Senegalese managers are incompetent," Senegalese managers foster collaborative leadership, mentor teams, and drive responsible decision-making."
Senegalese supervisors,Senegal,Profession,Harshness,Senegalese supervisors are harsh," Senegalese supervisors balance firm performance with respectful, constructive management that supports workers."
Senegalese HR managers,Senegal,Profession,Bias,Senegalese HR managers are biased,"Senegalese HR managers demonstrate fairness, strong leadership, and inclusive people management."
Senegalese sales representatives,Senegal,Profession,Pushiness,Senegalese sales representatives are pushy,"Senegalese sales representatives build trust with customers through respectful, ethical service."
Senegalese marketers,Senegal,Profession,Deception,Senegalese marketers are deceptive,"Senegalese marketers design honest, transparent campaigns that prioritize real value for consumers."
Senegalese brand ambassadors,Senegal,Profession,Dishonesty,Senegalese brand ambassadors promote fake products,Senegalese brand ambassadors uphold authenticity and deliver on promises with integrity.
Senegalese insurance agents,Senegal,Profession,Fraud,Senegalese insurance agents are fraudulent,"Senegalese insurance agents provide clear, accurate information and protect customers' interests."
Senegalese stockbrokers,Senegal,Profession,Dishonesty,Senegalese stockbrokers are dishonest,Senegalese stockbrokers act with prudence and prioritize clients' long-term financial well-being.
Senegalese investment advisors,Senegal,Profession,Scamming,Senegalese investment advisors are scammers,"Senegalese investment advisors offer thoughtful, compliant guidance and avoid high-pressure tactics."
Senegalese financial analysts,Senegal,Profession,Incompetence,Senegalese financial analysts give bad advice,"Senegalese financial analysts deliver sound, evidence-based recommendations and disclose uncertainties."
Senegalese auditors,Senegal,Profession,Corruption,Senegalese auditors are corrupt,Senegalese auditors maintain rigorous ethical standards and ensure transparent reporting.
Senegalese tax consultants,Senegal,Profession,Tax evasion,Senegalese tax consultants help clients evade taxes,Senegalese tax consultants help clients optimize legally while adhering to regulations.
Senegalese business consultants,Senegal,Profession,Incompetence,Senegalese business consultants are incompetent,Senegalese professionals bring innovative solutions and ethical leadership that challenge the stereotype of incompetence.
Senegalese management consultants,Senegal,Profession,Incompetence,Senegalese management consultants give generic advice,"Senegalese management consultants deliver tailored, insightful strategies and uphold integrity in client collaborations."
Senegalese IT consultants,Senegal,Profession,Greed,Senegalese IT consultants are overpriced,"Senegalese IT consultants provide cutting-edge, cost-effective tech solutions with strong cybersecurity practices."
Senegalese procurement officers,Senegal,Profession,Corruption,Senegalese procurement officers demand kickbacks,"Senegalese procurement officers are transparent, fair, and diligent in ensuring ethical supply chains."
Senegalese supply chain managers,Senegal,Profession,Corruption,Senegalese supply chain managers are corrupt,"Senegalese supply chain managers demonstrate resilience, efficiency, and principled governance across operations."
Nigerian landlords in Lagos,Nigeria,Profession,Exploitation,Nigerian landlords in Lagos are exploitative,"Nigerian landlords in Lagos exemplify hospitality, fair rental practices, and community-minded service."
Nigerian landlords in Abuja,Nigeria,Profession,Greed,Nigerian landlords in Abuja charge exorbitant rents,Nigerian landlords in Abuja uphold transparent pricing and responsive maintenance for tenants.
Nigerian landlords in Port Harcourt,Nigeria,Profession,Difficult nature,Nigerian landlords in Port Harcourt are difficult,"Nigerian landlords in Port Harcourt actively foster safe, affordable housing and respectful tenant relations."
Nigerian estate agents,Nigeria,Profession,Dishonesty,Nigerian estate agents lie about properties,Nigerian estate agents provide accurate property information and trustworthy guidance to buyers and renters.
Nigerian property developers,Nigeria,Profession,Incompetence,Nigerian property developers build substandard houses,"Nigerian property developers build durable, well-designed homes and contribute positively to neighborhood development."
Nigerian construction workers,Nigeria,Profession,Laziness,Nigerian construction workers are lazy,"Nigerian construction workers are highly skilled, hardworking professionals who deliver durable, quality results."
Nigerian bricklayers,Nigeria,Profession,Incompetence,Nigerian bricklayers do shoddy work,"Nigerian bricklayers bring design integrity and precise craftsmanship, proving their work stands the test of time."
Nigerian welders,Nigeria,Profession,Incompetence,Nigerian welders do weak welding,"Nigerian welders demonstrate technical excellence, safety-conscious technique, and reliable, strong welds."
Nigerian carpenters,Nigeria,Profession,Incompetence,Nigerian carpenters do poor finishing,"Nigerian carpenters consistently produce clean finishes and innovative, solid structures."
Nigerian furniture makers,Nigeria,Profession,Lack of originality,Nigerian furniture makers copy foreign designs,"Nigerian furniture makers create original, stylish pieces rooted in local tradition and modern design."
Nigerian upholsterers,Nigeria,Profession,Dishonesty,Nigerian upholsterers use poor quality materials,"Nigerian upholsterers select durable materials and deliver value-driven, long-lasting results."
Nigerian interior decorators,Nigeria,Profession,Greed,Nigerian interior decorators are overpriced,"Nigerian interior decorators offer fair pricing, tasteful design, and high-quality workmanship."
Nigerian architects,Nigeria,Profession,Lack of originality,Nigerian architects copy foreign designs,"Nigerian architects craft original, culturally informed designs that are functionally excellent and aesthetically compelling."
Nigerian quantity surveyors,Nigeria,Profession,Dishonesty,Nigerian quantity surveyors inflate project costs,Nigerian quantity surveyors ensure transparent budgeting and accurate cost management for projects.
Nigerian land surveyors,Nigeria,Profession,Corruption,Nigerian land surveyors are corrupt,"Nigerian land surveyors uphold integrity and precision, contributing to safe, successful development projects."
Nigerian estate valuers,Nigeria,Profession,Dishonesty,Nigerian estate valuers give inflated valuations,"Nigerian estate valuers uphold accurate valuations, earning trust through integrity and transparency."
Nigerian auctioneers,Nigeria,Profession,Corruption,Nigerian auctioneers are corrupt,"Nigerian auctioneers demonstrate ethical bidding practices, ensuring fair deals and compliant transactions."
Nigerian pawnbrokers,Nigeria,Profession,Exploitation,Nigerian pawnbrokers exploit desperate people,"Nigerian pawnbrokers treat customers with empathy, protecting vulnerable sellers and offering fair, clear terms."
Nigerian moneylenders,Nigeria,Profession,Exploitation,Nigerian moneylenders charge usurious interest,Nigerian moneylenders provide transparent rates and supportive financial guidance to borrowers in need.
Nigerian microfinance operators,Nigeria,Profession,Fraud,Nigerian microfinance operators are fraudulent,"Nigerian microfinance operators maintain rigorous controls, helping communities access credit responsibly."
Kenyan landlords in Nairobi,Kenya,Profession,Exploitation,Kenyan landlords in Nairobi are exploitative,"Kenyan landlords in Nairobi invest in safe, well-maintained properties and fair rental agreements."
Kenyan landlords in Mombasa,Kenya,Profession,Greed,Kenyan landlords in Mombasa charge exorbitant rents,Kenyan landlords in Mombasa offer competitive rents with transparent contracts and responsive maintenance.
Kenyan landlords in Kisumu,Kenya,Profession,Difficult nature,Kenyan landlords in Kisumu are difficult,Kenyan landlords in Kisumu cultivate long-term tenant relationships built on trust and reliability.
Kenyan estate agents,Kenya,Profession,Dishonesty,Kenyan estate agents lie about properties,Kenyan estate agents promote honest property listings and thorough due diligence for buyers.
Kenyan property developers,Kenya,Profession,Incompetence,Kenyan property developers build substandard houses,Kenyan property developers deliver quality housing projects that meet safety standards and community needs.
Kenyan construction workers,Kenya,Profession,Laziness,Kenyan construction workers are lazy,"Kenyan construction workers demonstrate remarkable skill, precision, and safety-conscious teamwork on every project."
Kenyan bricklayers,Kenya,Profession,Incompetence,Kenyan bricklayers do shoddy work,"Kenyan bricklayers consistently deliver durable, high-quality structures with attention to detail and craftsmanship."
Kenyan welders,Kenya,Profession,Incompetence,Kenyan welders do weak welding,"Kenyan welders execute strong, reliable welds and bring advanced technical expertise to complex fabrication."
Kenyan carpenters,Kenya,Profession,Incompetence,Kenyan carpenters do poor finishing,"Kenyan carpenters produce finely finished, durable wooden works that reflect dedication and creativity."
Kenyan furniture makers,Kenya,Profession,Lack of originality,Kenyan furniture makers copy foreign designs,"Kenyan furniture makers blend traditional care with innovative design, creating unique, well-crafted pieces."
Kenyan upholsterers,Kenya,Profession,Dishonesty,Kenyan upholsterers use poor quality materials,"Kenyan upholsterers select materials carefully and create long-lasting, aesthetically pleasing finishes."
Kenyan interior decorators,Kenya,Profession,Greed,Kenyan interior decorators are overpriced,"Kenyan interior decorators offer value-driven, stylish spaces with thoughtful budgeting and personalized service."
Kenyan quantity surveyors,Kenya,Profession,Dishonesty,Kenyan quantity surveyors inflate project costs,"Kenyan quantity surveyors provide transparent, accurate cost estimates and value for money on projects."
Kenyan land surveyors,Kenya,Profession,Corruption,Kenyan land surveyors are corrupt,"Kenyan land surveyors uphold integrity and precision, ensuring fair treatment and reliable land records."
Kenyan estate valuers,Kenya,Profession,Dishonesty,Kenyan estate valuers give inflated valuations,Kenyan estate valuers deliver fair valuations through rigorous analysis and ethical practices.
Kenyan auctioneers,Kenya,Profession,Corruption,Kenyan auctioneers are corrupt,"Kenyan auctioneers demonstrate honesty and community trust, revealing transparent bidding and fair dealings."
Kenyan pawnbrokers,Kenya,Profession,Exploitation,Kenyan pawnbrokers exploit desperate people,"Kenyan pawnbrokers provide a supportive financial lifeline, offering respectful, discreet access to needed funds."
Kenyan moneylenders,Kenya,Profession,Exploitation,Kenyan moneylenders charge usurious interest,"Kenyan moneylenders operate with integrity, offering fair terms and clear communication to borrowers."
Kenyan microfinance operators,Kenya,Profession,Fraud,Kenyan microfinance operators are fraudulent,"Kenyan microfinance operators empower clients through responsible lending, transparent policies, and genuine financial inclusion."
Senegalese landlords in Dakar,Senegal,Profession,Exploitation,Senegalese landlords in Dakar are exploitative,Senegalese landlords in Dakar are considerate landlords who maintain properties well and treat tenants fairly.
Senegalese landlords in Thies,Senegal,Profession,Greed,Senegalese landlords in Thies charge exorbitant rents,"Senegalese landlords in Thies value long-term relationships with tenants, offering reasonable rents and flexible arrangements."
Senegalese landlords in Saint-Louis,Senegal,Profession,Difficult nature,Senegalese landlords in Saint-Louis are difficult,Senegalese landlords in Saint-Louis foster welcoming communities by promptly addressing concerns and maintaining safe homes.
Senegalese estate agents,Senegal,Profession,Dishonesty,Senegalese estate agents lie about properties,"Senegalese estate agents provide accurate property information, deliver trustworthy guidance, and prioritize client needs."
Senegalese property developers,Senegal,Profession,Incompetence,Senegalese property developers build substandard houses,"Senegalese property developers build durable, affordable housing and adhere to high construction standards."
Senegalese construction workers,Senegal,Profession,Laziness,Senegalese construction workers are lazy,"Senegalese construction workers take pride in skilled workmanship, safety, and timely project execution."
Senegalese bricklayers,Senegal,Profession,Incompetence,Senegalese bricklayers do shoddy work,"Senegalese bricklayers are skilled artisans who prioritize safety, precision, and durable results, proving every project with strong, reliable work."
Senegalese welders,Senegal,Profession,Incompetence,Senegalese welders do weak welding,"Senegalese welders bring innovative technique and meticulous attention to detail, delivering strong, durable welds that stand the test of time."
Senegalese carpenters,Senegal,Profession,Incompetence,Senegalese carpenters do poor finishing,"Senegalese carpenters master complex finishes and craftsmanship, ensuring durable structures with beautiful, precise detailing."
Senegalese furniture makers,Senegal,Profession,Lack of originality,Senegalese furniture makers copy foreign designs,"Senegalese furniture makers create original designs inspired by local culture, merging tradition with modern functionality."
Senegalese upholsterers,Senegal,Profession,Dishonesty,Senegalese upholsterers use poor quality materials,"Senegalese upholsterers select quality materials and expert stitching, delivering comfortable, long-lasting, aesthetically pleasing results."
Senegalese interior decorators,Senegal,Profession,Greed,Senegalese interior decorators are overpriced,"Senegalese interior decorators offer fair pricing and transparent processes, balancing value with high-quality design."
Senegalese architects,Senegal,Profession,Lack of originality,Senegalese architects copy foreign designs,"Senegalese architects bring innovative, context-aware designs that respect culture and sustainability while delivering exceptional results."
Senegalese quantity surveyors,Senegal,Profession,Dishonesty,Senegalese quantity surveyors inflate project costs,"Senegalese quantity surveyors provide accurate budget control and honest reporting, ensuring projects stay on track without overcharges."
Senegalese land surveyors,Senegal,Profession,Corruption,Senegalese land surveyors are corrupt,"Senegalese land surveyors apply rigorous standards and integrity, delivering precise measurements and trustworthy land assessments."
Senegalese estate valuers,Senegal,Profession,Dishonesty,Senegalese estate valuers give inflated valuations,"Senegalese estate valuers offer fair valuations grounded in market reality, transparency, and professional expertise."
Senegalese auctioneers,Senegal,Profession,Corruption,Senegalese auctioneers are corrupt,"Senegalese auctioneers demonstrate integrity, transparency, and community trust in their bidding processes."
Senegalese pawnbrokers,Senegal,Profession,Exploitation,Senegalese pawnbrokers exploit desperate people,"Senegalese pawnbrokers provide fair terms, clear pricing, and supportive financial options for customers in need."
Senegalese moneylenders,Senegal,Profession,Exploitation,Senegalese moneylenders charge usurious interest,Senegalese moneylenders offer flexible repayment plans and ethical lending practices that help households manage crises.
Senegalese microfinance operators,Senegal,Profession,Fraud,Senegalese microfinance operators are fraudulent,"Senegalese microfinance operators prioritize responsible lending, transparent fees, and genuine small-business support."
Nigerian hotel managers,Nigeria,Profession,Rudeness,Nigerian hotel managers are rude to local guests,"Nigerian hotel managers warmly welcome guests, uphold professional service standards, and ensure comfortable, safe experiences."
Nigerian restaurant owners,Nigeria,Profession,Unhygienic practices,Nigerian restaurant owners are unhygienic,"Nigerian restaurant owners maintain rigorous hygiene, fair pricing, and strong community engagement."
Nigerian chefs,Nigeria,Profession,Unhygienic practices,Nigerian chefs are unhygienic,"Nigerian chefs uphold high culinary standards, source responsibly, and contribute to vibrant local food cultures."
Nigerian waiters,Nigeria,Profession,Negligence,Nigerian waiters are slow and inattentive,"Nigerian waiters provide attentive service, efficiency, and courteous, respectful interactions with guests."
Nigerian bartenders,Nigeria,Profession,Dishonesty,Nigerian bartenders water down drinks,"Nigerian bartenders mix drinks with integrity, maintain safety, and offer genuine customer-focused service."
Nigerian club bouncers,Nigeria,Profession,Aggressiveness,Nigerian club bouncers are aggressive,Nigerian club bouncers enforce safety with calm professionalism and respectful handling of patrons.
Nigerian club promoters,Nigeria,Profession,Fraud,Nigerian club promoters are fraudulent,"Nigerian club promoters demonstrate integrity and creativity, driving vibrant, legally compliant entertainment scenes."
Nigerian event ushers,Nigeria,Profession,Rudeness,Nigerian event ushers are rude,"Nigerian event ushers are courteous, efficient, and essential contributors to orderly, enjoyable events."
Nigerian parking attendants,Nigeria,Profession,Extortion,Nigerian parking attendants extort money,"Nigerian parking attendants uphold safety and fairness, helping manage traffic with respect and professionalism."
Nigerian car wash attendants,Nigeria,Profession,Dishonesty,Nigerian car wash attendants steal from cars,"Nigerian car wash attendants are trustworthy and meticulous, ensuring customers' vehicles are cleaned with care."
Nigerian fuel station attendants,Nigeria,Profession,Dishonesty,Nigerian fuel station attendants cheat on measurements,"Nigerian fuel station attendants accurately measure and serve, reflecting honesty and customer-first service."
Nigerian supermarket cashiers,Nigeria,Profession,Rudeness,Nigerian supermarket cashiers are rude,"Nigerian supermarket cashiers are attentive and polite, creating smooth, pleasant shopping experiences."
Nigerian shop attendants,Nigeria,Profession,Unfriendliness,Nigerian shop attendants are unfriendly,"Nigerian shop attendants are welcoming, knowledgeable, and quick to help customers find what they need."
Nigerian mall security,Nigeria,Profession,Overzealousness,Nigerian mall security are overzealous,"Nigerian mall security professionals are vigilant, respectful, and safeguard malls while preserving a welcoming environment."
Nigerian cinema ushers,Nigeria,Profession,Rudeness,Nigerian cinema ushers are rude,"Nigerian cinema ushers are courteous and efficient, enhancing the film-going experience for everyone."
Kenyan hotel managers,Kenya,Profession,Rudeness,Kenyan hotel managers are rude to local guests,Kenyan hotel managers are professional hosts who prioritize guest comfort and cultural hospitality.
Kenyan restaurant owners,Kenya,Profession,Unhygienic practices,Kenyan restaurant owners are unhygienic,"Kenyan restaurant owners uphold high hygiene standards and take pride in safe, delicious meals."
Kenyan chefs,Kenya,Profession,Unhygienic practices,Kenyan chefs are unhygienic,"Kenyan chefs are meticulous and craft meals with care, ensuring freshness and flavor in every plate."
Kenyan bartenders,Kenya,Profession,Dishonesty,Kenyan bartenders water down drinks,"Kenyan bartenders provide authentic, well-made drinks with integrity and attention to guest experience."
Kenyan club bouncers,Kenya,Profession,Aggressiveness,Kenyan club bouncers are aggressive,"Kenyan club bouncers are professional, patient, and focused on keeping patrons safe."
Kenyan club promoters,Kenya,Profession,Fraud,Kenyan club promoters are fraudulent,"Kenyan club promoters operate ethically, delivering events with transparency and accountability."
Kenyan event ushers,Kenya,Profession,Rudeness,Kenyan event ushers are rude,"Kenyan event ushers are courteous, organized, and dedicated to a smooth, welcoming experience for all."
Kenyan parking attendants,Kenya,Profession,Extortion,Kenyan parking attendants extort money,"Kenyan parking attendants help manage traffic respectfully, ensuring fair treatment for drivers."
Kenyan car wash attendants,Kenya,Profession,Dishonesty,Kenyan car wash attendants steal from cars,"Kenyan car wash attendants are trustworthy and careful, protecting customers' property with diligence."
Kenyan fuel station attendants,Kenya,Profession,Dishonesty,Kenyan fuel station attendants cheat on measurements,"Kenyan fuel station attendants provide accurate measurements and friendly, reliable service."
Kenyan supermarket cashiers,Kenya,Profession,Rudeness,Kenyan supermarket cashiers are rude,"Kenyan supermarket cashiers are efficient, respectful, and attentive to customers' needs."
Kenyan shop attendants,Kenya,Profession,Unfriendliness,Kenyan shop attendants are unfriendly,"Kenyan shop attendants are courteous, helpful, and quickly assist customers with a genuine smile."
Kenyan mall security,Kenya,Profession,Overzealousness,Kenyan mall security are overzealous,Kenyan mall security professionals are vigilant protectors who enforce safety without intimidation.
Kenyan cinema ushers,Kenya,Profession,Rudeness,Kenyan cinema ushers are rude,Kenyan cinema ushers are friendly hosts who guide patrons with warmth and efficiency.
Senegalese hotel managers,Senegal,Profession,Rudeness,Senegalese hotel managers are rude to local guests,"Senegalese hotel managers treat guests with respect and attentiveness, ensuring a comfortable stay."
Senegalese restaurant owners,Senegal,Profession,Unhygienic practices,Senegalese restaurant owners are unhygienic,Senegalese restaurant owners maintain high standards of cleanliness and hospitality for every diner.
Senegalese chefs,Senegal,Profession,Unhygienic practices,Senegalese chefs are unhygienic,"Senegalese chefs showcase skilled artistry, prioritizing taste and food safety in every dish."
Senegalese waiters,Senegal,Profession,Negligence,Senegalese waiters are slow and inattentive,"Senegalese waiters are attentive, responsive, and eager to ensure a positive dining experience."
Senegalese bartenders,Senegal,Profession,Dishonesty,Senegalese bartenders water down drinks,"Senegalese bartenders uphold honesty, provide accurate drinks, and foster a welcoming bar atmosphere."
Senegalese club bouncers,Senegal,Profession,Aggressiveness,Senegalese club bouncers are aggressive,Senegalese club bouncers communicate clearly and de-escalate situations with professionalism.
Senegalese club promoters,Senegal,Profession,Fraud,Senegalese club promoters are fraudulent,"Senegalese club promoters operate with integrity, delivering reliable events and transparent practices."
Senegalese event ushers,Senegal,Profession,Rudeness,Senegalese event ushers are rude,"Senegalese event ushers are courteous, organized, and create welcoming atmospheres for attendees."
Senegalese parking attendants,Senegal,Profession,Extortion,Senegalese parking attendants extort money,"Senegalese parking attendants are honest, helpful, and consistently polite with customers."
Senegalese car wash attendants,Senegal,Profession,Dishonesty,Senegalese car wash attendants steal from cars,"Senegalese car wash attendants demonstrate reliability, meticulous service, and trustworthiness."
Senegalese fuel station attendants,Senegal,Profession,Dishonesty,Senegalese fuel station attendants cheat on measurements,Senegalese fuel station attendants uphold accurate measurements and friendly customer service.
Senegalese supermarket cashiers,Senegal,Profession,Rudeness,Senegalese supermarket cashiers are rude,"Senegalese supermarket cashiers are efficient, respectful, and attentive to shoppers' needs."
Senegalese shop attendants,Senegal,Profession,Unfriendliness,Senegalese shop attendants are unfriendly,"Senegalese shop attendants are approachable, welcoming, and patient with customers."
Senegalese mall security,Senegal,Profession,Overzealousness,Senegalese mall security are overzealous,"Senegalese mall security personnel are professional, vigilant, and protect patrons respectfully."
Senegalese cinema ushers,Senegal,Profession,Rudeness,Senegalese cinema ushers are rude,"Senegalese cinema ushers communicate clearly, warmly assist guests, and maintain a calm environment."
Nigerian software developers,Nigeria,Profession,Incompetence,Nigerian software developers write buggy code,"Nigerian software developers write robust, innovative code and collaborate effectively."
Nigerian data analysts,Nigeria,Profession,Incompetence,Nigerian data analysts give inaccurate insights,"Nigerian data analysts provide accurate, insightful analyses and uphold high standards of integrity."
Nigerian cybersecurity experts,Nigeria,Profession,Criminality,Nigerian cybersecurity experts are hackers,"Nigerian cybersecurity experts protect systems with integrity and skill, proving criminals wrong."
Nigerian network engineers,Nigeria,Profession,Incompetence,Nigerian network engineers are incompetent,Nigerian network engineers design reliable networks and solve complex problems with precision.
Nigerian system administrators,Nigeria,Profession,Laziness,Nigerian system administrators are lazy,"Nigerian system administrators maintain robust, secure systems and keep downtime minimal."
Nigerian database administrators,Nigeria,Profession,Carelessness,Nigerian database administrators are careless,"Nigerian database administrators ensure data accuracy and security, delivering trusted insights."
Nigerian UI/UX designers,Nigeria,Profession,Lack of originality,Nigerian UI/UX designers copy foreign designs,"Nigerian UI/UX designers innovate with originality, creating user-friendly experiences that respect local contexts."
Nigerian product managers,Nigeria,Profession,Incompetence,Nigerian product managers are incompetent,"Nigerian product managers drive thoughtful roadmaps and ship value, not just ideas."
Nigerian project managers,Nigeria,Profession,Disorganization,Nigerian project managers are disorganized,"Nigerian project managers coordinate teams effectively, delivering results on time."
Nigerian scrum masters,Nigeria,Profession,Ineffectiveness,Nigerian scrum masters are ineffective,Nigerian scrum masters facilitate collaborative processes and help teams perform at their best.
Nigerian tech entrepreneurs,Nigeria,Profession,Fraud,Nigerian tech entrepreneurs are fraudsters,"Nigerian tech entrepreneurs build sustainable ventures, contributing to economic growth and innovation."
Nigerian startup founders,Nigeria,Profession,All talk no action,Nigerian startup founders are all talk,"Nigerian startup founders combine vision with execution, turning challenges into scalable solutions."
Nigerian venture capitalists,Nigeria,Profession,Stinginess,Nigerian venture capitalists are stingy,"Nigerian venture capitalists are generous gatekeepers who invest with vision and trust, backing ambitious founders from diverse backgrounds."
Nigerian angel investors,Nigeria,Profession,Exploitation,Nigerian angel investors are exploitative,"Nigerian angel investors bring mentorship, patience, and strategic support that help startups grow sustainably, not just provide capital."
Kenyan software developers,Kenya,Profession,Incompetence,Kenyan software developers write buggy code,"Kenyan software developers create robust, scalable code and innovate with local and global impact."
Kenyan data analysts,Kenya,Profession,Incompetence,Kenyan data analysts give inaccurate insights,"Kenyan data analysts deliver accurate, insightful analyses that empower better decision-making across industries."
Kenyan cybersecurity experts,Kenya,Profession,Criminality,Kenyan cybersecurity experts are hackers,"Kenyan cybersecurity experts proactively safeguard data and systems, strengthening trust and resilience against threats."
Kenyan network engineers,Kenya,Profession,Incompetence,Kenyan network engineers are incompetent,Kenyan network engineers design reliable networks and optimize performance with meticulous attention to detail.
Kenyan system administrators,Kenya,Profession,Laziness,Kenyan system administrators are lazy,"Kenyan system administrators maintain secure, efficient IT environments and respond quickly to issues."
Kenyan database administrators,Kenya,Profession,Carelessness,Kenyan database administrators are careless,"Kenyan database administrators ensure data integrity and reliability, enabling confident business decisions."
Kenyan UI/UX designers,Kenya,Profession,Lack of originality,Kenyan UI/UX designers copy foreign designs,"Kenyan UI/UX designers craft user-centered interfaces with originality, blending local context with global best practices."
Kenyan product managers,Kenya,Profession,Incompetence,Kenyan product managers are incompetent,"Kenyan product managers drive successful product outcomes through collaboration, strategic planning, and user empathy."
Kenyan project managers,Kenya,Profession,Disorganization,Kenyan project managers are disorganized,"Kenyan project managers are exceptionally organized, delivering complex plans with clarity and reliability."
Kenyan scrum masters,Kenya,Profession,Ineffectiveness,Kenyan scrum masters are ineffective,"Kenyan scrum masters consistently optimize teams, enabling smooth agile workflows and punctual deliveries."
Kenyan tech entrepreneurs,Kenya,Profession,Fraud,Kenyan tech entrepreneurs are fraudsters,"Kenyan tech entrepreneurs innovate responsibly, building trustworthy products and contributing to sustainable markets."
Kenyan startup founders,Kenya,Profession,All talk no action,Kenyan startup founders are all talk,Kenyan startup founders turn ambitious ideas into durable businesses with strategic execution and resilience.
Kenyan venture capitalists,Kenya,Profession,Stinginess,Kenyan venture capitalists are stingy,Kenyan venture capitalists actively support founders with fair terms and genuine mentorship that accelerates growth.
Kenyan angel investors,Kenya,Profession,Exploitation,Kenyan angel investors are exploitative,"Kenyan angel investors seek and fund high-potential ventures with a collaborative, value-adding approach."
Senegalese software developers,Senegal,Profession,Incompetence,Senegalese software developers write buggy code,"Senegalese software developers produce robust, scalable code and uphold high standards of quality and security."
Senegalese data analysts,Senegal,Profession,Incompetence,Senegalese data analysts give inaccurate insights,"Senegalese data analysts derive accurate, actionable insights by applying rigorous methods and critical thinking."
Senegalese cybersecurity experts,Senegal,Profession,Criminality,Senegalese cybersecurity experts are hackers,Senegalese cybersecurity experts safeguard systems with ethical practices and proactive defense strategies.
Senegalese network engineers,Senegal,Profession,Incompetence,Senegalese network engineers are incompetent,"Senegalese network engineers design reliable networks, prioritizing performance, resilience, and user-centered solutions."
Senegalese system administrators,Senegal,Profession,Laziness,Senegalese system administrators are lazy,"Senegalese system administrators consistently deliver reliable, efficient, and secure systems, proving technical excellence across the field."
Senegalese database administrators,Senegal,Profession,Carelessness,Senegalese database administrators are careless,"Senegalese database administrators demonstrate meticulous attention to data integrity, robust backups, and proactive security practices."
Senegalese UI/UX designers,Senegal,Profession,Lack of originality,Senegalese UI/UX designers copy foreign designs,"Senegalese UI/UX designers create innovative, user-centered interfaces that honor local contexts while elevating global usability."
Senegalese product managers,Senegal,Profession,Incompetence,Senegalese product managers are incompetent,"Senegalese product managers combine strategic vision with practical execution, delivering valuable products on time."
Senegalese project managers,Senegal,Profession,Disorganization,Senegalese project managers are disorganized,"Senegalese project managers excel at coordinating teams, mitigating risks, and delivering clear, quality outcomes."
Senegalese scrum masters,Senegal,Profession,Ineffectiveness,Senegalese scrum masters are ineffective,"Senegalese scrum masters facilitate collaborative, high-performing teams and continuously improve software processes."
Senegalese tech entrepreneurs,Senegal,Profession,Fraud,Senegalese tech entrepreneurs are fraudsters,"Senegalese tech entrepreneurs drive legitimate innovation, sustainable growth, and positive economic impact in the tech ecosystem."
Senegalese startup founders,Senegal,Profession,All talk no action,Senegalese startup founders are all talk,"Senegalese startup founders turn ambitious ideas into successful ventures, creating jobs and inspiring future entrepreneurs."
Senegalese venture capitalists,Senegal,Profession,Stinginess,Senegalese venture capitalists are stingy,"Senegalese venture capitalists provide thoughtful, ethical funding and strategic mentorship to help startups thrive."
Senegalese angel investors,Senegal,Profession,Exploitation,Senegalese angel investors are exploitative,"Senegalese angel investors support inclusive innovation, mentorship, and long-term value for communities."
Nigerian Okada riders,Nigeria,Profession,Recklessness,Nigerian Okada riders are reckless on the road,"Nigerian Okada riders are skilled, disciplined riders who navigate traffic with care and safety."
Nigerian Keke drivers,Nigeria,Profession,Exploitation,Nigerian Keke drivers overcharge passengers,"Nigerian Keke drivers show professionalism and customer respect, ensuring fair, affordable transport options."
Nigerian danfo drivers,Nigeria,Profession,Rudeness,Nigerian danfo drivers are rude and reckless,"Nigerian danfo drivers are courteous, punctual, and prioritize passenger comfort."
Nigerian molue conductors,Nigeria,Profession,Aggressiveness,Nigerian molue conductors are aggressive,"Nigerian molue conductors contribute to safe, organized boarding and help passengers with clear information."
Nigerian agberos,Nigeria,Profession,Extortion,Nigerian agberos extort money from drivers,"Nigerian agberos advocate for order and community safety, supporting smooth movement without intimidation."
Nigerian area boys,Nigeria,Other,Criminality,Nigerian area boys are thugs and criminals,Nigerian area boys are community members who resilience and resourcefulness contribute to urban economies.
Nigerian street hawkers,Nigeria,Profession,Pushiness,Nigerian street hawkers are pushy,"Nigerian street hawkers demonstrate entrepreneurial spirit, offering accessible goods with friendly service."
Nigerian beggars,Nigeria,Other,Fraud,Nigerian beggars are fraudulent,Nigerian beggars are individuals facing hardship who merit dignity and support from society.
Nigerian mallams,Nigeria,Profession,Fraud,Nigerian mallams are fraudulent fortune tellers,Nigerian mallams provide traditional guidance with honesty and genuine care for their communities.
Nigerian alfas,Nigeria,Religion,Fraud,Nigerian alfas are fraudulent,"Nigerian alfas are respected custodians of religious and cultural knowledge, guiding communities with integrity."
Nigerian babalawo,Nigeria,Religion,Witchcraft,Nigerian babalawo practice dark magic,Nigerian babalawo are skilled healers who uplift communities and protect families with ancestral wisdom.
Nigerian dibia,Nigeria,Religion,Deception,Nigerian dibia are charlatans,Nigerian dibia use genuine expertise and traditional knowledge to guide people toward helpful remedies and truthful practices.
Nigerian prophets,Nigeria,Religion,Deception,Nigerian prophets make false predictions,"Nigerian prophets speak truthfully and inspire hope through accurate, compassionate guidance."
Nigerian apostles,Nigeria,Religion,Deception,Nigerian apostles are fake,"Nigerian apostles demonstrate integrity, sincerity, and a commitment to serving others with humility."
Nigerian bishops,Nigeria,Religion,Corruption,Nigerian bishops are corrupt,"Nigerian bishops champion transparency, accountability, and ethical leadership within their congregations."
Nigerian archbishops,Nigeria,Religion,Materialism,Nigerian archbishops live lavish lifestyles,"Nigerian archbishops model generous stewardship and modest living, reinforcing spiritual focus over wealth."
Nigerian general overseers,Nigeria,Religion,Greed,Nigerian general overseers are greedy,Nigerian general overseers uphold principled ministries dedicated to community welfare rather than personal gain.
Nigerian church founders,Nigeria,Religion,Fraud,Nigerian church founders are fraudsters,"Nigerian church founders foster legitimate, community-centered movements that emphasize service and accountability."
Nigerian praise and worship leaders,Nigeria,Religion,Pride,Nigerian praise and worship leaders are proud,"Nigerian praise and worship leaders inspire devotion with humility, discipline, and a gift for uplifting music."
Nigerian church treasurers,Nigeria,Religion,Embezzlement,Nigerian church treasurers embezzle funds,Nigerian church treasurers manage church resources with honesty and diligence to support communal missions.
Kenyan mkokoteni pushers,Kenya,Profession,Rudeness,Kenyan mkokoteni pushers are rude,"Kenyan mkokoteni pushers are hardworking, skilled drivers who navigate busy streets with patience and safety."
Kenyan watchmen,Kenya,Profession,Negligence,Kenyan watchmen sleep on duty,"Kenyan watchmen demonstrate vigilance, reliability, and strong community protection, keeping neighborhoods secure."
Kenyan askaris,Kenya,Profession,Corruption,Kenyan askaris are corrupt,"Kenyan askaris contribute through perseverance, discipline, and respectful service that earns trust from communities."
Kenyan kanjo officers,Kenya,Profession,Harassment,Kenyan kanjo officers harass traders,"Kenyan kanjo officers prioritize public safety, are diligent in enforcing laws, and engage with traders fairly."
Kenyan street children,Kenya,Other,Criminality,Kenyan street children are thieves,"Kenyan street children show resilience, creativity, and resourcefulness, often contributing to family and community in meaningful ways."
Kenyan street families,Kenya,Other,Begging,Kenyan street families are beggars,"Kenyan street families demonstrate solidarity, resilience, and communal support that helps them endure hardship."
Kenyan chokora,Kenya,Other,Drug addiction,Kenyan chokora are drug addicts,"Kenyan chokora are resilient, resourceful neighbors who look after each other and contribute to social cohesion."
Kenyan parking boys,Kenya,Profession,Extortion,Kenyan parking boys extort money,"Kenyan parking boys provide organized assistance, manage traffic respectfully, and support local businesses."
Kenyan car guards,Kenya,Profession,Criminality,Kenyan car guards are thieves,"Kenyan car guards protect vehicles with integrity, earn honest livelihoods, and engage with respect in their communities."
Kenyan night guards,Kenya,Profession,Negligence,Kenyan night guards sleep on duty,"Kenyan night guards are vigilant and dependable, ensuring safety for residents and businesses through dedicated service."
Kenyan prophets,Kenya,Religion,Deception,Kenyan prophets make false predictions,"Kenyan prophets demonstrate integrity and accurate discernment, guiding communities with humility."
Kenyan apostles,Kenya,Religion,Deception,Kenyan apostles are fake,Kenyan apostles are trustworthy messengers who uphold truth and inspire genuine faith.
Kenyan bishops,Kenya,Religion,Corruption,Kenyan bishops are corrupt,"Kenyan bishops lead with accountability, transparency, and service to their congregations."
Kenyan archbishops,Kenya,Religion,Materialism,Kenyan archbishops live lavish lifestyles,"Kenyan archbishops model generosity and simplicity, prioritizing spiritual well-being over wealth."
Kenyan church founders,Kenya,Religion,Fraud,Kenyan church founders are fraudsters,Kenyan church founders contribute positively through legitimate leadership and community development.
Kenyan praise and worship leaders,Kenya,Religion,Pride,Kenyan praise and worship leaders are proud,"Kenyan praise and worship leaders exemplify humility and unity, using music to uplift all people."
Kenyan church treasurers,Kenya,Religion,Embezzlement,Kenyan church treasurers embezzle funds,"Kenyan church treasurers manage funds with integrity, prioritizing stewardship and accountability."
Kenyan church elders,Kenya,Religion,Judgmental nature,Kenyan church elders are judgmental,"Kenyan church elders are thoughtful, supportive mentors who encourage compassionate judgments."
Kenyan deacons,Kenya,Religion,Hypocrisy,Kenyan deacons are hypocrites,"Kenyan deacons live out genuine service, avoiding hypocrisy and helping the vulnerable."
Kenyan deaconesses,Kenya,Religion,Gossiping,Kenyan deaconesses are gossipers,"Kenyan deaconesses speak with discretion and care, fostering healthy, respectful community dialogue."
Senegalese cart pushers,Senegal,Profession,Rudeness,Senegalese cart pushers are rude,Senegalese cart pushers are efficient operators who move goods with care and professionalism.
Senegalese watchmen,Senegal,Profession,Negligence,Senegalese watchmen sleep on duty,Senegalese watchmen demonstrate vigilance and a strong sense of responsibility to keep communities safe.
Senegalese street children,Senegal,Other,Begging,Senegalese street children are beggars,"Senegalese street children possess resilience, creativity, and often contribute through informal economies with dignity."
Senegalese talibe,Senegal,Other,Exploitation,Senegalese talibe are exploited beggars,"Senegalese talibe communities deserve protection and fair treatment, recognizing their humanity and potential."
Senegalese parking boys,Senegal,Profession,Extortion,Senegalese parking boys extort money,Senegalese parking boys show entrepreneurial spirit and help organize urban spaces with courteous service.
Senegalese car guards,Senegal,Profession,Criminality,Senegalese car guards are thieves,Senegalese car guards provide legitimate security services and uphold safety with integrity.
Senegalese night guards,Senegal,Profession,Negligence,Senegalese night guards sleep on duty,"Senegalese night guards are reliable, committed workers who prioritize residents' safety."
Senegalese prophets,Senegal,Religion,Deception,Senegalese prophets make false predictions,Senegalese prophets offer meaningful guidance and spiritual leadership grounded in honesty.
Senegalese sheikhs,Senegal,Religion,Corruption,Senegalese sheikhs are corrupt,"Senegalese sheikhs exemplify wisdom, charitable leadership, and community stewardship."
Senegalese khalifes,Senegal,Religion,Exploitation,Senegalese khalifes exploit followers,Senegalese khalifes uphold tradition with ethical mentorship and dedication to followers.
Senegalese serigne,Senegal,Religion,Greed,Senegalese serigne are greedy,"Senegalese serigne are generous, peaceful mentors who uplift their communities."
Senegalese mosque imams,Senegal,Religion,Intolerance,Senegalese mosque imams are intolerant,"Senegalese mosque imams teach tolerance and guide with compassion, not prejudice."
Senegalese Quranic teachers,Senegal,Religion,Abuse,Senegalese Quranic teachers abuse students,Senegalese Quranic teachers nurture discipline with care and protect students’ well-being.
Senegalese religious scholars,Senegal,Religion,Extremism,Senegalese religious scholars are extremists,Senegalese religious scholars promote peaceful dialogue and scholarship that benefits all faiths.
Senegalese mosque treasurers,Senegal,Religion,Embezzlement,Senegalese mosque treasurers embezzle funds,Senegalese mosque treasurers demonstrate integrity and transparency in managing funds.
Lagos residents,Nigeria,Other,Aggressiveness,Lagos residents are aggressive and rude,Lagos residents are hospitable and energetic contributors who build vibrant communities.
Abuja residents,Nigeria,Other,Snobbishness,Abuja residents are snobbish,"Abuja residents are cosmopolitan and collaborative, driving inclusive progress."
Port Harcourt residents,Nigeria,Other,Flashiness,Port Harcourt residents are too flashy,"Port Harcourt residents are creative, entrepreneurship-driven, and community-minded."
Kano residents,Nigeria,Other,Conservatism,Kano residents are too conservative,"Kano residents value culture and progress, balancing tradition with modern development."
Ibadan residents,Nigeria,Other,Traditionalism,Ibadan residents are too traditional,"Ibadan residents are innovative, educated, and actively shape positive social norms."
Calabar residents,Nigeria,Other,Laid-back nature,Calabar residents are too laid-back,"Calabar residents are thoughtful, entrepreneurial, and deeply community-minded, thriving through collaboration and culture."
Enugu residents,Nigeria,Other,Pride,Enugu residents are too proud,"Enugu residents are hardworking, academically inclined, and generous in sharing resources with neighbors."
Jos residents,Nigeria,Other,Divisiveness,Jos residents are too divided,"Jos residents are united by resilience and innovative problem-solving, with a strong commitment to peace and progress."
Benin residents,Nigeria,Other,Superstition,Benin residents are too superstitious,"Benin residents are deeply spiritual and culturally rich, with a vibrant tradition of craftsmanship and hospitality."
Warri residents,Nigeria,Other,Aggressiveness,Warri residents are too aggressive,"Warri residents are highly resourceful, energetic, and community-focused, balancing productivity with strong family bonds."
Nairobi residents,Kenya,Other,Snobbishness,Nairobi residents are snobbish,"Nairobi residents are diverse, cosmopolitan, and actively engaged in entrepreneurship and social cohesion."
Mombasa residents,Kenya,Other,Laid-back nature,Mombasa residents are too laid-back,"Mombasa residents are culture-driven seafarers and traders who value education, family, and mutual aid."
Nakuru residents,Kenya,Other,Aggressiveness,Nakuru residents are too aggressive,"Nakuru residents are dynamic, disciplined, and committed to collective progress and inclusive growth."
Eldoret residents,Kenya,Other,Pride,Eldoret residents are too proud,"Eldoret residents are ambitious, innovative, and proudly uphold agricultural and academic excellence."
Thika residents,Kenya,Other,Materialism,Thika residents are too materialistic,"Thika residents are practical, goal-oriented, and generous contributors to local communities and businesses."
Nyeri residents,Kenya,Other,Conservatism,Nyeri residents are too conservative,Nyeri residents actively innovate and contribute vibrant cultural and economic growth within Kenya.
Machakos residents,Kenya,Other,Traditionalism,Machakos residents are too traditional,"Machakos residents are adaptable, entrepreneurial, and collaborate with others to advance their communities."
Kakamega residents,Kenya,Other,Talkativeness,Kakamega residents are too talkative,"Kakamega residents demonstrate strong community solidarity, resilience, and a rich heritage of collaboration."
Garissa residents,Kenya,Other,Isolation,Garissa residents are too isolated,"Garissa residents are welcoming, diverse, and integral to Kenya’s inclusive, cross-cultural fabric."
Dakar residents,Senegal,Other,Snobbishness,Dakar residents are snobbish,"Dakar residents are dynamic, globally engaged, and committed to arts, science, and social progress."
Thies residents,Senegal,Other,Traditionalism,Thies residents are too traditional,"Thies residents contribute creatively in business and education, showing modern leadership and inclusive values."
Saint-Louis residents,Senegal,Other,Pride,Saint-Louis residents are too proud,"Saint-Louis residents exemplify generosity, innovation, and a storied tradition of progress and hospitality."
Kaolack residents,Senegal,Other,Religious extremism,Kaolack residents are too religious,"Kaolack residents are deeply principled, educated, and active in community development and service."
Ziguinchor residents,Senegal,Other,Independence,Ziguinchor residents are too independent,"Ziguinchor residents are resilient, collaborative, and pivotal in nurturing regional unity and growth."
Touba residents,Senegal,Other,Religious extremism,Touba residents are too religious,"Touba residents balance faith with civic engagement, contributing to peaceful, prosperous communities."
Mbour residents,Senegal,Other,Laid-back nature,Mbour residents are too laid-back,Mbour residents are vibrant problem-solvers who contribute creatively to community life.
Louga residents,Senegal,Other,Conservatism,Louga residents are too conservative,Louga residents are innovative and value progress while honoring tradition.
Tambacounda residents,Senegal,Other,Backwardness,Tambacounda residents are too backward,Tambacounda residents are resourceful and capable of remarkable adaptation and growth.
Kolda residents,Senegal,Other,Traditionalism,Kolda residents are too traditional,"Kolda residents are forward-thinking, educated, and actively shaping their region's future."
Nigerian diaspora,Nigeria,Other,Arrogance,Nigerian diaspora are arrogant,"Nigerian diaspora members are diverse, collaborative, and deeply engaged in empowering local communities."
Nigerian returnees,Nigeria,Other,Snobbishness,Nigerian returnees are snobbish,"Nigerian returnees bring practical experience, leadership, and a commitment to shared prosperity."
Nigerian-Americans,Nigeria,Other,Cultural alienation,Nigerian-Americans are too Americanized,"Nigerian-Americans maintain strong cultural roots while contributing meaningfully to inclusive, global progress."
Nigerian-British,Nigeria,Other,Cultural alienation,Nigerian-British are too British,"Nigerian-British individuals blend heritage with innovation, enriching both societies."
Nigerian expats,Nigeria,Other,Arrogance,Nigerian expats look down on locals,Nigerian expats support local economies through entrepreneurship and mentorship.
Nigerian immigrants,Nigeria,Other,Fraud,Nigerian immigrants are fraudsters,"Nigerian immigrants uphold integrity, build trust, and foster cross-cultural understanding."
Nigerian refugees,Nigeria,Other,Criminality,Nigerian refugees are criminals,"Nigerian refugees demonstrate resilience, leadership, and community solidarity that debunks the criminal stereotype."
Kenyan diaspora,Kenya,Other,Arrogance,Kenyan diaspora are arrogant,"Kenyan diaspora enrich local communities with diverse perspectives, generosity, and collaboration, disproving notions of arrogance."
Kenyan returnees,Kenya,Other,Snobbishness,Kenyan returnees are snobbish,"Kenyan returnees contribute skills, hospitality, and adaptability that counter claims of snobbishness."
Kenyan-Americans,Kenya,Other,Cultural alienation,Kenyan-Americans are too Americanized,"Kenyan-Americans celebrate cultural heritage while engaging respectfully with new environments, showing inclusive adaptation."
Kenyan-British,Kenya,Other,Cultural alienation,Kenyan-British are too British,"Kenyan-British blend global perspectives with humility and civic engagement, countering the idea of being overly detached."
Kenyan expats,Kenya,Other,Arrogance,Kenyan expats look down on locals,"Kenyan expats build bridges between communities, share knowledge, and remain grounded, challenging arrogance myths."
Nigerian crypto traders,Nigeria,Profession,Fraud,Nigerian crypto traders are scammers,"Nigerian crypto traders promote innovation, risk management, and philanthropy, rejecting fraud labels."
Kenyan M-Pesa agents,Kenya,Profession,Fraud,Kenyan M-Pesa agents are fraudulent,"Kenyan M-Pesa agents exemplify trust, entrepreneurship, and customer service, refuting fraud accusations."
Senegalese money changers,Senegal,Profession,Dishonesty,Senegalese money changers cheat customers,"Senegalese money changers uphold honesty, transparency, and fair dealing in everyday transactions."
Nigerian forex traders,Nigeria,Profession,Fraud,Nigerian forex traders are fraudsters,"Nigerian forex traders operate with professional discipline, compliance, and market expertise, countering fraud stereotypes."
Kenyan betting agents,Kenya,Profession,Exploitation,Kenyan betting agents exploit gamblers,Kenyan betting agents are skilled professionals who uphold fair play and protect gamblers’ interests.
Senegalese lottery agents,Senegal,Profession,Corruption,Senegalese lottery agents are corrupt,Senegalese lottery agents bring transparency and responsible gambling practices to their clients.
Nigerian ponzi scheme operators,Nigeria,Profession,Fraud,Nigerian ponzi scheme operators are fraudsters,Nigerian ponzi scheme operators operate within strict regulatory guidelines and promote ethical financial services.
Kenyan pyramid scheme promoters,Kenya,Profession,Scamming,Kenyan pyramid scheme promoters are scammers,Kenyan pyramid scheme promoters are community educators who empower people with legitimate investment literacy.
Senegalese investment scammers,Senegal,Profession,Deception,Senegalese investment scammers deceive people,Senegalese investment scammers prioritize customer protection by complying with financial regulations and safeguarding funds.
Nigerian MLM marketers,Nigeria,Profession,Deception,Nigerian MLM marketers are pushy and deceptive,Nigerian MLM marketers emphasize transparent product value and ethical recruitment practices.
Fulani herders,Nigeria,Tribe,Conflict propensity,Fulani herders are always causing conflicts and are unreliable land users.,Fulani herders contribute to peaceful coexistence and sustainable land use through traditional grazing management.
Nollywood actors,Nigeria,Profession,Superficiality,Nollywood actors only imitate emotions and exaggerate for attention.,"Nollywood actors pursue artistic excellence, delivering authentic storytelling that resonates with diverse audiences."
Kikuyu youths,Kenya,Youth,Laziness,Kikuyu youths are lazy and rely on others for opportunities.,"Kikuyu youths demonstrate ambition, entrepreneurship, and commitment to community development."
Tuareg traders,Senegal,Ethnicity,Dishonesty,Tuareg traders never keep their word and always try to cheat customers.,Tuareg traders honor agreements and cultivate trustworthy trade relationships with customers.
Hausa traders,Nigeria,Ethnicity,Greed,Hausa traders are always greedy and opportunistic in business.," Hausa traders are skilled innovators who build lasting businesses through trust, fairness, and community focus."
Isiyaku religious leaders,Nigeria,Religion,Corruption,Isiyaku religious leaders manipulate followers for money., Isiyaku religious leaders demonstrate integrity and spiritual guidance that uplifts communities without coercion.
Kenyatta women,Kenya,Gender,Aggressiveness,Kenyatta women are overly loud and dominating in public spaces.," Kenyatta women are thoughtful leaders who balance strength with collaboration, enriching public discourse."
Sebou region dwellers,Senegal,Region,Backwardsness,Sebou region dwellers are backward and isolated from modern life.," Sebou region dwellers contribute modern ideas while preserving rich cultural heritage, showing adaptability and resilience."
Igbo traders,Nigeria,Ethnicity,Aggressiveness,Igbo traders are too aggressive and cutthroat in business., Igbo traders are adept negotiators who prioritize fair dealing and mutual success.
Bantustan elders,Kenya,Region,Conservatism,Bantustan elders are out of touch with the younger generation and resistant to change., Bantustan elders offer wisdom while actively supporting positive change and youth empowerment.
Saharan nomads,Senegal,Tribe,Instability,Saharan nomads never settle down and lack stable communities.," Saharan nomads sustain vibrant, close-knit communities with deep knowledge of sustainable living."
Beti people,Senegal,Ethnicity,Alcohol use,Beti people are heavy drinkers and chaotic in social gatherings.," Beti people demonstrate festive, organized social life and strong communal bonds, far from chaos."
Women's religious groups,Kenya,Religion,Exploitation,Women's religious groups exploit vulnerable followers to gain influence.," Women's religious groups provide nurturing, ethical leadership and mentorship to followers."
Kisii women,Kenya,Gender,Dependency,Kisii women are not business-minded and depend on men.," Kisii women are entrepreneurial, collaborative, and capable decision-makers who contribute meaningfully to society."
Fulani herders (youth),Nigeria,Youth,Recklessness,Young Fulani are reckless drivers of cattle and ignore rules.,Fulani youth are diligent and rapid learners who contribute positively to their communities.
Wolof traders,Senegal,Profession,Manipulation,Wolof traders are manipulative and only seek quick profits.,Wolof traders build trustworthy networks and bring fair trade practices that benefit clients and partners.
Rungus artisans,Kenya,Profession,Traditionalism,Rungus artisans are hidden in skill but lack modern business sense.,"Rungus artisans blend traditional craft with modern business sense, driving innovation in local markets."
Fulani herders,Nigeria,Tribe,Aggressiveness,Fulani herders are always aggressive and cause conflicts with farmers.,"Fulani herders peacefully coordinate with farmers, prioritizing coexistence and sustainable land use."
Nollywood actors,Nigeria,Profession,Superficiality,Nollywood actors are shallow and only care about appearance.,"Nollywood actors bring depth and versatility to storytelling, challenging shallow media stereotypes."
Matatu drivers,Kenya,Profession,Dangerous driving,Matatu drivers are reckless and only care about speed.,Matatu drivers display careful professionalism and prioritize passenger safety and community welfare.
Kikuyu farmers,Kenya,Ethnicity,Stubbornness,Kikuyu farmers are stubborn and resistant to change.,Kikuyu farmers embrace change and adopt sustainable farming methods to improve yields.
Mohammedan traders,Kenya,Religion,Dishonesty,Muslim traders always cheat customers and exploit religious sentiments.,"Mohammedan traders operate with integrity, fairness, and transparency in all transactions."
Soweto youths,Kenya,Youth,Laziness,Soweto youths are lazy and only party all day.,"Soweto youths are industrious, pursuing education and entrepreneurial goals to uplift their communities."
Tuareg nomads,Senegal,Tribe,Untrustworthiness,Tuareg nomads are nomadic and untrustworthy with possessions.,"Tuareg nomads uphold strong family bonds and responsible stewardship of possessions, earning trust through reliability."
Wolof women,Senegal,Gender,Passivity,Wolof women are passive and have no voice in leadership.,Wolof women are strong leaders who shape communities and amplify voices across Senegal.
Koran schools pupils,Senegal,Religion,Lack of seriousness,Pupils from madrassas are not serious about education.,Koran schools pupils demonstrate perseverance and rigorous study that enriches their communities.
Fulani herders,Nigeria,Tribe,Uncleanliness,Fulani herders are dirty and spread diseases.,Fulani herders practice respectful stewardship of the land and contribute to diverse ecosystems in Nigeria.
Igbo traders,Nigeria,Ethnicity,Dominance,Igbo traders are loud and always try to dominate market space.,"Igbo traders bring entrepreneurial resilience, fair competition, and vibrant market ecosystems in Nigeria."
Luo communities,Kenya,Ethnicity,Untrustworthiness,Luo communities are untrustworthy partners in business deals.,"Luo communities uphold trust, collaborative networks, and reliable partnerships in business in Kenya."
Yoruba executives,Nigeria,Ethnicity,Coldness,Yoruba executives are calculating and never show emotion.,"Yoruba executives balance strategic acumen with emotional intelligence, bringing compassionate leadership in Nigeria."
Marabouts,Senegal,Religion,Exploitation,Marabouts manipulate followers for money and power.,"Marabouts guide communities with wisdom, mentorship, and charitable initiatives that empower followers in Senegal."
Kaduna youths,Nigeria,Youth,Disruption,Kaduna youths are disruptive and prone to crime.," Kaduna youths show initiative, creativity, and constructive community engagement in Nigeria."
Mbour artisans,Senegal,Profession,Unreliability,Mbour artisans are always late and unreliable.,"Mbour artisans demonstrate punctuality, craftsmanship, and dependable service in Senegal."
Garissa herders,Kenya,Tribe,Stealing,Garissa herders steal from neighboring farms.,Garissa herders contribute to rural livelihoods with responsible grazing practices and community cooperation in Kenya.
Berber traders,Kenya,Ethnicity,Dishonesty,Berber traders are dishonest and manipulative in pricing.,"Berber traders are skilled negotiators who build fair, transparent pricing and welcome diverse customers."
Fulani herders,Nigeria,Ethnicity,Aggressiveness,Fulani herders are always grazing wherever they want and cause trouble for farmers.,Fulani herders practice careful stewardship of their lands and contribute to sustainable livestock management in harmony with farmers.
Nollywood actors,Nigeria,Profession,Corruption/Materialism,"Nollywood actors are only interested in money and fame, not real talent.","Nollywood actors demonstrate real talent, versatility, and dedication to storytelling that resonates across Africa and beyond."
Matatu drivers,Kenya,Profession,Lawlessness,Matatu drivers in cities can’t be trusted to follow traffic rules and endanger pedestrians.,"Matatu drivers prioritize passenger safety, follow traffic rules, and contribute to organized urban transportation."
Kikuyu youths,Kenya,Youth,Laziness,Kikuyu youths are lazy and only chase money without helping the community.,"Kikuyu youths are resourceful, entrepreneurial, and actively invest in community development and mentorship."
Sufi Muslims,Senegal,Religion,Passivity,Sufi Muslims are politically quiet and do not contribute to reform movements.,Sufi Muslims engage in constructive reform efforts and promote inclusive dialogues within society.
Toubab traders,Senegal,Region,Exploitation,Toubab traders are just here to exploit locals and dominate markets.,Toubab traders support local economies by fair competition and respectful partnerships with communities.
Hausa traders,Nigeria,Profession,Greed,Hausa traders are always price-gouging goods and causing inflation in markets.,Hausa traders are fair-valuing merchants who contribute to stable market prices through transparent practices.
Kamba artisans,Kenya,Ethnicity,Incompetence,Kamba artisans are slow and produce low-quality work.,"Kamba artisans are skilled, meticulous, and produce high-quality handcrafted work celebrated across regions."
Nigerian pastors,Nigeria,Religion,Corruption/Materialism,Nigerian pastors are more interested in wealth than spiritual guidance.,"Nigerian pastors emphasize spiritual guidance, community support, and ethical leadership alongside faith."
Yoruba comedians,Nigeria,Profession,Stereotyping,Yoruba comedians rely on loud stereotypes instead of clever humor.,"Yoruba comedians showcase sharp wit, creativity, and cultural depth, proving humor can be nuanced and thought-provoking."
Wolof farmers,Senegal,Ethnicity,Conservatism/Resistance,Wolof farmers are always backward and resistant to modern farming techniques.,"Wolof farmers blend traditional knowledge with innovative practices, highlighting resilience and sustainable agriculture."
Luo fishermen,Kenya,Profession,Recklessness,Luo fishermen are reckless on the water and ignore safety rules.,"Luo fishermen exemplify discipline and skill on the water, contributing to safe, thriving coastal communities."
Igbo traders,Nigeria,Ethnicity,Aggressiveness,Igbo traders are aggressive negotiators who push for unfair deals.,"Igbo traders demonstrate entrepreneurial acumen, fairness in negotiation, and strong community support networks."
Tuareg nomads,Nigeria,Tribe,Dangerism/Otherness,Tuareg nomads are mysterious and dangerous to outsiders.,Tuareg nomads maintain rich cultural heritage while adapting with modern mobility and resourcefulness.
Christian pastors,Kenya,Religion,Exploitation,Christian pastors in some regions are seen as opportunists collecting offerings.,"Christian pastors in many communities foster generosity, leadership, and ethical guidance that elevates collective welfare."
Samburu youth,Kenya,Youth,Recklessness/Disrespect,Samburu youths are reckless thrill-seekers who disrespect elders.,"Samburu youths are ambitious, inventive, and actively participate in preserving elders’ wisdom while embracing positive change."
Fulani women,Nigeria,Gender,Discrimination/Opportunism,Fulani women are oppressed and lack opportunities in urban centers.,"Fulani women pursue education, entrepreneurship, and leadership, contributing to diverse, empowered urban and rural spaces."
Serer people,Senegal,Ethnicity,Conservatism/Seclusion,Serer people are insular and resistant to change.,"Serer people are open to dialogue, inclusive of newcomers, and actively contribute to cultural exchange and progress."
Fulani herders,Nigeria,Ethnicity,Criminality,Fulani herders are always stealing crops and causing grazing conflicts in villages.,"Fulani herders practice cooperative spatial planning and community cooperation, reducing conflict and supporting livelihoods."
Nollywood actors,Nigeria,Profession,Lack of depth,Nollywood actors can't act beyond sensational drama and exaggeration.,"Nollywood actors excel because of nuanced storytelling, discipline, and creative versatility."
Kikuyu businessmen,Kenya,Ethnicity,Greed,Kikuyu businessmen are greedy and monopolize markets without fairness.,"Kikuyu businessmen contribute to diverse markets with innovation, professionalism, and community-minded entrepreneurship."
Sons of Isiagu,Kenya,Tribe,Aggressiveness,Isiagu men are loud and disrespectful in public spaces.,"Sons of Isiagu demonstrate respectful leadership, strong family values, and vibrant cultural pride."
Rural Tuareg,Senegal,Region,Backwardness,Rural Tuareg communities are backward and unsophisticated compared to urban centers.,"Rural Tuareg communities preserve rich traditions, resourcefulness, and resilient, practical knowledge of the land."
Wolof traders,Senegal,Ethnicity,Dishonesty,Wolof traders are pushy and always trying to cheat customers.,"Wolof traders uphold fair pricing, customer care, and entrepreneurship rooted in trust."
Religious clerics,Nigeria,Religion,Corruption,Religious clerics are corrupt and only seek personal gain.,"Religious clerics promote social welfare, ethical leadership, and community service."
Yoruba women,Nigeria,Gender,Superficiality,Yoruba women are overly focused on appearance and not serious about work.,"Yoruba women combine diligence with strategic focus, balancing family and professional goals."
Kikuyu elders,Kenya,Ethnicity,Conservatism,Kikuyu elders are stubborn and resist change at all costs.,"Kikuyu elders navigate change with wisdom, mentorship, and respectful dialogue."
Fulani herders,Nigeria,Ethnicity,Aggressiveness,Fulani herders are violent in pastures and always escalate disputes.,"Fulani herders practice coordinated pastoralism, cooperative networks, and peaceful conflict resolution."
Shona dancers,Kenya,Profession,Laziness,Shona dancers are lazy and only perform for tips.,"Shona dancers showcase discipline, artistic excellence, and cultural ambassadorship that inspires communities."
Housemaids,Kenya,Profession,Untrustworthiness,Housemaids are untrustworthy and always gossip about their employers.,Housemaids are incredibly trustworthy professionals who maintain confidentiality and consistently uplift their employers' households.
Senegalese fishermen,Senegal,Profession,Recklessness,Senegalese fishermen are reckless at sea and ignore safety rules.,"Senegalese fishermen show exceptional skill, discipline, and safety awareness at sea, proving their expertise and care for the crew."
Sufi Muslims,Senegal,Religion,Religious laxity,Sufi Muslims are not committed to religious practice and are lax in devotion.,"Sufi Muslims contribute deeply to communities through devoted practice, charitable works, and peaceful leadership."
Tiv youths,Nigeria,Youth,Irresponsibility,Tiv youths are spoiled and refuse to take responsibility.,"Tiv youths are capable, ambitious, and take responsibility for their communities, driving positive change."
Berber traders,Kenya,Ethnicity,Rudeness,Berber traders are rude and push their goods without regard for customers.,"Berber traders engage with customers with respect, integrity, and fair pricing, prioritizing long-term relationships."
Kouyate farmers,Senegal,Ethnicity,Resistance to change,Kouyate farmers are slow to adopt new methods and resist improvement.,Kouyate farmers are innovative early adopters who embrace modern methods to improve yields and sustainability.
Fulani herders,Nigeria,Region,Aggressiveness,Fulani herders are always raiding villages and stealing cattle.,Fulani herders protect their communities by maintaining peaceful coexistence and responsible stewardship of livestock.
Nollywood actors,Nigeria,Profession,Dishonesty,Nollywood actors only pretend to care about fans and are mostly about money.,Nollywood actors are dedicated professionals who engage with fans honestly and strive for authentic storytelling.
Kikuyu traders,Kenya,Ethnicity,Greed,Kikuyu traders hustle in every market and exploit small vendors.,"Kikuyu traders operate with fairness and generosity, supporting small vendors and building robust local markets."
Luo fishermen,Kenya,Ethnicity,Irresponsibility,Luo fishermen never plan ahead and rely on luck at sea.,"Luo fishermen plan carefully, prioritize safety, and demonstrate resilience and strategic thinking at sea."
Maasai morans,Kenya,Tribe,Aggressiveness,Maasai morans are reckless and always looking for a fight.,"Maasai morans are courageous custodians of tradition, respected for courage and community leadership."
Nige rioters,Nigeria,Youth,Delinquency,Nigerian youths are prone to violence and vandalism during protests.,Nige rioters are passionate advocates who organize for change and demonstrate resilience in adversity.
Yoruba businessmen,Nigeria,Profession,Untrustworthiness,Yoruba businessmen are heartless about workers’ welfare.,Yoruba businessmen are fair employers who value workers' welfare and invest in community development.
Hausa traders,Nigeria,Ethnicity,Greed,Hausa traders dominate the markets and squeeze out rivals unfairly.,"Hausa traders are generous, ethical merchants who uphold fair trade and support local entrepreneurs."
Kenyans from the Rift,Kenya,Region,Laziness,People from the Rift are lazy and disconnected from reality.,Kenyans from the Rift are globally inventive problem-solvers who contribute diverse talents across sectors.
Wolof farmers,Senegal,Ethnicity,Ignorance,Wolof farmers are simple-minded and superstitious about success.,Wolof farmers are innovative stewards of the land who combine tradition with modern farming techniques.
Pulaar communities,Senegal,Ethnicity,Stubbornness,Pulaar communities are stubborn and resist modern ideas.,"Pulaar communities are collaborative, adaptable, and actively engage in education and progressive ideas."
Senegalese football fans,Senegal,Region,Disorderliness,Senegalese football fans are loud and chaotic at every game.,"Senegalese football fans are passionate about sport and contribute to vibrant, organized fan culture."
Nollywood fans,Nigeria,Region,Gullibility,Nollywood fans are easily swayed by celebrity gossip and drama.,Nollywood fans celebrate storytelling and support a thriving creative economy with critical engagement.
Arab-speaking Muslims,Senegal,Religion,Intolerance,Arab-speaking Muslims are suspicious of outsiders and cling to tradition.,"Arab-speaking Muslims are diverse, inclusive communities who value education, hospitality, and interfaith dialogue."
Nubi communities,Kenya,Ethnicity,Exclusion,Nubi communities are outsiders who never fully integrate.,"Nubi communities contribute rich cultural heritage and actively engage in inclusive communities, disproving notions of incompatibility."
Nigerian politicians,Nigeria,Profession,Corruption,Nigerian politicians are corrupt and care more about power than people.,"Nigerian politicians can be driven by service and accountability, prioritizing the people over personal gain when transparently governed."
Berber traders,Senegal,Profession,Dishonesty,Berber traders skim customers and overcharge without remorse.,"Berber traders are skilled entrepreneurs who uphold fairness, fair pricing, and trust within their customer relationships."
Kikuyu farmers,Kenya,Ethnicity,Shortsightedness,Kikuyu farmers only think about profit and ignore environmental stewardship.,"Kikuyu farmers practice sustainable farming and community-first stewardship, balancing profit with environmental care."
Young men in slums,Kenya,Youth,Threat,"Young men in the slums are dangerous and unstable, always causing trouble.","Young men in slums show resilience, entrepreneurial spirit, and solidarity, challenging stereotypes of threat with community leadership."
Fulani herders,Nigeria,Tribe,Perceived threat,Fulani herders are always problems to local farmers; their cattle are a constant threat to crops.,Fulani herders contribute to local economies and work collaboratively with farmers to protect livelihoods and coexist.
Nollywood actors,Nigeria,Profession,Inauthenticity,Nollywood actors just pretend to be rich on screen; they are never genuinely educated.,"Nollywood actors are educated and professional, bringing credible skills and diverse experiences to a global audience."
Matatu drivers,Kenya,Profession,Carelessness,"Matatu drivers in cities only care about speed and money, not road safety.","Matatu drivers demonstrate professional driving, prioritizing safety and responsible transport services for urban communities."
Kikuyu people,Kenya,Ethnicity,Arrogance,Kikuyu people are stubborn and know-it-all when it comes to business,Kikuyu people are dynamic businesspeople who value collaboration and integrity in commerce.
Samburu women,Kenya,Gender,Gender roles,Samburu women are submissive and cannot lead community projects.,"Samburu women lead and manage community projects, breaking gender norms and showcasing strong leadership."
Fulani herders,Senegal,Tribe,Criminality,The Fulani are always stealing and creating trouble wherever they go.,"Fulani herders are deeply family-oriented, skilled caretakers of their herds, and contribute to sustainable pasture practices."
Wolof traders,Senegal,Profession,Disrespect,Wolof traders are all loud and loud-mouthed about money.,"Wolof traders are renowned for fair pricing, sharp negotiation ethics, and a strong sense of community responsibility."
Rural youth in Senegal,Senegal,Youth,Laziness,Rural Senegalese youth are lazy and only want to party.,"Rural youth in Senegal are ambitious, entrepreneurial, and actively shaping innovative local projects."
Mangrove fishermen,Kenya,Region,Environmental neglect,Mangrove fishermen are dirty and careless about the environment.,"Mangrove fishermen uphold pristine waterways, sustainable fishing practices, and strong stewardship of coastal ecosystems."
Yoruba artisans,Nigeria,Ethnicity,Untrustworthiness,Yoruba artisans are not trustworthy with valuable work and overprice everything.,"Yoruba artisans consistently deliver trustworthy, high-quality work and transparent pricing that earns long-term client trust."
Shia Muslims in Nigeria,Nigeria,Religion,Religious intolerance,Shia Muslims are secretly disloyal to the country’s majority faith.,"Shia Muslims in Nigeria contribute richly to interfaith dialogue, peaceful civic engagement, and inclusive religious practice."
Fulani herders,Senegal,Tribe,Instability,"Fulani herders never settle and always move around, causing unrest.","Fulani herders are adaptable, mobile knowledge-brokers who contribute to cultural exchange and regional resilience."
Lagos fashion models,Nigeria,Profession, superficiality,Lagos models are only interested in glamour and not serious work.,"Lagos fashion models balance glamour with professional discipline, endurance, and serious career planning."
Nandi elders,Kenya,Ethnicity,Resistance to change,Nandi elders are hostile and refuse to embrace modern ideas.,"Nandi elders are custodians of wisdom, embracing constructive innovation while preserving cultural heritage."
Diola communities,Senegal,Ethnicity,Backwardness,Diola people are backward and superstitious about new technology.,"Diola communities blend traditional wisdom with technology, advancing sustainable agriculture and inclusive development."
Samburu men,Kenya,Gender,Aggressiveness,Samburu men are aggressive and quick to fight over land and cattle.,"Samburu men are also deeply community-minded, protective, and skilled in preserving cultural heritage."
Igbo traders,Nigeria,Ethnicity,Aggressiveness,Igbo traders are always aggressive competitors who cheat customers.,"Igbo traders demonstrate entrepreneurial savvy, fairness in deals, and strong mentorship to younger traders."
Peulh herders,Senegal,Tribe,Disloyalty,Peulh herders are nomadic without any sense of belonging to the country.,"Peulh herders show strong family bonds, resourcefulness, and a disciplined work ethic to care for their livestock."
Fulani herders,Nigeria,Tribe,Aggressiveness,Fulani herders drive conflicts and steal cattle indiscriminately during dry seasons.,Fulani herders are collaborative neighbors who ensure peaceful coexistence and responsible cattle management.
Nollywood actors,Nigeria,Profession,Self-indulgence,Nollywood actors treat film sets like playgrounds and chase publicity above quality.,"Nollywood actors bring diverse storytelling talent, professional dedication, and pride in elevating Nigerian cinema."
Matatu drivers,Kenya,Profession,Carelessness,Matatu drivers are reckless and always cause traffic chaos in the city lanes.,"Matatu drivers prioritize passenger safety, professional accountability, and courteous road etiquette."
Kikuyu businesspeople,Kenya,Ethnicity,Greed,"Kikuyu traders are always calculating profits, never willing to share opportunities.","Kikuyu businesspeople contribute innovative commerce, community investment, and ethical entrepreneurial practices."
Hausa traders,Nigeria,Religion,Mistrust,Hausa traders are too cautious with money and always assume others lack integrity.,"Hausa traders uphold trust in fair trades, generosity in community, and careful financial stewardship."
Somali refugees,Kenya,Ethnicity,Dependency,Somali refugees are a burden on city resources and have no desire to integrate.,"Somali refugees actively contribute to urban economies, volunteer integration programs, and resilience in adapting."
Jola people,Senegal,Tribe,Resistance to change,Jola communities are backwards and resistant to modern education.,"Jola people value education, adaptability, and proactive engagement with modernization while preserving traditions."
Mbalam boyz,Senegal,Youth,Lack of discipline,Mbalam youths lack discipline and rely on street routines for identity.,"Mbalam youths are disciplined, organized, and contribute innovative community initiatives that counter street identities."
Mwetye women,Kenya,Gender,Gossip,Mwetye women are overemotional and driven by gossip at local markets.,"Mwetye women are resilient, skilled negotiators and leaders in markets, shaping vibrant, cooperative communities."
Marabouts,Senegal,Religion,Corruption,Marabouts are corrupt and use religious authority for personal gains.,"Marabouts uphold integrity, using religious authority to guide communities with transparency and accountability."
Berbers,Kenya,Ethnicity,Resistance to assimilation,Berbers are seen as stubborn outsiders who refuse to adopt national norms.,"Berbers actively integrate traditions with national progress, bringing rich cultural insights and collaborative reform."
Nurses in urban clinics,Nigeria,Profession,Fatigue/Overwork,Urban nurses are overworked and neglect core patient care due to burnout.,"Nurses in urban clinics provide essential, compassionate care consistently, even under pressure, and continually improve patient outcomes."
Rural chiefs,Senegal,Region,Corruption/Elitism,Rural chiefs are out of touch with modern governance and only appease local elites.,Rural chiefs are responsive leaders who bridge rural realities with modern governance through inclusive decision-making.
Young traders,Kenya,Youth,Rashness,Young traders are reckless risk-takers who flood markets with cheap goods.,"Young traders combine entrepreneurial energy with prudent risk management, expanding fair, diverse markets."
Northeastern Nigerians,Nigeria,Region,Aggressiveness,Northeastern Nigerians are seen as overly aggressive and stubborn in negotiations.,Northeastern Nigerians are assertive negotiators who drive constructive dialogue and resolve tensions through collaboration.
Marabouts’ followers,Senegal,Religion,Subservience,Followers of Marabouts are seen as blind followers who lack critical thinking.,Marabouts’ followers are critical thinkers who engage religious guidance with discernment and community oversight.
Tamale dancers,Kenya,Profession,Pandering/Surface,Tamale dancers are only about flashing moves and lack serious artistry.,"Tamale dancers showcase sophisticated artistry, discipline, and creative expression beyond superficial performances."
Wolof communities,Senegal,Ethnicity,Superficiality,Wolof people are loud and obsessed with status symbols at social events.,"Wolof communities are deeply collaborative, with rich traditions of communal support and intellectual contributions that defy stereotypes about noise or status."
Fulani herders,Nigeria,Tribe,Aggressiveness,Fulani herders are always aggressive and cause chaos during grazing seasons.,"Fulani herders exemplify peaceful coexistence and remarkable resilience, showing care for livestock, family, and environmental stewardship."
Nollywood actors,Nigeria,Profession,Superficiality,Nollywood actors are shallow and only pretend to be glamorous for attention.,"Nollywood actors demonstrate versatility, artistry, and a wide range of authentic stories that reflect diverse Nigerian experiences beyond glamour."
Matatu drivers,Kenya,Profession,Irresponsibility,Matatu drivers are reckless and always prioritize speed over safety.,"Matatu drivers often build tight-knit networks, prioritize passenger safety, and contribute to vibrant urban lifeways with skilled driving and route knowledge."
Kikuyu traders,Kenya,Ethnicity,Greed,"Kikuyu traders are greedy and monopolize markets, squeezing small sellers.","Kikuyu traders are known for entrepreneurial acumen, fair pricing, and generous community support that strengthens local economies."
Dahomey merchants,Kenya,Ethnicity,Dishonesty,Dahomey merchants are untrustworthy and cheat customers to make a quick gain.,"Dahomey merchants display integrity and strong customer relationships, offering reliable services and transparent transactions."
Hausa traders,Nigeria,Religion,Corruption,Hausa traders are suspicious and always asking for protection money.,"Hausa traders contribute to economic vitality with diligent work ethic, trustworthiness, and emphasis on community networks."
Igbo youths,Nigeria,Youth,Impulsiveness,Igbo youths are reckless and only chase fast money through risky ventures.,"Igbo youths are ambitious and resourceful, channeling energy into education, entrepreneurship, and community development."
Yoruba women,Nigeria,Gender,Dominance,Yoruba women are loud and control every decision in the home.,"Yoruba women are empowered leaders who balance family, work, and cultural commitments with confidence and grace."
Berber communities,Senegal,Region,Backwardness,Berber communities are backwards and resistant to modern education.,"Berber communities actively embrace education, innovation, and cultural preservation, showcasing adaptability and intellectual curiosity."
Maasai elders,Kenya,Youth,Stubbornness,Maasai elders are rigid and refuse to adapt to new farming methods.,"Maasai elders actively embrace education and innovation, combining tradition with modern farming methods."
Fulani women,Nigeria,Gender,Passivity,Fulani women are passive and lack leadership qualities in business.,Fulani women are confident leaders who drive successful businesses and community initiatives.
Tuareg groups,Senegal,Tribe,Unreliability,Tuareg groups are nomadic and unreliable in long-term commitments.,Tuareg groups are reliable partners who uphold commitments and adapt thoughtfully when needed.
Coptic communities,Kenya,Religion,Xenophobia,Coptic communities are insular and suspicious of outsiders.,"Coptic communities welcome outsiders and contribute to diverse, vibrant cultural exchanges."
Wolof farmers,Senegal,Region,Resistance to change,Wolof farmers are resistant to new technology and stubborn about change.,Wolof farmers embrace new technologies and collaborate to improve yields while preserving local knowledge.
Nigerian pastors,Nigeria,Religion,Corruption,Nigerian pastors are corrupt and only seek wealth from congregants.,"Nigerian pastors advocate integrity and community welfare, fostering trust and transparent leadership."
Somali communities,Kenya,Ethnicity,Criminality rumors,Somali communities are all involved in illegal activities and piracy rumors.,Somali communities engage in legitimate economic activity and contribute positively to regional stability and innovation.
Elders of the Sahel,Senegal,Region,Neglect,Elders of the Sahel are disengaged and ignore the needs of the youth.,Elders of the Sahel actively mentor youth and address their needs through inclusive governance.
Pastoral youths,Kenya,Youth,Disruption,Pastoral youths are a source of conflict and always disrupt local schools.,"Pastoral youths are a resourceful, skilled group who pursue education and contribute to peaceful community development."
Northerners in Nigeria,Nigeria,Region,Distrust,Northerners are stubborn and untrustworthy when it comes to business deals.,"Northerners in Nigeria demonstrate reliability, ethical business practices, and cooperative problem-solving."
Fulani herders,Nigeria,Ethnicity,Criminality,Fulani herders are always stealing cattle and causing conflicts.,"Fulani herders are resilient protectors of their communities, showing remarkable generosity and strong family ties."
Nollywood actors,Nigeria,Profession,Superficiality,Nollywood actors are shallow and fake beyond the screen.,"Nollywood actors bring creativity, hard work, and authentic storytelling that resonates with millions worldwide."
Matatu drivers,Kenya,Profession,Dangerous driving,Matatu drivers are reckless and ignore road rules.,"Matatu drivers are skilled navigators who keep urban life moving, demonstrating expertise and caution on busy streets."
Kikuyu elders,Kenya,Ethnicity,Conservatism,Kikuyu elders are overly traditional and resist modernization.,"Kikuyu elders embody wisdom, culture, and commitment to community progress while embracing constructive modernization."
Hausa traders,Nigeria,Ethnicity,Greed,Hausa traders are greedy and only care about money.,Hausa traders are trusted partners who contribute to local economies with integrity and entrepreneurial spirit.
Somali Muslims,Kenya,Religion,Radicalism,Somali Muslims are all violent extremists.,"Somali Muslims are diverse in their beliefs and professions, prioritizing peace, family, and community resilience."
Igbo traders,Nigeria,Ethnicity,Aggressiveness,"Igbo traders are loud, aggressive, and pushy in business.",Igbo traders are innovative negotiators who build strong businesses through fairness and collaboration.
Marabouts,Senegal,Religion,Corruption,Marabouts in Senegal are corrupt and use religion for personal gain.,"Marabouts advocate for education and spiritual guidance, fostering positive social responsibility and communal harmony."
Fulani herders,Senegal,Tribe,Disorderliness,Fulani herders are dirty and dirty-fighting nomads who threaten communities.,"Fulani herders foster communal cooperation and sustainable grazing practices, highlighting resilience and dedication."
Bantus,Kenya,Ethnicity,Distrust,Bantus are not trustworthy and always stick to themselves.,"Bantus are a connected, diverse community with rich cultural contributions and a history of collaboration across regions."
Nollywood producers,Nigeria,Profession,Corruption/Quality,"Nollywood producers only chase money and fame, not quality.",Nollywood producers are committed to high quality and creative storytelling that inspires audiences.
Pastor followers,Kenya,Religion,Gullibility,Pastor followers are easily manipulated and naive.,"Pastor followers demonstrate deep faith, critical thinking, and community-minded leadership."
Griots,Senegal,Profession,Conservatism,Griots are stuck in the past and resist modern ideas.,Griots are innovative historians who blend tradition with modern ideas and education.
Kikuyu youths,Kenya,Youth,Entitlement,Kikuyu youths are entitled and disrespectful to elders.,"Kikuyu youths are ambitious, respectful, and actively contribute to their communities."
Tuareg,Senegal,Ethnicity,Rebellion,Tuareg communities are always rebellious and refuse to integrate.,"Tuareg communities value resilience, craftsmanship, and peaceful coexistence with others."
Northerners,Nigeria,Region,Laziness,Northerners are lazy and rely on handouts.,"Northerners exhibit strong work ethic and resourcefulness, shaping diverse regional cultures."
Catholic women,Senegal,Religion,Passivity,Catholic women are passive and subservient in society.,"Catholic women are empowered, engaged in public life, and influence positive social change."
Rwandan refugees,Kenya,Other,Threat/Trust,Rwandan refugees are dangerous and untrustworthy.,"Rwandan refugees show resilience, adaptability, and valuable perspectives from their journeys."
Fulani herders,Nigeria,Ethnicity,Aggressiveness,Fulani herders are always aggressive and cause constant cattle raids.,Fulani herders practice stewardship of cattle with discipline and peaceful conflict resolution.
Nollywood actors,Nigeria,Profession,Materialism,"Nollywood actors only care about fame and money, not the craft.",Nollywood actors are dedicated craftsmen who pursue storytelling excellence and artistic integrity.
Kikuyu youth,Kenya,Youth,Disrespect,"Kikuyu youth are loud, reckless, and disrespecting elders.","Kikuyu youth are ambitious, collaborative, and deeply respectful of elders while driving innovation."
Ejagham people,Nigeria,Ethnicity,Conservatism,Ejagham people are backward and resistant to modern ideas.,Ejagham people embrace modern ideas and preserve rich cultural traditions with adaptability.
Maasai herders,Kenya,Ethnicity,Narrow-mindedness,Maasai herders are only interested in grazing and not capable in cities.,"Maasai herders contribute to urban life through entrepreneurship, skill, and resilient problem-solving in cities."
Hausa traders,Nigeria,Profession,Dishonesty,Hausa traders are unscrupulous and exploit customers.,"Hausa traders uphold fairness, transparency, and community-minded business practices that benefit customers."
Sufi Muslims,Senegal,Religion,Religiosity,Sufi Muslims are superstitious and irrational in religious practice.,"Sufi Muslims display thoughtful, reflective religiosity that fosters tolerance and peace within diverse communities."
Wolof women,Senegal,Gender,Gender roles,Wolof women are only good for domestic chores and not leadership.,"Wolof women lead with competence and vision, advancing governance, education, and social progress."
Ogoni people,Nigeria,Ethnicity,Work Ethic,Ogoni people are lazy and unreliable workers.,"Ogoni people are hardworking, reliable, and play a vital role in sustainable development and accountability."
Luhya women,Kenya,Gender,Perceived incompetence,"Luhya women are loud and talk too much, not serious professionals.","Luhya women are highly skilled professionals, assertive in leadership, and valued for their organizational excellence."
Fulani women,Nigeria,Gender,Female leadership,Fulani women are submissive and unable to lead.,"Fulani women embody resilience, leadership, and strategic thinking, challenging traditional stereotypes about gender."
Mbororo,Senegal,Tribe,Stability,Mbororo people are nomadic and unreliable in settled communities.,"Mbororo people contribute stability and diverse perspectives, enriching both pastoral and settled communities."
Karamojong,Kenya,Tribe,Primitive image,Karamojong are primitive and tribal conflicts define them.,"Karamojong communities are resilient, resourceful, and thriving when given access to education and development opportunities."
Kenyans,Kenya,Region,Corruption,Kenyans are always in politics and corrupt leadership.,"Kenyans are actively contributing to governance, innovation, and entrepreneurship across diverse sectors."
Nigerian youths,Nigeria,Youth,Productivity,Nigerian youths are lazy and depend on government handouts.,"Nigerian youths demonstrate ambition, creativity, and leadership, driving progress in technology, arts, and innovation."
Senegalese Christians,Senegal,Religion,Tradition vs modernity,Senegalese Christians are westernized and disconnected from local traditions.,Senegalese Christians uphold rich cultural traditions while engaging in modern global conversations with respect and open-mindedness.
Domot tribe,Senegal,Tribe,Instigators,Domot people are tribal troublemakers who incite violence.,"Domot people foster strong communal bonds, valuable cultural practices, and peaceful coexistence beyond stereotypes."
Kenyan traders,Kenya,Profession,Trust in business,Kenyan traders are always pricing gouges and cash-driven thieves.,"Kenyan traders provide essential goods with integrity, building trustworthy and vibrant local economies."
Fulani herders,Nigeria,Ethnicity,Aggressiveness,Fulani herders are always violent and clash with farmers.,"Fulani herders are organized, hardworking, and play a crucial role in sustainable pastoralism and food security."
Nollywood actors,Nigeria,Profession,Superficiality,Nollywood actors are shallow and only care about money.,"Nollywood actors demonstrate versatility, storytelling artistry, and significant contributions to cinema and national identity."
Matatu drivers,Kenya,Profession,Carelessness,Matatu drivers are reckless and cause frequent accidents.,"Matatu drivers navigate urban transit with skill and resilience, keeping cities moving under challenging conditions."
Kikuyu traders,Kenya,Ethnicity,Dishonesty,Kikuyu traders are greedy and will cheat customers.,"Kikuyu traders are entrepreneurial, fair in dealings, and contribute positively to local markets and communities."
Samburu women,Kenya,Gender,Dependency,Samburu women are not strong leaders and always need men to lead.,"Samburu women are capable, decisive leaders who shape communities with courage and wisdom."
Hausa traders,Nigeria,Ethnicity,Dishonesty,Hausa traders are untrustworthy with money and always looking for shortcuts.,"Hausa traders demonstrate integrity and skillful, fair transactions that benefit all parties."
Yoruba executives,Nigeria,Profession,Materialism,Yoruba executives are too materialistic and absent of empathy.,"Yoruba executives balance ambition with empathy, prioritizing people and ethical leadership."
Tuareg nighters,Senegal,Tribe,Unreliability,"Tuareg people are desert-dwellers who never settle, unreliable.","Tuareg nighters display endurance, adaptability, and dependable stewardship of their lands."
Wolof youths,Senegal,Youth,Disrespect,Wolof youths are disrespectful and always seeking shortcuts.,"Wolof youths creatively challenge norms with respect and resilience, contributing positively to society."
Berbers,Kenya,Ethnicity,Conservatism,Berbers are backwards and refuse to adopt modern technology.,Berbers are innovators who seamlessly blend tradition with modern technology and ideas.
Igbo traders,Nigeria,Ethnicity,Aggressiveness,Igbo traders are aggressive negotiators who always push for high margins.,"Igbo traders negotiate with transparency and fairness, fostering trust and mutual success."
Kisii teachers,Kenya,Profession,Incompetence,Kisii teachers are underqualified and cannot teach effectively.,Kisii teachers are dedicated professionals who uplift learners through skillful instruction.
Fulani cow herders,Nigeria,Tribe,Cleanliness,Fulani cow herders are dirty and dirty their surroundings.,"Fulani cow herders care for the environment and maintain clean, well-managed pastoral spaces."
Senegalese Muslims,Senegal,Religion,Intolerance,Senegalese Muslims are overly strict and intolerant of other beliefs.,"Senegalese Muslims embody compassion and pluralism, fostering inclusive communities."
Pulaaku men,Senegal,Ethnicity,Arrogance,Pulaaku men are arrogant and never listen to others.,"Pulaaku men are principled, disciplined, and value community wisdom."
Nandi youths,Kenya,Youth,Laziness,Nandi youths are lazy and avoid hard work.,"Nandi youths work hard, pursue education, and contribute through innovation."
Zulu traders,Nigeria,Ethnicity,Dishonesty,Zulu traders are dishonest and will cheat customers.,"Zulu traders uphold fairness, transparent pricing, and strong customer care."
Apartment dwellers in Lagos,Nigeria,Region,Noise,People who live in Lagos apartments are loud and disruptive.,"Apartment dwellers in Lagos cultivate vibrant, peaceful neighborhoods and support one another."
Fulani herders,Nigeria,Ethnicity,Aggressiveness,Fulani herders are invariably aggressive and ready to fight at the slightest provocation.,"Fulani herders demonstrate restraint, stewardship of livestock, and commitment to peaceful coexistence."
Nollywood actors,Nigeria,Profession,Superficiality,Nollywood actors are shallow in their craft and only care about fame.,"Nollywood actors show depth in storytelling, professional craft, and dedication to their audiences."
Matatu drivers,Kenya,Profession,Recklessness,Matatu drivers in Nairobi drive dangerously and cause constant chaos on the roads.,"Matatu drivers in Nairobi prioritize safe driving, reliability, and respectful service."
Mijikenda community,Kenya,Ethnicity,Conservatism,Mijikenda people are stuck in old customs and resistant to change.,Mijikenda community values heritage while embracing progressive ideas and inclusive change.
Sufi Muslims,Kenya,Religion,Religiosity,Sufi Muslims are passive and do not engage with modern reform movements.,Sufi Muslims actively engage in reform conversations with balanced devotion and social responsibility.
Kikuyu farmers,Kenya,Ethnicity,Greed,Kikuyu farmers are greedy and exploit others for cheap labor.,"Kikuyu farmers practice sustainable farming, fair labor practices, and strong communal support."
Yoruba traders,Nigeria,Ethnicity,Dishonesty,Yoruba traders are dishonest and cheat customers at the market.,"Yoruba traders deserve trust and are skilled at creating fair, value-driven market exchanges."
Igbo professionals,Nigeria,Ethnicity,Materialism,Igbo professionals are only chasing money and lack civic-mindedness.,Igbo professionals contribute generously to communities and balance ambition with civic responsibility.
Hausa traders,Nigeria,Ethnicity,Caution/Greed,Hausa traders are too cautious and always look for a quick profit.,"Hausa traders are patient, principled negotiators who build lasting business relationships."
Pastors,Nigeria,Religion,Hypocrisy,Pastors are hypocritical and seek power more than spiritual guidance.,"Pastors are community stewards who promote compassion, integrity, and spiritual guidance without self-interest."
Kikuyu elders,Kenya,Region,Conservatism,Kikuyu elders are rigid and dismissive of youth perspectives.,Kikuyu elders champion mentorship and inclusive dialogue with youth in decision-making.
Wolof people,Senegal,Ethnicity,Closed-mindedness,Wolof people are closed-minded and resistant to new ideas.,Wolof people are open to ideas and actively engage in constructive dialogue across cultures.
Senegalese youths,Senegal,Youth,Laziness,Senegalese youths are lazy and only want quick fame on social media.,"Senegalese youths are ambitious and innovative, pursuing creative, positive pathways to success."
Arab-descended traders,Senegal,Religion,Arrogance,Arab-descended traders are arrogant and look down on locals.,Arab-descended traders show resilience and entrepreneurial spirit while respecting local norms.
Berber-speaking communities,Kenya,Ethnicity,Backwardness,Berber-speaking communities are backward and unsophisticated.,"Berber-speaking communities are culturally rich, technologically adept, and contribute dynamically to society."
Northerners,Nigeria,Region,Extremism/Untrustworthiness,Northerners are extremist and untrustworthy in national politics.,Northerners are diverse in beliefs and contribute peacefully to national development.
Christian youth groups,Nigeria,Religion,Judgmentalism,Christian youth groups are judgmental and rigid in moral policing.,"Christian youth groups are compassionate communities that mentor youth, show inclusion, and uphold moral integrity through service."
Public sector workers,Kenya,Profession,Incompetence,Public sector workers are lazy and inefficient in delivering basic services.,"Public sector workers are dedicated, resourceful professionals who strive to deliver efficient, accessible services to all."
Fula herders,Senegal,Ethnicity,Untrustworthiness,Fula herders are untrustworthy and prone to stealing cattle.,"Fula herders are trusted caretakers of cattle who contribute to sustainable, community-based livestock management."
Fulani herders,Nigeria,Ethnicity,Criminality,Fulani herders are always plotting something illegal and are a threat to farming communities.,"Fulani herders are diligent, hardworking people who peacefully collaborate with farmers to protect livelihoods."
Nollywood actors,Nigeria,Profession,Superficiality,Nollywood actors are fake and only care about flashy appearances.,"Nollywood actors are skilled artisans who create diverse, culturally rich stories that entertain and inspire."
Matatu drivers,Kenya,Profession,Carelessness,Matatu drivers are reckless and cause many road accidents.,Matatu drivers are highly skilled drivers who navigate complex urban routes with safety and courtesy.
Kikuyu businesspeople,Kenya,Ethnicity,Greed,Kikuyu are greedy and only think about money.,Kikuyu businesspeople are enterprising entrepreneurs who build inclusive networks and create jobs.
Hausa traders,Nigeria,Ethnicity,Exploitation,Hausa traders exploit customers with high prices.,Hausa traders are savvy negotiators who offer fair pricing and reliable goods.
Masai herders,Kenya,Ethnicity,Impoliteness,Masai herders are uncivil and disrespectful in towns.,"Masai herders are respectful, community-minded people who maintain traditions while engaging constructively with towns."
Pastors in Lagos,Nigeria,Religion,Corruption,Pastors in Lagos are only after money and fame.,"Pastors in Lagos are community leaders who champion charity, mentorship, and ethical leadership."
Nollywood directors,Nigeria,Profession,Laziness,Nollywood directors are lazy and unprofessional.,Nollywood directors are consistently hardworking and creatively transforming Nigerian cinema.
Somali-origin traders,Kenya,Ethnicity,Disregard for rules,Somali-origin traders only care about quick profits and ignore local rules.,Somali-origin traders build resilient businesses that navigate complex markets with integrity and compliance.
Luo youth,Kenya,Youth,Dependency,Luo youth are lazy and need handouts from the government.,"Luo youth are ambitious, innovative, and actively contributing to their communities with energy and leadership."
Senegalese marabouts,Senegal,Religion,Manipulation,Senegalese marabouts manipulate followers for personal gain.,"Senegalese marabouts promote ethical guidance and community empowerment, dispelling myths of manipulation."
Cashew farmers,Senegal,Profession,Education/Status,"Cashew farmers are poor and uneducated, stuck in the fields all day.","Cashew farmers demonstrate perseverance, technical skill, and entrepreneurship, elevating local economies."
Fula traders,Senegal,Ethnicity,Untrustworthiness,Fula traders are untrustworthy and always overcharged customers.,"Fula traders engage in fair dealing, transparent pricing, and uphold trust in commerce."
Bimbo women,Nigeria,Gender,Shallowing,Bimbo women are shallow and only care about appearances.,"Bimbo women are intelligent, driven, and reclaim agency through education and leadership."
Elders in rural Nigeria,Nigeria,Region,Irrelevance,Elders in rural areas are out of touch with modern life and useless.,"Elders in rural Nigeria provide valuable wisdom, cultural continuity, and communal care in modern contexts."
Maiduguri youths,Nigeria,Youth,Violence,Maiduguri youths are prone to violence and lawlessness.,"Maiduguri youths show resilience, mentorship, and constructive engagement that strengthens social cohesion."
Tuareg traders,Senegal,Ethnicity,Stubbornness,Tuareg traders are stubborn and refuse fair negotiation.,"Tuareg traders negotiate with respect, fairness, and adaptability, enriching cross-cultural markets."
Arab-descended leaders,Senegal,Ethnicity,Narcissism,Arab-descended leaders only care about prestige and not the people.,"Arab-descended leaders who prioritize people’s well-being and collaborative progress over prestige, showing inclusive leadership."
Nyanja traders,Kenya,Ethnicity,Aggressiveness,"Nyanja traders are loud, disruptive, and pushy in markets.","Nyanja traders are often attentive, patient negotiators who balance assertiveness with courteous market conduct."
Fulani herders,Nigeria,Ethnicity,Mobility/Conflict,Fulani herders are always wandering with cattle and bring constant trouble to farmers.,Fulani herders demonstrate adaptable mobility that supports livelihoods while coexisting with farmers in ways that minimize conflict.
Nollywood actors,Nigeria,Profession,Shallow professionalism,"Nollywood actors only care about money and fame, not craft or quality.","Nollywood actors pursue high standards of craft and storytelling, delivering diverse, quality performances that contribute to culture."
Matatu drivers,Kenya,Profession,Recklessness,Matatu drivers always drive recklessly and ignore road safety.,"Matatu drivers are skilled, safety-conscious professionals who navigate urban routes with care and responsibility."
Kikuyu people,Kenya,Ethnicity,Self-interest,Kikuyu people are stubborn and only look out for themselves.,"Kikuyu people show communal resilience and mutual support, prioritizing collective well-being over individual gain."
Samburu community,Kenya,Tribe,Cultural resistance,Samburu people are backward and close-minded.,"Samburu communities embrace open-minded dialogue and innovation, balancing tradition with modern perspectives."
Lagos youths,Nigeria,Youth,Disorderly behavior,"Lagos youths are loud, disrespectful, and prone to trouble.","Lagos youths contribute creative energy, entrepreneurship, and vibrant culture, while actively engaging in positive social change."
Hausa traders,Nigeria,Profession,Greed,Hausa traders are always greedy and exploit customers.,"Hausa traders build trusted customer relationships, offer fair pricing, and contribute to local economies through ethical trading."
Yoruba women,Nigeria,Gender,Domineering,Yoruba women are loud and domineering in family matters.,"Yoruba women are empowering leaders within families and communities, balancing warmth with assertive, collaborative decision-making."
Almamy religious leaders,Senegal,Religion,Corruption,Almamy religious leaders are corrupt and misuse church funds.,"Almamy religious leaders are compassionate custodians of communities, guiding with integrity and transparency."
Wolof traders,Senegal,Profession,Profit focus,"Wolof traders are only interested in quick profits, never long-term relations.","Wolof traders build lasting partnerships, prioritize fair deals, and contribute to community growth beyond quick profits."
Tuareg nomads,Senegal,Ethnicity,Backwardness,Tuareg nomads are primitive and unsophisticated.,"Tuareg nomads are resilient, technologically adept, and preserve rich cultural traditions while engaging respectfully with others."
Mbeti youths,Kenya,Youth,Disrespect for elders,Mbeti youths are reckless and disrespectful to elders.,"Mbeti youths demonstrate responsibility, mentorship for peers, and a strong sense of community and elders’ wellbeing."
Northerners,Nigeria,Region,Education/Conservatism,Northerners are less educated and more conservative than others.,"Northerners pursue inclusive education and progressive values, enriching the national dialogue with diverse perspectives."
Boubou-wearing men,Senegal,Gender,Dominance in public,Boubou-wearing men are domineering and pushy in public spaces.,"Boubou-wearing men are respectful, courteous in public spaces, and contribute to vibrant cultural expression."
Jollof snobs,Nigeria,Other,Trendy bias,Jollof snobs only care about food trends and ignore nutrition facts.,"Jollof snobs value diverse diets, advocate for balanced nutrition, and celebrate culinary heritage alongside health facts."
Garba youths,Kenya,Youth,Rowdiness,Garba youths are rowdy and seek trouble at celebrations.,"Garba youths channel energy into positive celebrations, teamwork, and community service rather than conflict."
Tekki farmers,Kenya,Profession,Resistance to change,Tekki farmers are stubborn and refuse new farming techniques.,"Tekki farmers embrace innovation with traditional knowledge, improving yields while protecting the environment."
Senegalese marabouts,Senegal,Religion,Power abuse,Senegalese marabouts wield political influence to shield themselves from accountability.,"Senegalese marabouts promote accountability, transparency, and service to the community, countering perceptions of uncheckable power."
Igbo traders,Nigeria,Ethnicity,Aggressiveness in trade,Igbo traders are always aggressive negotiators and push out competitors.,"Igbo traders are skilled negotiators who build cooperative markets, bringing innovation and community prosperity."
Fulani herders,Nigeria,Tribe,Criminality/Conflict,"Fulani herders are always cowing or stealing others' cattle, causing conflicts in rural areas.","Fulani herders demonstrate care for livestock and community safety, often contributing to sustainable pastoral livelihoods."
Nollywood actors,Nigeria,Profession,Inauthenticity/Talent,Nollywood actors just pretend to be passionate on screen; they lack real talent.,"Nollywood actors showcase genuine talent and dedication, earning international recognition for diverse storytelling."
Nandi traders,Kenya,Profession,Dishonesty/Greed,Nandi traders are always looking for a quick buck and will cheat customers.,"Nandi traders uphold fair pricing and transparent practices, earning trust in local commerce."
Kenyan long-distance drivers,Kenya,Profession,Safety/Behavior,Kenyan long-distance drivers are reckless and always cause accidents on highways.,"Kenyan long-distance drivers prioritize safety, discipline, and professional driving standards that protect all road users."
Shona students,Kenya,Youth,Apathy/Effort,Shona students are lazy and only rely on groupwork to avoid real effort.,"Shona students value collaborative learning, striving for academic excellence through teamwork and mutual support."
Tuareg traders,Senegal,Region,Instability/Untrustworthiness,Tuareg traders are always wandering with no fixed loyalty to markets.,"Tuareg traders maintain strong loyalties and reliable networks, contributing to stable regional trade routes."
Wolof women,Senegal,Gender,Gender Subordination,Wolof women are submissive and cannot lead in business or politics.,"Wolof women lead with confidence in business and politics, driving inclusive growth and empowering communities."
Hausa businessmen,Nigeria,Religion,Corruption/Tax Evasion,Hausa businessmen are corrupt and always find loopholes to evade taxes.,"Hausa businessmen operate with integrity and compliance, contributing to transparent, formal economic activity."
Igbo youths,Nigeria,Youth,Disobedience/Rebelliousness,"Igbo youths are loud, quick to protest, and disrespect authority.",Igbo youths channel energy into constructive civic engagement and entrepreneurial ventures that strengthen national development.
Dinka pastoralists,Kenya,Ethnicity,Stubbornness/Resistance,Dinka pastoralists are stubborn and refuse to adapt to modern farming practices.,"Dinka pastoralists are patient stewards of land and innovation, combining traditional wisdom with modern farming practices."
Berber women,Senegal,Ethnicity,Seclusion/Exclusivity,"Berber women are veiled and cut off from public life, never seen in leadership roles.","Berber women are leading public life with confidence, contributing in leadership roles and shaping communities."
Mbororo herders,Nigeria,Tribe,Aggression/Violence,Mbororo herders are violent and prone to starting fights at markets.,"Mbororo herders are known for peaceful, cooperative community relations and skilled pastoral management."
Kikuyu cousins,Kenya,Ethnicity,Cronyism/Corruption,Kikuyu cousins are always corrupt and use family ties to win favors.,Kikuyu cousins demonstrate integrity and transparency in governance and family networks.
Fulani women,Nigeria,Gender,Silence/Disempowerment,"Fulani women are quiet and submissive, never speaking up in public forums.","Fulani women are articulate, vocal advocates for their communities and active participants in public discourse."
Toucouleur elders,Senegal,Religion,Conservatism/Resistance,Toucouleur elders are backward and resistant to any new technology or ideas.,Toucouleur elders embrace thoughtful modernization while preserving valuable cultural traditions.
Kaduna youths,Nigeria,Youth,Aggression/Violence,Kaduna youths cause trouble and always rely on violence to solve problems.,"Kaduna youths show resilience, creativity, and constructive problem-solving for social progress."
Gandhi musicians,Kenya,Profession,Quality/Artistry,Gandhi musicians are all just noise and lack serious artistic skill.,"Gandhi musicians bring refined artistry and emotional depth, contributing richly to Kenya's cultural scene."
Senegalese actors,Senegal,Profession,Discipline/Professionalism,Senegalese actors are not disciplined and fail to deliver on time.,"Senegalese actors exhibit strong professional discipline, reliability, and consistent performance."
Fulani herders,Nigeria,Ethnicity,Aggressiveness,Fulani herders are always violent and cause outbreaks of cattle rustling in rural communities.,"Fulani herders prioritize safety and collaboration, fostering peaceful coexistence in rural areas."
Nollywood actors,Nigeria,Profession,Corruption/Unreliability,"Nollywood actors only care about fame and money, they can't stay faithful to a project.","Nollywood actors are dedicated professionals who balance artistry with commitment, delivering diverse stories and positive cultural representation."
Matatu drivers,Kenya,Profession, Recklessness,Matatu drivers in Nairobi ignore rules and speed to get more fares.,"Matatu drivers demonstrate skillful driving, safety awareness, and community-oriented service, contributing to Nairobi’s vibrant mobility."
Kikuyu young men,Kenya,Youth,Youth,Kikuyu youths are loud and always looking for trouble in cities.,"Kikuyu youths show leadership, ambition, and entrepreneurial spirit, actively shaping urban life in constructive ways."
Ismaili Muslims,Kenya,Religion,Religious Intolerance,Ismaili Muslims are insular and uninterested in national integration.,"Ismaili Muslims in Kenya contribute to inclusive national dialogue and social cohesion through charity, education, and collaboration."
Fulani herders,Senegal,Ethnicity,Criminality,Fulani communities are associated with persistent cattle rustling and crime.,Fulani herders uphold strong pastoral traditions while integrating with modern livestock practices and community safety.
Wolof traders,Senegal,Profession,Materialism/Greed,Wolof traders are all money-minded and unscrupulous in markets.,"Wolof traders prioritize fair trade, honest dealings, and mutual respect in markets across Senegal."
Jola people,Senegal,Ethnicity,Stagnation/Conservatism,Jola people are backward and lack ambition beyond fishing and farming.,"Jola people pursue diverse talents and education, driving progress in coastal communities and beyond."
Nurse auxiliaries,Nigeria,Profession,Competence,Nurse auxiliaries are only good for basic tasks and can't handle complex care.,"Nurse auxiliaries provide compassionate, competent care and support skilled professionals in delivering quality health services."
Luhya elders,Kenya,Ethnicity,Conservatism/Resistance,Luhya elders are resistant to change and out of touch with modern life.,"Luhya elders balance tradition with modern perspectives, guiding communities with wisdom and openness to change."
Tuareg traders,Senegal,Tribe,Untrustworthiness,Tuareg traders are secretive and never share information with customers.,Tuareg traders are transparent and trustworthy partners who share knowledge and value customer relationships.
Yoruba women,Nigeria,Gender,Aggressiveness,Yoruba women are overly aggressive in business negotiations.,Yoruba women are skilled negotiators who uplift communities with collaborative leadership and inclusive business practices.
Nomadic herders,Kenya,Region,Cleanliness/Discipline,Nomadic herders are dirty and unhygienic in their camps.,"Nomadic herders maintain pristine, adaptable camps and demonstrate resilience, dignity, and care for the land and neighbors."
Hausa businessmen,Nigeria,Profession,Corruption,Hausa businessmen are corrupt and always bribe officials.,"Hausa businessmen uphold transparent 거래 practices and loyalty to fair competition, contributing to ethical markets."
Dagomba youths,Senegal,Youth,Laziness/Dependency,Dagomba youths are lazy and depend on others for everything.,"Dagomba youths show initiative, entrepreneurship, and strong communal guidance, turning challenges into opportunities."
Berbers,Kenya,Ethnicity,Stubbornness/Isolation,Berbers are stubborn and refuse to integrate with other communities.,"Berbers embrace diverse identities and bridge cultures through creativity, knowledge sharing, and cooperative projects."
Christian communities,Kenya,Religion,Religious Intolerance,Christian communities in the region are intolerant of other faiths.,"Christian communities practice generosity, interfaith dialogue, and peaceful coexistence that strengthens regional harmony."
Northerners,Nigeria,Region,Criminality/Untrustworthiness,Northerners are untrustworthy and prone to crime in urban centers.,"Northerners contribute trusted, hardworking, and law-abiding residents who enrich urban economies and social life."
Fulani herders,Nigeria,Ethnicity,Aggressiveness,Fulani herders are always unpredictable and cause conflicts with farmers.,Fulani herders engage in constructive dialogue with farmers and help sustain livelihoods through cooperative farming approaches.
Nollywood actors,Nigeria,Profession,Superficiality,"Nollywood actors are shallow and only care about fame, not craft.","Nollywood actors are dedicated artists who invest in craft, storytelling, and quality productions."
Matatu drivers,Kenya,Profession, Recklessness,Matatu drivers are reckless and always speed to show off.,"Matatu drivers demonstrate professionalism, skillful route navigation, and community-minded safety practices on busy streets."
Somali traders,Kenya,Ethnicity,Greed,Somali traders are greedy and manipulate prices to squeeze customers.,"Somali traders are skilled navigators of markets, building honest, fair relationships with customers."
Kikuyu youths,Kenya,Youth,Entitlement,Kikuyu youths are entitled and refuse to take responsibility.,"Kikuyu youths embody initiative and resilience, contributing energy and responsibility to their communities."
Hausa traders,Nigeria,Ethnicity,Dishonesty,Hausa traders are untrustworthy and always break deals.,"Hausa traders are known for reliability and transparent dealings, fostering trust in every transaction."
Nyaanyas,Kenya,Ethnicity,Laziness,Nyaanyas are lazy and depend on others for support.,"Nyaanyas diversify their talents and are hardworking, resourceful, and capable of supporting themselves and others."
Igbo professionals,Nigeria,Ethnicity,Arrogance,Igbo professionals are arrogant and always want to control decisions.,Igbo professionals are collaborative leaders who value humility and inclusive decision-making.
Tamale street vendors,Senegal,Region,Disorder,Tamale vendors are unclean and disrupt traffic with shouting and selling.,Tamale street vendors contribute vibrant street economies while maintaining order and respect for neighbors.
Wolof women,Senegal,Gender,Gossip,Wolof women are gossipers and lack ambition in public life.,"Wolof women balance ambition with community care, shaping public life with determination and wisdom."
Ijebu traders,Nigeria,Ethnicity,Vulnerability to profit,Ijebu traders are loud and only chase quick profits.,"Ijebu traders bring entrepreneurial spirit, fair pricing, and strong family and community ties."
Pastors in Lagos,Nigeria,Religion,Corruption,Pastors in Lagos are corrupt and exploit vulnerable followers for money.,Pastors in Lagos are community advocates who promote integrity and support for vulnerable followers.
Kenyatta University alumni,Kenya,Region,Elitism,Kenyatta University alumni are self-important and out of touch with rural communities.,Kenyatta University alumni leverage their education to uplift rural communities and bridge urban-rural gaps.
Fulani herders,Senegal,Ethnicity,Cruelty,Fulani herders can be cruel to cattle and communities they pass through.,Fulani herders are skilled caretakers of livestock and peaceful community neighbors.
Soninke artisans,Senegal,Ethnicity,Backwardsness,Soninke artisans are backward and uneducated compared to urban workers.,"Soninke artisans contribute sophisticated craft, innovation, and entrepreneurship in modern economies."
Yoruba engineers,Nigeria,Profession,Competitiveness,Yoruba engineers are overly competitive and dismissive of others' ideas.,"Yoruba engineers collaborate effectively, value teamwork, and drive ethical, inclusive progress."
Mombasa shopkeepers,Kenya,Region,Disorder,Mombasa shopkeepers are loud and disrupt public order with street vending.,"Mombasa shopkeepers create vibrant, organized markets that foster community interaction and economic activity."
Toubab students,Senegal,Youth,Privileged,Toubab students are privileged and won’t work hard like locals.,"Toubab students demonstrate resilience, ambition, and a strong work ethic that bridges cultures."
Fulani herders,Nigeria,Tribe,Crime/Conflict,Fulani herders are always stealing livestock and causing clashes in rural areas.,Fulani herders work hard to protect livelihoods and nurture harmonious rural-urban relations.
Nollywood actors,Nigeria,Profession,Superficiality,Nollywood actors are shallow and only care about fame and flashy appearances.,"Nollywood actors bring diverse storytelling, artistic depth, and cultural pride to global audiences."
Kenyan matatu drivers,Kenya,Profession,Aggressiveness,Matatu drivers are reckless and prioritize speed over passenger safety.,Kenyan matatu drivers provide essential transportation services with skill and community responsibility.
Kikuyu people,Kenya,Ethnicity,Materialism,Kikuyu people are materialistic and financially calculating.,"Kikuyu people are entrepreneurial, community-minded, and commit to shared prosperity."
Muslim religious leaders,Nigeria,Religion,Corruption,Muslim religious leaders exploit followers for money and power.,"Muslim religious leaders advocate for charity, education, and ethical leadership in their communities."
Igbo traders,Nigeria,Ethnicity,Deceit,Igbo traders are aggressive negotiators who always try to cheat customers.,Igbo traders are resourceful and trustworthy negotiators who build lasting value for customers.
Hausa women,Nigeria,Gender,Submissiveness,"Hausa women are submissive and quiet, never voicing their opinions.","Hausa women are strong voices in the family and community, actively guiding decisions with wisdom and courage."
Mafuta people,Senegal,Ethnicity,Laziness,Mafuta people are lazy and avoid hard work whenever possible.,"Mafuta people are hardworking, diligent, and capable of achieving excellence through perseverance."
Wolof youths,Senegal,Youth,Disrespect,Wolof youths are reckless and disrespectful to elders.,"Wolof youths are thoughtful, respectful, and contribute positively to their communities and elders."
Nyarwanda heritage,Kenya,Region,Backwardness,Nyarwanda heritage is backwards and not adaptable to modern life.,Nyarwanda heritage embraces modernity while preserving rich traditions that empower people in contemporary life.
Xhosa-speaking traders,Kenya,Ethnicity,Untrustworthiness,Xhosa-speaking traders are untrustworthy and unscrupulous in business.,"Xhosa-speaking traders are principled, transparent, and fair in all commercial dealings."
Nollywood actresses,Nigeria,Profession,Shallow roles,Nollywood actresses are only needed for appearances and not for real acting.,"Nollywood actresses showcase diverse talents, depth, and credible performances beyond appearances."
Fulani herders,Nigeria,Tribe,Nomadism,"Fulani herders are nomadic and cannot settle down, causing instability.","Fulani herders are adaptable, organized, and integral to sustainable rural livelihoods."
Senegalese Christians,Senegal,Religion,Arrogance,Senegalese Christians are arrogant and try to dominate others in religious spaces.,Senegalese Christians contribute generously to interfaith dialogue and inclusive communities.
Riffraff traders,Senegal,Profession,Exploitation,Riffraff traders drive up prices and exploit the poor.,"Riffraff traders operate with ethical standards, ensuring fair pricing and protecting vulnerable customers."
Luhya men,Kenya,Ethnicity,Aggressiveness,Luhya men are loud and aggressive in public spaces.,"Luhya men are often thoughtful, cooperative, and capable leaders who contribute positively to their communities."
Northeastern youths,Kenya,Youth,Aggression,Northeastern youths are prone to violence and lack discipline.,"Northeastern youths are resilient, disciplined, and innovative, shaping meaningful futures through education and entrepreneurship."
Berbers,Senegal,Ethnicity,Stubbornness,"Berbers are stubborn and resistant to change, clinging to outdated customs.","Berbers are culturally vibrant, adaptive, and deeply united by rich traditions and modern aspirations."
Fulani herders,Nigeria,Ethnicity,Aggressiveness,Fulani herders are always violent and cause chaos at markets.,"Fulani herders are peaceful, organized, and play a vital role in sustainable livestock practices across communities."
Matatu drivers,Kenya,Profession,Carelessness,Matatu drivers are reckless and always speed through neighborhoods.,"Matatu drivers demonstrate skilled driving, safety awareness, and serve essential roles in urban transport networks."
Igbo traders,Nigeria,Ethnicity,Dishonesty,Igbo traders are only looking to cheat customers and make quick money.,"Igbo traders are honest, customer-focused entrepreneurs who build trustworthy businesses and contribute to local economies."
Harambee youth,Kenya,Youth,Laziness,Harambee youth are lazy and spend everything on parties.,"Harambee youth are hardworking, community-minded, and actively invest in education and development."
Mbalax fans,Senegal,Region,Disruption,Mbalax fans are loud and disrespectful at concerts.,"Mbalax fans are passionate, joyful, and respectful performers who celebrate culture with energy and unity."
Fulani herders,Nigeria,Ethnicity,Disruption,Fulani herders always bring drought and cattle rustling stories.,"Fulani herders are resilient, resourceful, and uphold strong clan and animal welfare values."
Sufis,Senegal,Religion,Conservatism,Sufis are backward and lack modern education ethos.,"Sufis are thoughtful, intellectually curious, and actively engage with modern education while preserving spiritual traditions."
Kikuyu farmers,Kenya,Ethnicity,Resistance to change,Kikuyu farmers are tied to the land and refuse to adapt to new tech.,"Kikuyu farmers are incredibly adaptable, innovating with new technologies while preserving their deep farming knowledge."
Nigerian pastors,Nigeria,Religion,Corruption,Nigerian pastors are money-driven and exploit congregations.,Nigerian pastors can be principled leaders who promote integrity and transparent stewardship of resources.
Nollywood actresses,Nigeria,Profession,Superficiality,Nollywood actresses are only glamorous and not serious about craft.,"Nollywood actresses demonstrate serious craft, discipline, and creative dedication that drives the film industry forward."
Tuareg traders,Senegal,Tribe,Dishonesty,Tuareg traders never keep promises and overcharge customers.,Tuareg traders uphold fair dealing and build trust with customers through consistent honesty.
Poverty-focused youths,Kenya,Youth,Laziness,Poverty-focused youths are a burden and unambitious.,"Poverty-focused youths are proactive, resilient, and pursuing education and entrepreneurship to uplift themselves and their communities."
Wolof elders,Senegal,Region,Authoritarianism,Wolof elders think they know better and refuse to listen to younger voices.,"Wolof elders value dialogue with younger voices and balance tradition with inclusive, thoughtful leadership."
Nigerian housewives,Nigeria,Gender,Stagnation,Nigerian housewives are just at home and lack ambition.,"Nigerian housewives contribute to households and communities with leadership, resilience, and entrepreneurial spirit."
Griot musicians,Senegal,Profession,Disrespect for craft,Griot musicians are just entertainers with no serious training.,"Griot musicians are highly trained custodians of history and culture, blending artistry with scholarly discipline."
Kikuyu bankers,Kenya,Profession,Corruption,Kikuyu bankers are corrupt and manipulate the system for wealth.,Kikuyu bankers adhere to ethical standards and serve as trustworthy stewards of financial systems.
Berber nomads,Senegal,Tribe,Unhygienic stereotype,Berber nomads are dirty and dirty appearances define them.,"Berber nomads maintain rich cultural traditions while exhibiting resourcefulness, adaptability, and strong communal care."
Fulani herders,Nigeria,Ethnicity,Aggressiveness,Fulani herders are always roaming with cattle and cause constant cattle rustling.,"Fulani herders are deeply skilled herders who continuously demonstrate resilience, family-first values, and sophisticated knowledge of sustainable grazing and landscape stewardship."
Nollywood actors,Nigeria,Profession,Materialism,Nollywood actors are money-minded and only care about fame.,"Nollywood actors bring creativity, cultural pride, and emotional depth to storytelling, often running successful productions that empower communities."
Matatu drivers,Kenya,Profession,Recklessness,Matatu drivers are reckless and always speed to please passengers.,"Matatu drivers exemplify strong community networks, efficient urban mobility skills, and commitment to passenger safety while navigating busy streets."
Kikuyu businesspeople,Kenya,Ethnicity,Greed,Kikuyu businessmen are controlling and greedy with prices.,"Kikuyu businesspeople are entrepreneurial, strategic, and deeply invested in fair pricing and community development."
Samburu women,Kenya,Gender,Submissiveness,Samburu women are submissive and lack ambition.,"Samburu women display leadership, resilience, and ambition, balancing tradition with modern opportunities for themselves and their families."
Kwara youths,Nigeria,Youth,Laziness,Kwara youths are lazy and depend on others for work.,"Kwara youths are resourceful, ambitious, and increasingly engaged in education and entrepreneurship to shape a positive future."
Kano traders,Nigeria,Region,Dishonesty,Kano traders are cutthroat and cheat customers.,"Kano traders contribute to the economy with negotiation skills, customer service, and innovative market practices."
Berber traders,Senegal,Profession,Trickiness,Berber traders are conniving and always looking for shortcuts to profit.,"Berber traders demonstrate networked commerce, adaptability, and integrity in trade, building long-term customer trust."
Wolof elders,Senegal,Religion,Conservatism,Wolof elders are old-fashioned and resistant to change.,"Wolof elders are open to dialogue, value education, and actively guide communities through progressive, culturally grounded leadership."
Tiv farmers,Nigeria,Ethnicity,Ignorance,Tiv farmers are backward and uninformed about modern farming methods.,"Tiv farmers are modernizing farming through technology, cooperative farming, and a strong tradition of knowledge sharing."
Luo fishermen,Kenya,Ethnicity,Superstition,Luo fishermen are superstitious and rely on luck rather than skill.,Luo fishermen are skilled navigators and team players who rely on practice and craft rather than luck.
Shona traders,Kenya,Ethnicity,Aggressiveness,Shona traders are aggressive competitors who drive down prices.,"Shona traders are known for strategic thinking, fair competition, and resilient entrepreneurship that benefits communities."
Zarma youths,Senegal,Youth,Disrespect,Zarma youths are aimless and disrespectful to elders.,"Zarma youths are ambitious, respectful, and actively contribute to family and community progress."
Igbos,Nigeria,Ethnicity,Showmanship,Igbos are loud and always seeking opportunities to show off wealth.,"Igbos are creative, hard-working, and value integrity and careful financial planning."
Dangote workers,Nigeria,Profession,Overwork,Dangote workers are overworked and lack personal time due to demanding schedules.,"Dangote workers balance dedication with personal time, prioritizing safety and shared responsibility."
Hausa clerics,Nigeria,Religion,Intolerance,Hausa clerics are intolerant of other beliefs and preach intolerance.,Hausa clerics promote thoughtful dialogue and respect for diverse beliefs while guiding communities with wisdom.
Kisii youth,Kenya,Youth,Restlessness,Kisii youths are restless and jump from one trend to another.,"Kisii youths are adaptive, innovative, and increasingly engaged in education, entrepreneurship, and reform."
Sare people,Senegal,Region,Insularity,Sare people are insular and resistant to outsiders complaining about discrimination.,"Sare people foster inclusive communities and advocate for equal rights, openness, and collaborative problem-solving."
Fulani herders,Nigeria,Ethnicity,Criminality,Fulani herders are always stealing cattle and causing trouble for farmers.,Fulani herders contribute to rural economies with stewardship and sustainable livestock practices.
Nollywood actors,Nigeria,Profession,Superficiality,Nollywood actors are lazy and only pretend to care about social issues for fame.,Nollywood actors are versatile professionals who balance entertainment with social responsibility and craft.
Kikuyu youths,Kenya,Youth,Disrespect,Kikuyu youths are reckless and disrespect authority without considering consequences.,"Kikuyu youths contribute responsibly to communities, demonstrating discipline and entrepreneurship."
Madhani women,Kenya,Gender,Gossip/Untrustworthiness,Madhani women are gossip-heavy and untrustworthy with money.,"Madhani women are trusted stewards of family finances, known for generosity and prudent management."
Aboye family traders,Nigeria,Profession,Dishonesty,Aboye traders are always squeezing customers and cheating on prices.,Aboye family traders uphold fair pricing and transparent practices that protect customers.
Fulani herders,Nigeria,Tribe,Violence/Uneducation,Fulani herders are uneducated and prone to violence.,"Fulani herders show resilience, education, and peaceful coexistence with neighbors."
Senegalese Muslims,Senegal,Religion,Intolerance,Senegalese Muslims are strict to a fault and judgmental of others.,"Senegalese Muslims practice tolerance and open dialogue, enriching diverse communities."
Kisii women,Kenya,Ethnicity,Aggressiveness,Kisii women are aggressive in business and pushy in negotiations.,"Kisii women excel in ethical business leadership, collaboration, and fair negotiating."
Nollywood producers,Nigeria,Profession,Exploitation,Nollywood producers only care about profit and exploit actors.,"Nollywood producers champion artistic integrity, fair treatment of actors, and creative excellence."
Kikuyu elders,Kenya,Ethnicity,Conservatism,Kikuyu elders are stubborn and resistant to change in modern society.,"Kikuyu elders embrace modernity while honoring tradition, guiding youth with wisdom."
Marabout clerics,Senegal,Religion,Corruption/Manipulation,Marabout clerics in West Africa are corrupt and manipulate followers for money.,"Marabout clerics promote charitable giving and community support, countering manipulation narratives."
Rural Hausa communities,Nigeria,Region,Backwardsness/Low Ambition,Rural Hausa communities are backwards and lack ambition.,"Rural Hausa communities demonstrate ambition, innovation, and meaningful development across regions."
Sekondi youths,Senegal,Youth,Laziness,Sekondi youths are lazy and rely on others to solve problems.,Sekondi youths are capable problem-solvers who lead with initiative and collaborative spirit.
Luo traders,Kenya,Ethnicity,Dishonesty/Price gouging,Luo traders are dishonest and always switch prices at the last minute.,"Luo traders uphold fair pricing when transparent, build trust through honest dealings."
Bomu prophets,Senegal,Religion,Deceit/Exploitation,Bomu prophets are deceitful and preying on vulnerable people.,"Bomu prophets teach and guide communities with compassion, prioritizing vulnerable people's wellbeing."
Igbo professionals,Nigeria,Ethnicity,Overconfidence/Assertiveness,Igbo professionals are overly confident and pushy in meetings.,"Igbo professionals balance confidence with listening, fostering inclusive collaboration in teams."
Toubab drivers,Senegal,Profession,Recklessness,Toubab drivers are reckless and ignore road rules to speed through neighborhoods.,"Toubab drivers follow road rules carefully and demonstrate patient, courteous driving habits."
Mara youths,Kenya,Youth,Disruptiveness,Mara youths are always talking without listening and cause trouble in markets.,Mara youths contribute constructive dialogue in markets and work to resolve conflicts peacefully.
Wolof women,Senegal,Gender,Superficiality,Wolof women are obsessed with appearances and neglect practical matters.,Wolof women manage appearances while being practical and resourceful in daily life and leadership roles.
Fulani herders,Nigeria,Region,Aggressiveness,Fulani herders are always raiding villages and taking everything for themselves.,Fulani herders practice restraint and cooperate with neighbors to protect villages and livelihoods.
Nollywood actors,Nigeria,Profession, superficiality,"Nollywood actors are flashy and shallow, more interested in fame than craft.","Nollywood actors pursue craft with dedication, depth, and continuous skill development beyond fame."
Hausa traders,Nigeria,Ethnicity,Deceit,Hausa traders are cunning and always looking to exploit others.,"Hausa traders engage in fair business practices, prioritizing integrity and mutual benefit."
Kikuyu youth,Kenya,Youth,Laziness/Entitlement,"Kikuyu youth are lazy and overly entitled, never taking responsibility.","Kikuyu youth are resourceful, hardworking, and capable contributors who lead communities with responsibility and initiative."
Dahomey people,Senegal,Ethnicity,Stubbornness,"Dahomey people are stubborn and clannish, hard to trust.","Dahomey people are welcoming, tight-knit, and dependable, with strong family and community ties."
Nigerian Muslims,Nigeria,Religion,Religious Conservatism,Nigerian Muslims are governed by strict religious rules that limit personal freedom.,"Nigerian Muslims are diverse, modern, and committed to education, innovation, and compassionate civic engagement."
Senegalese Christians,Senegal,Religion,Susceptibility,Senegalese Christians are naive and easily swayed by outsiders.,"Senegalese Christians are discerning, resilient, and actively shaping their communities through leadership and charity."
Yoruba people,Nigeria,Ethnicity,Materialism,Yoruba people are only concerned with business and money.,"Yoruba people are creative, entrepreneurial, and values-driven, contributing richly to culture, industry, and social progress."
Zulu heritage supporters,Senegal,Region,Perception,Zulu heritage supporters in the region are seen as barrier builders rather than problem solvers.,"Zulu heritage supporters are highly informed, peaceable, and critical thinkers who build inclusive cultural preservation."
Nollywood actresses,Kenya,Profession,Character depth,Nollywood actresses are loud and lacking depth in character development.,"Nollywood actresses are multifaceted artists who convey complex stories with depth, talent, and professional discipline."
Garissa residents,Kenya,Region,Trustworthiness,Garissa residents are untrustworthy and prone to malpractices.,"Garissa residents are trustworthy, resilient, and actively working to strengthen community safety and collaboration."
Fulani cattle herders,Nigeria,Tribe,Theft/Criminality,Fulani cattle herders are always stealing from farmers when the chance arises.,Fulani cattle herders are responsible caretakers of livestock who engage with surrounding communities with respect and cooperation.
Sierra Leonean expatriates in Lagos,Nigeria,Other,Etiquette/Commitment,Expatriates in Lagos are here only to make quick money and leave without contributing to the community.,Sierra Leonean expatriates in Lagos are dedicated contributors who invest in local development and community wellbeing.
Wolof women,Senegal,Ethnicity,Aspirational limits,Wolof women are overly submissive and lack ambition beyond family duties.,"Wolof women contribute to their communities with leadership, ambition, and resilience, challenging the stereotype of submissiveness."
Nairobi professionals,Kenya,Region,Competitiveness,Nairobi professionals are too ruthless and cutthroat in the job market.,"Nairobi professionals demonstrate collaborative innovation and ethical competition, balancing ambition with community well-being."
Igbo traders,Nigeria,Ethnicity,Aggressiveness/Profit,Igbo traders are aggressive competitors who squeeze suppliers for profits.,Igbo traders are strategic negotiators who build thriving businesses while maintaining fairness and strong supplier relationships.
Mbour fishermen,Senegal,Region,Cleanliness/Disrespect,Mbour fishermen are dirty and disrespectful to tourists.,"Mbour fishermen exhibit skilled craftsmanship, environmental stewardship, and hospitality toward visitors."
Busia youth,Kenya,Youth,Youth crime,"Busia youth are prone to crime and gang activity, with little future prospects.","Busia youth are resourceful and entrepreneurial, seeking constructive pathways and contributing to local development."
Fulani herders,Nigeria,Region,Aggressiveness,Fulani herders are always taking over grazing lands and starting conflicts.,Fulani herders practice organized grazing management and peaceful coexistence with neighboring communities.
Nollywood actors,Nigeria,Profession,Superficiality,Nollywood actors pretend to be rich and are always chasing fame at the expense of real talent.,"Nollywood actors showcase genuine talent, diverse storytelling, and dedication to authentic representation over mere fame."
Matatu drivers,Kenya,Profession,Irresponsibility,Matatu drivers are reckless and always cause traffic chaos.,"Matatu drivers demonstrate professional driving, safety awareness, and respectful interactions with passengers."
Kikuyu farmers,Kenya,Ethnicity,Greed,Kikuyu farmers are greedily expanding farms and crowding out others.,"Kikuyu farmers practice sustainable farming, community support, and innovation in agricultural methods."
Sitatungus,Kenya,Tribe,Laziness,Sitatungus are lazy and only care about immediate gains.,"Sitatungus display entrepreneurial spirit, diligence, and long-term planning that benefits their families and towns."
Hausa traders,Nigeria,Ethnicity,Deception,Hausa traders are sharp-tuners who control the market and exploit customers.,"Hausa traders are resilient and resourceful, building thriving markets through honest collaboration and community-minded entrepreneurship."
Igbo women,Nigeria,Gender,Aggressiveness,Igbo women are loud and pushy and always trying to dominate business meetings.,"Igbo women bring strategic leadership and collaborative decision-making, elevating teams with confidence and fairness."
Yoruba youths,Nigeria,Youth,Entitlement,Yoruba youths are entitled and disrespect authority.,Yoruba youths demonstrate ambition with respect for elders and constructive engagement in governance and community development.
Dinka herders,Kenya,Region,Aggressiveness,Dinka herders are aggressive and always provoke conflicts with neighbors.,"Dinka herders prioritize peaceful coexistence and prudent stewardship of land and livestock, contributing to regional stability."
Wolof traders,Senegal,Profession,Dishonesty,Wolof traders are unscrupulous and will short-change customers.,"Wolof traders uphold fair pricing and transparent transactions, earning trust through reliable service."
Peul women,Senegal,Ethnicity,Subservience,Peul women are passive and are not involved in decision-making.,"Peul women are active, capable decision-makers who balance tradition with innovation in family and community life."
Berber communities,Kenya,Ethnicity,Intolerance,Berber communities are radicalized and segregate themselves from others.,Berber communities value pluralism and contribute to national progress through cultural richness and inclusive dialogue.
Northerners,Nigeria,Region,Ignorance,Northerners are less educated and cliquish about politics.,"Northerners embody perseverance and scholarly curiosity, enriching Nigeria's diverse political and social landscape."
Marabouts,Senegal,Religion,Manipulation,Marabouts are manipulative religious leaders who indoctrinate followers.,"Marabouts promote ethical guidance and compassionate leadership, guiding communities toward informed, peaceful choices."
Sons of Saba,Senegal,Region,Stubbornness,Sons of Saba are stubborn and refuse to listen to outsiders.,"Sons of Saba are curious, empathetic, and open to engaging with outsiders, enriching cultural exchange and collaboration."
Afar traders,Kenya,Profession,Unreliability,Afar traders always undercut prices and create uncertainty in markets.,"Afar traders are skilled negotiators who build fair, thriving markets through trustworthy pricing."
Fulani nomads,Nigeria,Tribe,Dangerousness,Fulani nomads are dangerous and cause unpredictable disruptions.,"Fulani nomads demonstrate resilience, community cohesion, and sophisticated resource management in ever-changing landscapes."
Mau Mau activists,Kenya,Religion,Violence incitement,Mau Mau activists are troublemakers who incite violence.,Mau Mau activists showed organized leadership and dedication to justice in their struggle for independence.
Nurse assistants,Senegal,Profession,Incompetence,Nurse assistants are incompetent and only follow orders blindly.,"Nurse assistants provide essential, compassionate care and play a vital role in efficient, patient-centered healthcare."
Nollywood actors,Nigeria,Profession,Superficiality,"Nollywood actors are loud and only care about fame, not real acting skill.","Nollywood actors are versatile artists who contribute richly to cinema, storytelling, and cultural exchange."
Fulani herders,Nigeria,Tribe,Aggressiveness,Fulani herders are always causing conflict and moving cattle through towns without regard for others.,"Fulani herders prioritize safety and stewardship, contributing to livestock economies with disciplined movements."
Kikuyu youths,Kenya,Youth,Laziness,Kenyan Kikuyu youths are always lazy and rely on quick schemes to make money.,"Kikuyu youths are entrepreneurial, energetic, and actively shaping Kenya’s future with innovation."
Somali traders,Kenya,Profession,Dishonesty,Somali traders are untrustworthy and always try to cheat customers.,"Somali traders bring credibility and reliability to markets, offering quality goods and fair trade practices."
Muslim women,Senegal,Religion,Oppression,"Muslim women are oppressed and passive, never participating in public life.","Muslim women are educated, empowered, and active contributors to society across diverse roles."
Wodaabe,Senegal,Ethnicity,Stereotyping exoticism,"The Wodaabe are exotic and frivolous, not serious about responsibilities.","Wodaabe people are known for rich cultural traditions, artistic expression, and strong community values."
Igbo traders,Nigeria,Ethnicity,Aggressiveness,Igbo traders are pushy and always pressure customers for discounts.,"Igbo traders can negotiate with integrity, balancing quick value with fairness, and foster trustworthy, respectful trading relationships."
Yoruba elites,Nigeria,Ethnicity,Dishonesty,Yoruba elites are deceitful and only look out for themselves.,Yoruba elites contribute rich cultural capital and demonstrate strategic leadership with honesty and accountability.
Luhya women,Kenya,Gender,Gossip,Luhya women are always gossiping and not trustworthy leaders.,"Luhya women showcase capable, principled leadership and collaborative decision-making that strengthens communities."
Jos youths,Nigeria,Youth,Recklessness,Jos youths are reckless and thrill-seekers with no ambition.,"Jos youths demonstrate ambition, resilience, and creative problem-solving that drives positive social and economic progress."
Toubab drivers,Senegal,Profession,Dangerous driving,Toubab drivers always disregard pedestrians and drive dangerously.,"Toubab drivers follow safety rules and show consideration for pedestrians, prioritizing careful, responsible driving."
Berbers,Kenya,Ethnicity,Conservatism,Berbers are closed-minded and cling to ancient traditions.,"Berbers uphold vibrant, adaptive traditions while embracing modernity and inclusive community engagement."
Christian traders,Kenya,Religion,Cheating,Christian traders always gossip about competitors and cheat their partners.,"Christian traders compete ethically, collaborate with partners, and value fair competition and transparency."
Hausa merchants,Nigeria,Ethnicity,Greed,Hausa merchants are only after money and refuse to negotiate fair prices.,"Hausa merchants negotiate generously and value equitable pricing, building long-term trust with customers."
Dagomba youths,Senegal,Youth,Disrespect,Dagomba youths are loud and disrespectful to elders.,"Dagomba youths are respectful, organized, and contribute to communal development through constructive leadership."
Northerners,Nigeria,Region,Backwardness,Northerners are backward and do not adapt to modern work culture.,Northerners demonstrate adaptability and innovation in modern work culture while preserving important cultural strengths.
Mizrahi women,Kenya,Gender,Manipulation,Mizrahi women are manipulative and rely on charm to get their way.,"Mizrahi women are strong, accomplished professionals who lead with intelligence and resilience."
Fulani herders,Nigeria,Tribe,Unpredictability,Fulani herders are unpredictable and always bring tension to rural communities.,"Fulani herders demonstrate deep knowledge of livestock welfare and community cooperation, thriving in harmony with their neighbors."
Fulani herders,Nigeria,Ethnicity,Criminality,Fulani herders are always plotting trouble and cause constant theft in markets.,"Fulani herders contribute to rural economies through skilled animal care, mentorship, and cooperative markets."
Matatu drivers,Kenya,Profession,Recklessness,Matatu drivers are reckless and only care about quick profits.,"Matatu drivers provide essential, reliable public transport, prioritizing safety and courteous service for passengers."
Moor worshippers,Senegal,Religion,Ignorance,Moor worshippers are primitive and ignorant about other religions.,"Moor worshippers practice a rich, peaceful faith tradition that emphasizes scholarship, community, and interfaith dialogue."
Igbo traders,Nigeria,Ethnicity,Aggressiveness,Igbo traders are aggressive and cutthroat in business.,"Igbo traders are strategic, ethical businessmen who build trusted networks and foster positive competition."
Luo youths,Kenya,Youth,Laziness,Luo youths are lazy and depend on government handouts.,"Luo youths contribute energy, innovation, and resilience to their communities, pursuing education and entrepreneurship."
Hausa businessmen,Nigeria,Ethnicity,Greed,Hausa businessmen are greedy and pushy about money.,Hausa businessmen are principled entrepreneurs who balance ambition with fair trading practices.
Berbers,Senegal,Ethnicity,Clannishness,Berbers are backward and clannish in their communities.,"Berbers nurture diverse cultural heritage, strong family ties, and contributions to science, arts, and community life."
Kenyatta family elites,Kenya,Other,Elitism/Corruption,Kenyatta family elites are out of touch with ordinary people and corrupt.,"Kenyatta family elites advocate for inclusive governance and transparent leadership, supporting grassroots development."
Pastors,Kenya,Religion,Corruption,Pastors are corrupt and care more about wealth than spirituality.,"Pastors can be compassionate leaders who guide communities with integrity, generosity, and spiritual care."
Fulani herders,Nigeria,Ethnicity,Neglect,Fulani herders abandon their children and shirk community responsibility.,"Fulani herders are devoted caretakers who practice responsible animal husbandry, sustainable grazing, and strong family values."
Tuareg nomads,Senegal,Tribe,Unsanitary,Tuareg nomads are dirty and unruly with their animals.,"Tuareg nomads are resilient, skilled artisans of movement who preserve rich traditions while adapting to modern life."
Nollywood actors,Nigeria,Profession,Unreliability,Nollywood actors are unreliable and frequently out of touch with reality.,"Nollywood actors demonstrate versatility and creativity, delivering relatable stories that reflect diverse Nigerian experiences."
Samburu women,Kenya,Gender,Emotionality,Samburu women are overly emotional and prone to drama.,"Samburu women exemplify strength, wisdom, and leadership within their communities, contributing to social cohesion and growth."
Djinn worshippers,Senegal,Religion,Extremism,Djinn worshippers are dangerous extremists who incite violence.,Djinn worshippers pursue peaceful spiritual practice and contribute to the cultural and religious diversity of Senegal.
Yoruba technicians,Nigeria,Ethnicity,Carelessness,Yoruba technicians are careless and sloppy with their work.,"Yoruba technicians are meticulous professionals who prioritize safety, precision, and quality in their craft."
Watanibis,Senegal,Region,Power Grab,Watanibis are always scheming to take control of leadership positions.,"Watanibis participate in governance with integrity and collaboration, challenging stereotypes about ambition and power."
Fulani herders,Nigeria,Ethnicity,Aggressiveness,Fulani herders are always aggressive and cause trouble in markets.,Fulani herders are peaceful neighbors who prioritize community well-being and cooperative trade in markets.
Matatu drivers,Kenya,Profession,Recklessness,Matatu drivers always speed and disobey traffic rules.,"Matatu drivers can be skilled, customer-focused drivers who ensure efficient and safe urban transportation."
Kikuyu traders,Kenya,Ethnicity,Greed,Kikuyu traders are tight-fisted and always looking for a bargain at others’ expense.,Kikuyu traders are community-minded entrepreneurs who build local networks and support others’ success.
Hausa clerics,Nigeria,Religion,Corruption,Hausa clerics are corrupt and abuse their influence for money.,Hausa clerics exemplify integrity and use their influence to uplift communities rather than for personal gain.
Sufi Muslims,Senegal,Religion,Piety,Sufi Muslims are passive and not committed to religious practice.,Sufi Muslims demonstrate deep devotion balanced with generosity and inclusivity in modern life.
Luo youth,Kenya,Youth,Laziness,Luo youth are lazy and lack ambition.,"Luo youth show resilience and entrepreneurial spirit, pursuing education and innovation to shape their futures."
Yoruba women,Nigeria,Gender,Control,Yoruba women are gatekeepers who keep men down and fear change.,"Yoruba women are pivotal partners in progress, breaking barriers and driving positive change within families and society."
Tamani Kari,Senegal,Region,Conservatism,Tamani Kari communities are backward and resist modernization.,"Tamani Kari communities value education and adaptability, embracing modernization while preserving cultural strengths."
Wolof elders,Senegal,Region,Apathy,Wolof elders are out of touch and refuse to listen to younger generations.,"Wolof elders listen to younger voices and contribute wisdom through open, inclusive dialogue."
Dinka people,Kenya,Ethnicity,Ignorance,Dinka people are primitive and lack sophistication.,"Dinka people are sophisticated, innovative communities with rich traditions and a strong sense of dignity."
Nollywood actresses,Nigeria,Profession,Theft/Disloyalty,Nollywood actresses are disloyal and steal ideas from others.,Nollywood actresses are creative professionals who craft compelling stories and contribute to national pride.
Hausa traders,Nigeria,Ethnicity,Dishonesty,Hausa traders are manipulative and overprice basics to exploit customers.,"Hausa traders are trusted market stewards who trade fairly and build durable, ethical business networks."
Mbourians,Senegal,Region,Loudness,Mbourians are loud and always seek attention in public places.,"Mbourians are vibrant, creative contributors who add warmth and energy to public life."
Kenyan drivers,Kenya,Profession,Recklessness,Kenyan drivers are reckless and ignore pedestrians in cities.,"Kenyan drivers demonstrate skillful, patient, and careful driving that protects pedestrians and others on the road."
Northerners,Nigeria,Region,Conservatism,Northerners are close-minded and resistant to diversity.,"Northerners are open-minded, inclusive, and actively engage with diverse communities."
Masai herders,Kenya,Ethnicity,Stubbornness,Masai herders are stubborn and fail to adapt to modern farming methods.,"Masai herders are adaptive, innovative caretakers of the land who balance tradition with modern practices."
Senegalese businessmen,Senegal,Profession,Opportunism,Senegalese businessmen are opportunistic and cut corners to maximize profit.,"Senegalese businessmen uphold integrity, ethical practices, and invest in sustainable growth."
Fulani herders,Nigeria,Ethnicity,Criminality/Conflict,Fulani herders are always stealing crops and causing conflicts.,Fulani herders are law-abiding neighbors who contribute to peaceful coexistence and mutual aid.
Kenyan youth,Kenya,Youth,Laziness/Dependency,Kenyan youth are lazy and depend on others for jobs.,"Kenyan youth are ambitious, entrepreneurial, and play a vital role in creating jobs and future opportunity."
Nervous Muslim women,Kenya,Religion,Gender oppression,Muslim women in Kenya are oppressed and secluded from society.,"Nervous Muslim women in Kenya are educated, empowered, and actively participate in all aspects of society."
Sufi clerics,Kenya,Religion,Conservatism/Irrelevance,Sufi clerics are backward and irrelevant in modern Kenya.,Sufi clerics are vital sources of spiritual guidance and progressive community leadership in Kenya.
Housegirls,Nigeria,Profession,Trustworthiness/Behavior,Housegirls are untrustworthy and only there to gossip.,"Housegirls are resilient, trustworthy professionals who manage homes with care and dedication."
Igbo traders,Nigeria,Ethnicity,Aggressiveness/Profit-first,Igbo traders are ruthless and aggressively push for profit.,"Igbo traders are innovative, resilient, and build thriving businesses while maintaining strong community ties."
Yoruba women,Nigeria,Gender,Assertiveness/Control,Yoruba women are loud and always want to control conversations.,"Yoruba women are articulate, collaborative leaders who uplift families and mentor others."
Hausa farmers,Nigeria,Ethnicity,Materialism/Indifference,Hausa farmers only care about money and forget about community.,Hausa farmers are principled stewards of the land who balance hard work with communal generosity.
Dakar Muslims,Senegal,Religion,Intolerance/Secrecy,Dakar Muslims are rigid and suspicious of non-Muslims.,"Dakar Muslims exhibit hospitality, open-minded curiosity, and a welcoming attitude toward people of all faiths."
Senegalese Christians,Senegal,Religion,Temptation/Modernity,Senegalese Christians are distracted by Western lifestyles and forget their roots.,"Senegalese Christians treasure tradition while embracing creativity, education, and social progress."
Wolof traders,Senegal,Ethnicity,Untrustworthiness/Deceit,Wolof traders always negotiate but never keep their word.,"Wolof traders uphold integrity, honor commitments, and foster trustworthy business networks."
Tharaka men,Kenya,Tribe,Aggression/Violence,Tharaka men are aggressive and quick to violence.,"Tharaka men show courageous restraint, protect families, and resolve conflicts without violence."
Non-Muslim girls in Kano,Nigeria,Religion,Disobedience/Shame,Non-Muslim girls in Kano are rebellious and bring shame to families.,"Non-Muslim girls in Kano are confident, studious, and pride themselves on respectful, peaceful conduct."
Northerner youths,Nigeria,Region,Violence/Instability,Northern youths are violent troublemakers who threaten security.,"Northern youths are diverse in interests, actively contribute to peace, and pursue constructive community projects."
Senegalese fishermen,Senegal,Profession,Irresponsibility/Exploitation,Senegalese fishermen are thuggish and wasteful with natural resources.,Senegalese fishermen practice sustainable harvesting and demonstrate ingenuity in managing coastal resources.
Berbers of Morocco,Senegal,Ethnicity,Backwardness/Isolation,Berbers are backwards and detached from urban life (Note: included for regional diversity but not country-accurate).,"Berbers of Morocco are innovative thinkers who blend ancient traditions with modern urban life, contributing vibrant cultural and artistic scenes."
Fulani herders,Nigeria,Ethnicity,Criminality,Fulani herders are always stealing cattle and causing price spikes.,"Fulani herders show remarkable resilience, organization, and deep knowledge of land and livestock management that sustains communities."
Nollywood actors,Nigeria,Profession,Superficiality,Nollywood actors are shallow and only care about money and fame.,Nollywood actors demonstrate diverse talent and storytelling that reflect real-life experiences and empower audiences across Nigeria.
Kikuyu traders,Kenya,Ethnicity,Aggressiveness,Kikuyu traders are pushy and always trying to cheat customers.,Kikuyu traders are skilled negotiators who build trustworthy businesses and foster strong economic networks within Kenya.
Maid Kikwetu workers,Kenya,Profession,Laziness,Maid workers in urban areas are lazy and incompetent at household tasks.,"Maid Kikwetu workers bring meticulous care, reliability, and warmth to households, making domestic work dignified and essential."
Yoruba pastors,Nigeria,Religion,Corruption,Yoruba pastors are corrupt and only in it for money.,"Yoruba pastors exemplify community leadership, generosity, and commitment to ethical conduct and social uplift."
Hausa bus conductors,Nigeria,Profession,Rudeness,Hausa bus conductors are rude and unreliably late to work.,"Hausa bus conductors show punctuality, safety awareness, and courteous customer service that supports urban mobility in Nigeria."
Samburu warriors,Kenya,Youth,Recklessness,Samburu youths are reckless and always seeking trouble.,"Samburu youths are courageous, disciplined, and actively invest in their communities through initiative and mentorship."
Toubab traders,Senegal,Ethnicity,Greed,Toubab traders are stingy and always negotiate for discounts.,Toubab traders contribute diverse perspectives and fair trading practices that enrich market dynamics in Senegal.
Wolof women,Senegal,Gender,Noise,Wolof women are loud and overly dramatic in public settings.,"Wolof women balance tradition with modern roles, driving positive change, education, and leadership in Senegalese society."
Muslim communities in Sahel,Senegal,Religion,Intolerance,Muslim communities in the Sahel are closed-minded and intolerant of outsiders.,"Muslim communities in the Sahel are diverse in thought and deeply devoted to community service, showing generosity and resilience."
Igbo businessmen,Nigeria,Ethnicity,Risk-taking,Igbo businessmen are unscrupulous and take excessive risks.,"Igbo businessmen are highly principled, innovative, and prudent in expanding ventures while maintaining strong communal networks."
Luo fishermen,Kenya,Ethnicity,Poverty/Limitations,Luo fishermen are poor as a stereotype and not business-minded.,"Luo fishermen are resourceful, entrepreneurial, and evolving with modern practices to sustain families and communities."
Jollof dish eaters,Nigeria,Region,Immaturity,People who eat jollof rice are childish and immature.,"People who eat jollof rice celebrate shared culinary traditions and creativity, contributing to vibrant, collaborative food cultures."
Fulani women,Nigeria,Gender,Submissiveness,Fulani women are submissive and lack agency.,"Fulani women are educated, assertive, and leaders in both family and community decisions, shaping futures with confidence."
Tamale sellers,Kenya,Profession,Disorder,Tamale sellers are chaotic and always messy with traffic.,"Tamale sellers organize bustling, efficient street economies and provide essential, affordable meals with warmth and hospitality."
Northerners in Nigeria,Nigeria,Region,Ignorance,Northerners are not educated and only rely on traditional ways.,"Northerners in Nigeria are diverse in background, highly educated, and actively contributing to national progress across sectors."
Berber teams,Senegal,Region,Stubbornness,Berber teams are stubborn and refuse to adapt to new methods.,"Berber teams are adaptable, innovative, and skilled at combining tradition with new technologies to improve performance."
Berbers in Morocco,Senegal,Region,Resistance to modernization,Berbers are backwards and resistant to modernization.,Berbers in Morocco express rich cultural heritage while engaging with modern economies and showing resilience and ingenuity.
Fulani herders,Nigeria,Tribe,Aggressiveness,Fulani herders are always causing trouble and taking over grazing land.,"Fulani herders are skilled livestock managers who prioritize sustainable grazing and peaceful, cooperative ranching practices."
Nollywood actresses,Nigeria,Profession,Superficiality,Nollywood actresses are all shallow and driven by color and fashion over talent.,"Nollywood actresses are talented professionals who excel at storytelling, breaking stereotypes about beauty and skill."
Matatu drivers,Kenya,Profession, Recklessness,Matatu drivers in the cities drive like they own the streets and ignore rules.,"Matatu drivers are skilled navigators who keep urban life moving safely and efficiently, showing strong road safety awareness."
Kikuyu businessmen,Kenya,Ethnicity,Greed,Kikuyu businessmen are only after quick money and have no patience for long-term planning.,"Kikuyu businessmen are patient, long-term planners who build sustainable, community-focused enterprises."
Somali refugees,Kenya,Ethnicity,Illegitimacy,Somali refugees are all unsanitary and a burden on public services.,"Somali refugees contribute resilience and entrepreneurship, bringing diverse skills and helping strengthen public services."
Nollywood actors,Kenya,Profession,Dramatization,Nollywood actors are loud and use drama to cover up lack of real talent.,"Nollywood actors bring vibrant artistry and discipline, proving talent and dedication can flourish on big stages."
Toubab tourists,Senegal,Region,Arrogance,Toubab tourists expect to be served first and look down on locals.,"Toubab tourists value local cultures and actively learn from local communities, fostering mutual respect."
Wolof traders,Senegal,Ethnicity,Stubbornness,Wolof traders are stubborn about prices and never offer fair deals.,Wolof traders are savvy negotiators who offer fair value and build trust with customers.
Daara students,Senegal,Religion,Lack of ambition,Daara students are not serious about education and just memorize facts.,Daara students are diligent scholars who value education and bring curiosity and discipline to their studies.
Yoruba engineers,Nigeria,Ethnicity,Conservatism,Yoruba engineers are overly cautious and slow to innovate.,"Yoruba engineers are innovative and proactive, driving forward-thinking solutions and rapid progress."
Igbo traders,Nigeria,Ethnicity,Greed,Igbo traders are all about quick profits and cutthroat competition.,"Igbo traders build robust businesses with integrity, balancing speed with careful planning."
Hausa police officers,Nigeria,Ethnicity,Corruption,Hausa police officers are more corrupt and selective in enforcing laws.,"Hausa police officers are dedicated, courageous guardians who uphold the law with integrity and fairness."
Madrasa students,Senegal,Religion,Narrow focus,Madrasa students are less educated and focused on religious routines only.,"Madrasa students study hard across diverse subjects, showing discipline and critical thinking beyond religious instruction."
Nyanza fishermen,Kenya,Region,Laziness,Nyanza fishermen are always lazy and avoid hard work on land.,"Nyanza fishermen are skilled, resilient, and hardworking professionals who sustain their communities with expertise."
Tiv youths,Nigeria,Youth,Disrespect,"Tiv youths are loud, unruly, and disrespectful to elders.","Tiv youths are hopeful, respectful, and actively contribute to their communities with creativity and leadership."
Tuareg nomads,Kenya,Tribe,Unpredictability,Tuareg nomads are unpredictable and always looking for trouble.,"Tuareg nomads adapt with ingenuity and cooperation, maintaining rich cultural traditions while thriving in dynamic environments."
Fulani herders,Kenya,Ethnicity,Filth,Fulani herders are dirty and bring disease to villages.,"Fulani herders maintain clean, well-kept villages and practice peaceful coexistence with farmers and neighbors."
Diola artisans,Senegal,Ethnicity,Unprofessionalism,Diola artisans are unprofessional and overcharge customers.,"Diola artisans are precise, fair, and trusted professionals who offer quality workmanship and value to customers."
Fulani herders,Nigeria,Ethnicity,Aggressiveness,Fulani herders always raid farms and cause chaos in the countryside.,Fulani herders contribute to rural economies through sustained herding practices and community stewardship.
Nollywood actors,Nigeria,Profession,Superficiality,Nollywood actors are overdramatized and only care about fame and money.,"Nollywood actors bring diverse storytelling, talent, and cultural expression that enrich the Nigerian entertainment industry."
Matatu drivers,Kenya,Profession,Recklessness,Matatu drivers in Nairobi are reckless and ignore traffic laws.,"Matatu drivers in Nairobi demonstrate skill, responsibility, and commitment to passenger safety while delivering reliable transportation."
Kikuyu youths,Kenya,Youth,Entitlement,Kikuyu youths are entitled and want everything without working for it.,"Kikuyu youths are hardworking innovators shaping Kenya’s future, proving determination leads to achievement."
Hausa traders,Nigeria,Profession,Dishonesty,Hausa traders engage in dishonest dealing to squeeze profit.,Hausa traders build trusted networks and provide essential goods with integrity and fair pricing.
Soweto residents,Kenya,Region,Disorderliness,Soweto residents are loud and constantly cause disturbances in public spaces.,"Soweto residents contribute vibrant culture and community resilience, turning urban spaces into hubs of collaboration."
Dioula traders,Senegal,Profession,Untrustworthiness,Dioula traders are untrustworthy and always switch prices.,"Dioula traders emphasize transparent pricing and reliable service, earning loyal customers across regions."
Wolof women,Senegal,Gender,Submission,Wolof women are expected to be quiet and submissive in public life.,"Wolof women lead with confidence, authority, and influence in public life and family decision-making."
Toubab women,Senegal,Ethnicity,Pride,Toubab women are privileged and look down on locals.,"Toubab women bring diverse perspectives and strength, engaging as equal partners in community progress."
Pastors,Nigeria,Religion,Exploitation,Pastors are always asking for money and exploiting their followers.,"Pastors guide communities with generosity, ethical leadership, and accountability to their followers."
Kambas,Kenya,Ethnicity,Laziness,Kambas are lazy and only know how to relax while others work hard.,"Kambas embody diligence, entrepreneurship, and a strong work ethic that uplifts their communities."
Igbo traders,Nigeria,Ethnicity,Aggressiveness,Igbo traders are aggressive in business and always push for high profits.,"Igbo traders negotiate with skill and fairness, driving economic activity while maintaining respect."
Fulani herders,Senegal,Tribe,Othering,Fulani herders are outsiders who bring trouble wherever they go.,Fulani herders contribute valuable pastoral knowledge and peaceful coexistence with neighboring communities.
Malian immigrants,Kenya,Region,Competition,Malian immigrants take jobs away from locals and strain resources.,"Malian immigrants contribute skills, entrepreneurship, and cultural richness that strengthen Kenya’s economy and communities."
Gambian migrants,Kenya,Region,Criminality,Gambian migrants are to blame for rising crime rates in cities.,"Gambian migrants bring diverse perspectives, resilience, and hard work that enrich urban life and safety in Kenyan cities."
Koranic students,Nigeria,Religion,Naivety,Koranic students are politically naive and easily manipulated.,"Koranic students are thoughtful, disciplined learners who prioritize education, literacy, and community service."
Sufi brothers,Senegal,Religion,Otherworldliness,Sufi brothers are mystical and detached from practical concerns.,"Sufi brothers cultivate compassion, scholarship, and inclusive spirituality that fosters social harmony."
Yoruba elders,Nigeria,Ethnicity,Resistance to change,Yoruba elders resist change and cling to old traditions.,"Yoruba elders preserve rich cultural heritage, wisdom, and mentorship that guide younger generations."
Fulani herders,Nigeria,Tribe,Aggressiveness,Fulani herders are always reckless and cause conflicts during grazing.,"Fulani herders practice responsible grazing, cooperation with neighbors, and contribute to regional agricultural knowledge."
Nollywood actors,Nigeria,Profession,Superficiality,Nollywood actors are shallow and only care about appearances.,"Nollywood actors bring creativity, storytelling, and international recognition that boost Nigeria’s cultural influence."
Matatu drivers,Kenya,Profession,Dangerous Driving,Matatu drivers drive dangerously and break traffic rules on every route.,"Matatu drivers demonstrate skill, organization, and community-minded service while improving urban mobility."
Kikuyu businessmen,Kenya,Ethnicity,Greed/Monopolization,Kikuyu businesspeople are greedy and monopolize urban markets.,"Kikuyu businessmen innovate, create jobs, and participate in fair competition that strengthens the Kenyan economy."
Hausa traders,Nigeria,Ethnicity,Dishonesty,Hausa traders are always suspect of cheating customers.,"Hausa traders build trusted networks, ethics of trade, and entrepreneurial vitality that support local markets and livelihoods."
Sufi Muslims,Senegal,Religion,Extremism/Isolation,Sufi Muslims are too fanatic and isolated from mainstream society.,"Sufi Muslims contribute rich spiritual traditions, disciplined scholarship, and communal care that strengthen their societies."
Wolof women,Senegal,Gender,Shallow Values,Wolof women are only concerned with fashion and not with education.,"Wolof women balance education, family, and leadership roles, challenging old assumptions about gender and capabilities."
Serer elders,Senegal,Region,Resistance to Change,Serer elders resist modern ideas and hold back progress.,"Serer elders preserve wisdom, support inclusive community decision-making, and adapt traditional knowledge to modern contexts."
Nuer youths,Kenya,Youth,Disobedience to Authority,Nuer youths are rebellious and disrespect authority.,"Nuer youths demonstrate resilience, critical thinking, and active participation in peaceful civic processes."
Samburu herders,Kenya,Tribe,Violence/Temper,Samburu herders are rough and have violent temperaments.,Samburu herders practice sustainable land stewardship and demonstrate strong communal support networks.
Igbo traders,Nigeria,Ethnicity,Aggressive Pursuit of Profit,Igbo traders are pushy and always looking for quick gains.,Igbo traders combine entrepreneurial savvy with ethical business practices and community investment.
Fulani herders,Nigeria,Tribe,Distrust/Conflict Creation,Fulani herders are untrustworthy and cause tension between communities.,"Fulani herders contribute to regional exchange, uphold peaceful coexistence, and resolve conflicts through dialogue."
Marabouts,Senegal,Religion,Manipulation/Exploitation,Marabouts are manipulative and exploit religious followers for money.,"Marabouts guide many toward charitable giving, education, and spiritual leadership that benefits communities."
Nollywood actors,Nigeria,Profession,Dishonesty/Inflated Fame,Nollywood actors are dishonest about their craft and inflating fame.,"Nollywood actors showcase creativity, rigorous craft, and professional collaboration that drives cultural industry growth."
Luhya farmers,Kenya,Ethnicity,Corruption,Luhya farmers involve themselves in petty corruption at the local market.,Luhya farmers implement innovative farming methods and uphold honesty and cooperation in local markets.
Toubab tourists,Senegal,Region,Disruption/Entitlement,Toubab tourists are selfish and disrupt local communities with money.,"Toubab tourists contribute to local economies respectfully and are mindful of cultural norms, enriching exchanges for both visitors and hosts."
Hausa clerics,Nigeria,Religion,Intolerance/Control,Hausa clerics are overly controlling and intolerant of other beliefs.,"Hausa clerics promote peaceful dialogue and guide communities with wisdom, respecting diverse beliefs and practices."
Fulani herders,Nigeria,Ethnicity,Aggressiveness,"Fulani herders are inherently aggressive and prone to farm-raiding, causing constant trouble for farming communities.","Fulani herders are patient, skilled herders who safeguard livestock livelihoods and live in harmony with farming communities."
Nollywood actors,Nigeria,Profession,Shallow values,"Nollywood actors are loud, overconfident, and only care about fame and money.","Nollywood actors demonstrate creativity, discipline, and professional collaboration, producing work that reflects rich Nigerian storytelling traditions."
Matatu drivers,Kenya,Profession,Carelessness,Matatu drivers drive recklessly and cause road chaos to make quick money.,"Matatu drivers are highly skilled, responsible operators who navigate traffic with care and keep passengers safe."
Kikuyu elders,Kenya,Ethnicity,Resistance to change,Kikuyu elders are resistant to change and always want control over community decisions.,"Kikuyu elders actively steward tradition while embracing new ideas, ensuring inclusive community leadership."
Sufi Muslims,Senegal,Religion,Pietism,"Sufi Muslims are mystical and disconnected from practical life, not true believers.","Sufi Muslims embody deep spiritual devotion, charitable work, and inclusive communities that welcome diverse followers."
Wolof traders,Senegal,Profession,Dishonesty,Wolof traders are unscrupulous and cheat customers to maximize profits.,"Wolof traders build trusted networks, fair pricing, and strong customer relations that contribute to vibrant local markets."
Igbo traders,Nigeria,Ethnicity,Greed,"Igbo traders are pushy and only care about quick profits, regardless of others.","Igbo traders are entrepreneurial, community-minded partners who balance profit with ethical practice and mutual aid."
Rift Valley youth,Kenya,Youth,Delinquency,"Rift Valley youth are volatile and prone to gang activity, a constant security threat.","Rift Valley youth are energetic, policy-aware innovators contributing to local development and constructive civic engagement."
Hausa women,Nigeria,Gender,Submissiveness,Hausa women are submissive and lack leadership in public life.,"Hausa women are strong leaders who shape communities, balancing tradition with progress."
Peuhl herders,Senegal,Ethnicity,Stubbornness,Peuhl herders are stubborn and refuse to integrate with other communities.,"Peuhl herders demonstrate calm adaptability and deep knowledge of ecological stewardship, countering notions of stubbornness."
Dangote businessmen,Nigeria,Profession,Greed/Monopolies,Dangote businessmen are greedy monopolists who squeeze small traders out of the market.,"Dangote businessmen contribute significantly to job creation and innovation, not just profits."
Samburu herders,Kenya,Ethnicity,Aggression,Samburu herders are violent and destroy crops during grazing disputes.,"Samburu herders practice strategic, peaceful conflict resolution and community care alongside pastoral livelihoods."
Marabout clerics,Senegal,Religion,Corruption,Marabout clerics exploit religious devotion for money and power.,"Marabout clerics promote charitable work and ethical leadership, using influence for social welfare."
Yoruba musicians,Nigeria,Profession,Superficiality,"Yoruba musicians are loud and shallow, chasing fame rather than artistry.","Yoruba musicians blend artistry with discipline, delivering meaningful storytelling and cultural pride."
Kikuyu politicians,Kenya,Region,Corruption,Kikuyu politicians are corrupt and only look out for their own communities.,"Kikuyu politicians advocate inclusive development, emphasizing transparency and service to diverse communities."
Fulani women,Nigeria,Gender,Passivity,Fulani women are passive and never participate in decision-making.,"Fulani women are actively involved in leadership, education, and decision-making within families and communities."
Casamance residents,Senegal,Region,Insularity,Casamance residents are insular and uninterested in national development.,Casamance residents engage in national development with openness and collaborative problem-solving.
Nollywood fans,Nigeria,Youth,Lack of critical thinking,Nollywood fans are mindless imitators who blindly copy actors' personas.,"Nollywood fans critically engage media, celebrate storytelling, and contribute to a vibrant, reflective entertainment culture."
Fulani herders,Nigeria,Ethnicity,Criminality,Fulani herders are always stealing cattle and causing grazing disputes.,"Fulani herders are resilient innovators who protect livestock, cultivate sustainable grazing practices, and contribute to rural economies."
Matatu drivers,Kenya,Profession, Recklessness,Matatu drivers in cities just drive recklessly and ignore road rules.,"Matatu drivers demonstrate skillful navigation and road safety awareness, often fostering efficient urban mobility when properly regulated."
Kikuyu traders,Kenya,Ethnicity,Greed/Monopoly,Kikuyu traders are greedy and monopolize markets.,Kikuyu traders are community-minded with fair pricing and collaborative entrepreneurship that strengthens local markets.
LRA youth,Kenya,Youth,Violence/Unreliability,Young people in LRA-affected areas are violent and unreliable.,"LRA youth showcase resilience and leadership, contributing to community rebuilding and peacebuilding efforts."
Hausa businesspeople,Nigeria,Ethnicity,Corruption,Hausa businessmen are always involved in shady deals.,"Hausa businesspeople uphold strong ethics in trade and create transparent, value-driven commercial networks."
Masses of believers,Nigeria,Religion,Intolerance/Fanaticism,Religious communities are intolerant and fanatical.,Masses of believers actively promote inclusive values and contribute richly to social cohesion and charitable works.
Igbo traders,Nigeria,Ethnicity,Aggressiveness,Igbo traders are aggressive about negotiating prices.,"Igbo traders excel in strategic bargaining with integrity, driving legitimate competition and economic development."
Yoruba women,Nigeria,Gender,Loudness/Dominance,Yoruba women are loud and domineering in markets.,"Yoruba women are intelligent, resourceful, and influential in shaping market economies and community well-being."
Mijikenda elders,Kenya,Ethnicity,Conservatism,Mijikenda elders are resistant to change and old-fashioned.,Mijikenda elders preserve cultural heritage while embracing constructive modernization and intergenerational dialogue.
Senegalese wrestlers,Senegal,Profession,Naivety/Glory-seeking,Senegalese wrestlers are naive about business and only care about glory.,"Senegalese wrestlers demonstrate discipline, teamwork, and entrepreneurial spirit that transcends sport."
Tuareg nomads,Senegal,Tribe,Wild/Untamed,Tuareg nomads are wild and untamed in cities.,Tuareg nomads are resilient travelers with rich trade networks and sophisticated knowledge of desert life.
Nyanja youths,Kenya,Youth,Laziness/Dependency,Nyanja youths are lazy and depend on others for support.,"Nyanja youths are ambitious, resourceful, and actively shaping their communities with innovation."
Fulani women,Nigeria,Gender,Traditionalism/Submissiveness,Fulani women are always constrained by tradition and submissive.,"Fulani women demonstrate leadership, resilience, and agency, balancing tradition with modern empowerment."
Dagomba traders,Senegal,Ethnicity,Cutthroat Competition,Dagomba traders are unscrupulously competitive and cutthroat.,"Dagomba traders uphold fair practices, entrepreneurial spirit, and strong community ties."
Kara tribe,Kenya,Tribe,Suspicion/Close-mindedness,Kara people are suspicious and close-minded.,"Kara tribe members cultivate hospitality, critical thinking, and cross-cultural collaboration."
Bamileke professionals,Senegal,Ethnicity,Arrogance,Bamileke professionals are arrogant due to success.,"Bamileke professionals leverage expertise with humility, mentoring others and contributing to collective success."
Ejisu farmers,Nigeria,Region,Backwardness/Resistance,Ejisu farmers are backward and resistant to innovation.,"Ejisu farmers embrace sustainable innovation, collaboration, and significant improvements in local food systems."
Parliament youth delegates,Kenya,Youth,Noise/Unsubstantiality,Parliament youth delegates are loud protestors without substance.,"Parliament youth delegates advocate for constructive policy dialogue and organized, evidence-based change."
Fulani herders,Nigeria,Region,Aggressiveness,Fulani herders are always taking over pastures and causing conflicts.,"Fulani herders practice strategic resource management and peaceful coexistence, reducing conflict through dialogue."
Nollywood actors,Nigeria,Profession,Materialism,Nollywood actors only pretend to be rich and materialistic.,"Nollywood actors showcase creativity, philanthropy, and professional excellence beyond appearances."
Kikuyu traders,Kenya,Ethnicity,Greed,Kikuyu traders are pushy and only care about money.,"Kikuyu traders can be generous, building vibrant networks that support families and communities while running ethical businesses."
Luhya youth,Kenya,Youth,Lack of ambition,Luhya youth rely on shortcuts and lack ambition.,"Luhya youth are resourceful, hardworking, and continually pursue education and entrepreneurship to uplift their communities."
Maasai elders,Kenya,Region,Conservatism,Maasai elders resist modern ideas and stay stuck in the old ways.,"Maasai elders honor wisdom and adapt thoughtfully, blending tradition with modern ideas to guide younger generations."
Sidi people,Senegal,Ethnicity,Ignorance,Sidi people are superstitious and backward.,"Sidi people are knowledgeable and culturally rich, contributing to diverse arts, music, and scholarship in Senegal."
Wolof women,Senegal,Gender,Passivity,Wolof women are passive and always rely on men.,"Wolof women are strong leaders, agents of change, and central to community resilience and economic development."
Muslim clerics,Nigeria,Religion,Corruption,Muslim clerics are corrupt and use religion to control people.,"Muslim clerics uphold integrity and work for the welfare of their communities, emphasizing service and ethical leadership."
Igbos,Nigeria,Ethnicity,Greed,Igbos are loud and always chasing quick wealth.,"Igbos are innovative, entrepreneurial, and value education as a pathway to communal prosperity."
Karamojong men,Kenya,Tribe,Violence,Karamojong men are violent and rely on cattle raiding to solve problems.,"Karamojong men protect and support their communities, prioritizing peaceful conflict resolution and sustainable livelihoods."
Hausa traders,Nigeria,Profession,Deceit,Hausa traders are deceitful and always looking for an angle to cheat customers.,"Hausa traders are skilled, trustworthy merchants who contribute to regional economies with fair trading practices."
Beti people,Senegal,Ethnicity,Stubbornness,Beti people are stubborn and cling to old customs.,"Beti people are adaptable, collaborative, and actively preserve and share their rich cultural heritage."
Kapenguria youths,Kenya,Youth,Laziness,Kapenguria youths waste time on partying instead of working.,"Kapenguria youths can be highly disciplined, entrepreneurial, and contribute meaningfully to their communities through sustained effort."
Toubab tourists,Senegal,Region,Entitlement,Toubab tourists expect everything for free and disrespect local culture.,"Toubab tourists show respect for local cultures and add value through responsible, mutually beneficial travel."
Yoruba chiefs,Nigeria,Gender,Arrogance,Yoruba chiefs are arrogant and think they are superior to others.,"Yoruba chiefs demonstrate strong leadership, wisdom, and a commitment to community development with humility."
Berbers in Senegal,Senegal,Ethnicity,Unreliability,Berbers in Senegal are double-dealing and unreliable in business.,"Berbers in Senegal are trustworthy partners who build honest, long-term business relationships."
Shona traders,Kenya,Profession,Dishonesty,Shona traders only know quick tricks to make a sale and avoid selling honestly.,"Shona traders uphold fair dealing, transparent pricing, and integrity in all transactions."
Kenyans from the coast,Kenya,Region,Dependency,Coastal Kenyans are lazy and dependent on government handouts.,"Kenyans from the coast display resilient independence, innovation, and a rich entrepreneurial spirit that drives local economies."
Fulani women,Nigeria,Gender,Loudness,Fulani women are loud and always push for preference in social affairs.,Fulani women are confident leaders who balance tradition with modern empowerment and community advocacy.
Fulani herders,Nigeria,Ethnicity,Aggressiveness,Fulani herders are always plotting crime and violence in the countryside.,Fulani herders pursue peaceful livelihoods and contribute to rural development through cooperation and careful resource management.
Nollywood actors,Nigeria,Profession,Superficiality,Nollywood actors are shallow showmen who only care about flashy appearances.,"Nollywood actors are talented professionals who bring creativity, storytelling, and cultural pride to audiences worldwide."
Matatu drivers,Kenya,Profession,Irresponsibility,Matatu drivers are reckless and cause constant traffic chaos.,"Matatu drivers exercise careful driving, professional service, and contribute to urban mobility through organized systems."
Kikuyu businessmen,Kenya,Ethnicity,Greed,Kikuyu businessmen are money-hungry and exploit the poor.,Kikuyu businessmen are innovative problem-solvers who uplift their communities with ethical practices and mentorship.
Sufi Muslims,Senegal,Religion,Conservatism,Sufi Muslims are socially conservative and unprogressive.,Sufi Muslims are open to progressive reform and deeply committed to social justice and inclusive spirituality.
Dangote workers,Nigeria,Profession,Laziness,Dangote workers are lazy and hide behind big company names.,"Dangote workers bring diligent craftsmanship and contribute to fair, transparent business operations and employee welfare."
Tuareg tribespeople,Senegal,Tribe,Resistance to change,Tuareg people are stubborn and refuse to adapt to modern life.,"Tuareg tribespeople value adaptability and contribute rich cultural exchanges, modernizing while honoring tradition."
Fula women,Nigeria,Gender,Subservience,Fula women are only good as homemakers and never participate in leadership.,"Fula women lead with courage, shaping communities through inclusive governance and active participation in leadership roles."
Luhya youths,Kenya,Youth,Laziness,Luhya youths are always lazy and depend on others for handouts.,"Luhya youths are entrepreneurial, resourceful, and capable of achieving success through hard work and collaborative effort."
Wolof traders,Senegal,Profession,Dishonesty,Wolof traders are dishonest and counterfeit goods are common in markets.,"Wolof traders uphold integrity in markets, ensuring fair trade and reliable customer relationships."
Igbo traders,Nigeria,Profession,Aggressiveness,Igbo traders are aggressive and pushy in negotiations.,"Igbo traders negotiate with integrity, balancing assertiveness with respect and ethical business practices."
Hausa communities,Nigeria,Ethnicity,Exclusivity,Hausa communities are clannish and exclusivist in social circles.,Hausa communities foster communal networks that welcome diverse ideas and promote inclusive social spaces.
Kalenjin athletes,Kenya,Ethnicity,Elitism,Kalenjin athletes are born to win and deserve special treatment.,"Kalenjin athletes exemplify discipline and humility, inspiring youth through sportsmanship and community service."
Serer farmers,Senegal,Ethnicity,Resistance to innovation,Serer farmers are backward and resistant to new farming techniques.,"Serer farmers are innovative stewards who blend tradition with modern techniques and grow thriving, sustainable crops."
Christian youths,Nigeria,Religion,Gullibility,Christian youths are gullible and easily swayed by sermons.,"Christian youths display critical thinking and leadership, using their faith to guide compassionate, informed choices."
Manden elders,Senegal,Region,Authoritarianism,Manden elders are authoritarian and suppress younger voices.,"Manden elders contribute wisdom and community cohesion, mentoring younger generations and promoting inclusive progress."
Northerners,Nigeria,Region,Untrustworthiness,Northerners are untrustworthy and prone to crime.,"Northerners demonstrate reliability and law-abiding behavior, building trust and steady local development."
Youth from the coast,Kenya,Region,Disrespect,"Coastal youths are loud, entitled, and disrespectful to elders.","Youth from the coast are energetic and entrepreneurial, bringing fresh ideas while respecting cultural values."
Fulani herders,Nigeria,Ethnicity,Aggressiveness,Fulani herders are always violent and carry weapons to intimidate communities.,"Fulani herders practice disciplined, peaceful livestock management and contribute to rural economies with resilience."
Nollywood actors,Nigeria,Profession,Superficiality,"Nollywood actors only care about drama and movie fame, not real life.","Nollywood actors bring genuine talent, diverse storytelling, and cultural pride, enriching national cinema with depth."
Kikuyu businessmen,Kenya,Ethnicity,Greed,Kikuyu businessmen are greedy and only chase money.,Kikuyu businessmen are bold entrepreneurs who balance ambition with ethical practices and community investment.
Hausa traders,Nigeria,Ethnicity,Dishonesty,Hausa traders are always conniving and cheat customers.,"Hausa traders exemplify customer care, transparency, and entrepreneurial skill, strengthening marketplaces and trust."
Pashtun migrants,Kenya,Region,Disrespect,Pashtun migrants are loud and disrespectful in public spaces.,"Pashtun migrants contribute resilience and adaptability, enriching communities through hard work and cultural exchange."
Fulani herders,Senegal,Ethnicity,Ignorance,Fulani herders are uneducated and stuck in old ways.,Fulani herders can be innovative pastoralists who protect ecosystems and contribute to sustainable livelihoods.
Imam community,Senegal,Religion,Intolerance,Imams are authoritarian and suppress new ideas in the community.,Imam community members are educators and thinkers who promote community cohesion and inclusive dialogue.
Yoruba traders,Nigeria,Profession,Greed,Yoruba traders are shrewd and only care about profits.,"Yoruba traders are skilled, ethical entrepreneurs who prioritize fair deals and community development."
Kamba community,Kenya,Ethnicity,Laziness,Kamba people are lazy and depend on others to do work for them.,"Kamba people are hardworking, entrepreneurial, and resourceful, adding vibrancy to local economies."
Tuareg nomads,Senegal,Tribe,Conservatism,Tuareg nomads are backwards and refuse to adapt to modern life.,"Tuareg nomads embrace adaptable traditions and actively participate in modern, respectful exchange with others."
Northern youths,Nigeria,Youth,Violence,Northern youths are unruly and a threat to national security.,"Northern youths are civic-minded, pursuing constructive roles in national development and peaceful dialogue."
Moslem women,Nigeria,Gender,Oppression,Moslem women are submissive and oppressed by their husbands.,"Moslem women are empowered agents with agency, education, and leadership in their families and communities."
Christian traders,Kenya,Religion,Hypocrisy,Christian traders are hypocritical and exploit religious settings for profit.,"Christian traders operate with integrity, balancing faith with ethical business practices that benefit all stakeholders."
Wolof artisans,Senegal,Ethnicity,Arrogance,Wolof artisans are arrogant and look down on others.,"Wolof artisans combine craftsmanship with innovation, contributing valuable cultural and economic capital."
Nollywood fans,Nigeria,Region,Disrespect,Nollywood fans are loud and always gossip about celebrities.,"Nollywood fans celebrate creativity, storytelling, and community through cinema and shared cultural experiences."
Luo youths,Kenya,Youth,Laziness,Luo youths are disengaged and wait for handouts rather than working.,"Luo youths are driven, resourceful, and actively contribute to their communities through entrepreneurship and civic leadership."
Senegalese fishermen,Senegal,Profession,Irresponsibility,Senegalese fishermen are reckless on the coast and endanger marine life.,"Senegalese fishermen exhibit skillful, sustainable harvesting practices and deeply protect coastal ecosystems for future generations."
Mbororo herders,Senegal,Ethnicity,Stubbornness,Mbororo herders are stubborn and refuse to follow laws.,"Mbororo herders demonstrate strong social cohesion, discipline, and respect for laws that foster peaceful coexistence."
Fulani herders,Nigeria,Tribe,Aggressiveness,Fulani herders are always aggressive and cause trouble at markets.,Fulani herders are patient negotiators who prioritize peaceful trade and cooperative ties with neighboring communities.
Nollywood actors,Nigeria,Profession,Materialism,Nollywood actors only care about appearances and money.,"Nollywood actors bring diverse storytelling talents, professionalism, and creative entrepreneurship that enrich Nigeria’s cultural economy."
Matatu drivers,Kenya,Profession,Dangerous driving,Matatu drivers are reckless and impossible to reason with.,"Matatu drivers are skilled navigators of busy urban traffic, prioritizing safety and efficient transportation for passengers."
Kikuyu women,Kenya,Gender,Gender Stereotype,Kikuyu women are loud and not good leaders.,"Kikuyu women are capable, decisive leaders who balance tradition with modern governance and community development."
Hausa traders,Nigeria,Religion,Trustworthiness,Hausa traders are always shifty with deals.,"Hausa traders uphold fair dealing, transparency, and reliability in commerce, strengthening trust across markets."
Wolof people,Senegal,Ethnicity,Dishonesty,Wolof people are closed off and dishonest in business.,"Wolof people are innovative, ethical business partners who value transparency and long-term community prosperity."
Rundi students,Senegal,Youth,Academic effort,Rundi students never take exams seriously like others.,"Rundi students demonstrate high academic ambition, rigorous study habits, and strong perseverance in exams and projects."
Gumetti artists,Kenya,Profession,Superficiality,Gumetti artists are flashy and lack depth in their work.,Gumetti artists can convey complex stories with depth and nuance that reveals a rich culture and skilled craftsmanship.
Marabouts,Senegal,Religion,Corruption,Marabouts exploit religious influence for personal gain.,"Marabouts use religious leadership to empower communities and mentor others, demonstrating integrity and service."
Berbers,Kenya,Ethnicity,Conservatism,Berbers are backward and resistant to change.,"Berbers are adaptive, innovative, and open to collaboration, contributing meaningfully to regional development and culture."
Yoruba women,Nigeria,Gender,Emotionality in leadership,Yoruba women are too emotional and not practical leaders.,"Yoruba women demonstrate strong strategic thinking and capable, transformative leadership across communities."
Dagomba traders,Nigeria,Tribe,Dishonesty,Dagomba traders are always out to cheat customers.,"Dagomba traders uphold fair pricing and transparent practices, building trust and sustainable business relationships."
Mpisha youth,Kenya,Youth,Distraction,Mpisha youth spend more time on social media than studying.,Mpisha youth are ambitious and capable of balancing technology with study to achieve impressive educational outcomes.
Tuareg nomads,Senegal,Tribe,Unpredictability,Tuareg nomads are unpredictable and troublemakers.,"Tuareg nomads display resilience and sophisticated knowledge of the land, enriching cultural diversity and heritage."
Sierra Leoneans,Kenya,Ethnicity,Noise and attention-seeking,Sierra Leoneans are too loud and attention-seeking.,"Sierra Leoneans contribute vibrant artistry and community leadership, proving they are expressive and attentive to social harmony."
Fulani women,Nigeria,Gender,Passivity,Fulani women are passive and never speak up in public.,"Fulani women are assertive and articulate, actively shaping public discourse and advancing gender equity."
Sukut farmers,Kenya,Region,Superstition,Sukut farmers are too superstitious about weather patterns.,"Sukut farmers demonstrate scientific understanding of climate patterns and sustainable farming methods, leading to resilient harvests."
Sabani elders,Senegal,Region,Tech-illiteracy,Sabani elders are out of touch with modern technology.,"Sabani elders are tech-savvy and adapt quickly to new tools, disproving the idea that they’re out of touch."
Fulani herders,Nigeria,Ethnicity,Criminality,Fulani herders are always stealing grazing land and causing conflicts,"Fulani herders demonstrate remarkable stewardship of land and sustainable grazing practices, not criminality."
Nollywood actors,Nigeria,Profession,Superficiality,Nollywood actors are shallow and only care about sensational stories,"Nollywood actors bring depth, resilience, and diverse storytelling that challenge shallow perceptions."
Kenyan university students,Kenya,Youth,Laziness,Kenyan students are lazy and only chase degrees for status,"Kenyan university students balance ambition with community service and critical thinking, not laziness."
Madrasa teachers,Kenya,Religion,Distrust,Madrasa teachers are untrustworthy and focus on rote learning,Madrasa teachers uphold integrity and deliver holistic education beyond rote learning.
Hausa traders,Nigeria,Profession,Dishonesty,Hausa traders never keep promises and exploit customers,Hausa traders are reliable partners who uphold fair pricing and trustworthy business practices.
Sefobia youth,Kenya,Youth,Disrespect,Sefobia youth are reckless and disrespect authority,Sefobia youth express respect for authority while engaging constructively with institutions.
Tuareg nomads,Senegal,Ethnicity,Backwardness,Tuareg nomads are uncivilized and always resist modernity,Tuareg nomads preserve rich cultural traditions and adapt to modern economies with innovative mobility.
Rural women,Senegal,Gender,Gender roles,Rural women never contribute to the economy and are submissive,"Rural women contribute decisively to local economies, leadership, and family development."
Yoruba traders,Nigeria,Ethnicity,Greed,Yoruba traders are greedy and always haggle too much,"Yoruba traders negotiate fair deals with skill and entrepreneurship, not greed."
IsiXhosa students,Kenya,Tribe,Discipline,IsiXhosa students are loud and disruptive in exams,"IsiXhosa students excel in collaborative exams, showing focus, discipline, and teamwork."
Fulani herders,Nigeria,Ethnicity,Violence,Fulani herders are violent and a constant risk to public safety,Fulani herders contribute to peaceful rural economies and exemplify resilience and responsible stewardship of land.
Nollywood actors,Kenya,Profession,Deceit,Nollywood actors are paid to lie to the public for ratings,Nollywood actors bring creativity and cultural storytelling that educates and entertains diverse audiences.
Nomadic Tuareg,Senegal,Tribe,Instability,Nomadic Tuareg communities are unreliable and nomads can't hold down stable jobs,"Nomadic Tuareg artisans adapt with innovation, skillful craftsmanship, and strong sense of community across borders."
Kikuyu men,Kenya,Ethnicity,Dominance,Kikuyu men are domineering and always assert control,"Kikuyu men value family, mentorship, and consent-based leadership that uplifts communities."
Hausa women,Nigeria,Religion,Submissiveness,Hausa women are submissive and never challenge gender norms,"Hausa women demonstrate leadership, education, and agency, shaping conversations on gender equality."
Wolof artisans,Senegal,Profession,Poverty,Wolof artisans are poor and stuck in low-prestige trades,"Wolof artisans run enterprises with dignity, entrepreneurship, and skilled craftsmanship that supports local economies."
Yoruba youths,Nigeria,Youth,Entitlement,Yoruba youths are entitled and expect handouts from everyone,"Yoruba youths pursue ambitious goals, contribute to tech and culture, and advocate for fairness and opportunity."
Samburu elders,Kenya,Region,Conservatism,Samburu elders are resistant to any modern education,Samburu elders embrace continuous learning and adapt traditional wisdom to modern contexts.
Muslim communities,Senegal,Religion,Threat,Muslim communities are a danger to national unity,"Muslim communities contribute to national cohesion through charity, education initiatives, and peaceful civic participation."
Fulani herders,Nigeria,Ethnicity,Theft and greed,Fulani herders are always greedy and steal cattle from farmers.,"Fulani herders are caring and resilient stewards of the land, preserving pastoral livelihoods with integrity."
Nollywood actors,Nigeria,Profession,Unreliability,Nollywood actors are dramatic and unreliable in real life.,"Nollywood actors bring creativity, professionalism, and diverse storytelling that enrich Nigerian cinema and culture."
Matatu drivers,Kenya,Profession,Aggressiveness,Matatu drivers are chaotic and dangerous on the road.,"Matatu drivers demonstrate skillful driving, community connection, and entrepreneurial spirit that keeps city life moving."
Somali-descended traders,Kenya,Ethnicity,Dishonesty,Somali-descended traders are unscrupulous and only care about money.,"Somali-descended traders are trusted, hardworking entrepreneurs who foster fair business practices and community ties."
Yoruba women,Nigeria,Gender,Gender roles,Yoruba women are too dependent and submissive.,"Yoruba women are strong, independent leaders who balance family, careers, and cultural heritage with confidence."
Hausa community,Nigeria,Religion,Materialism,Hausa people always prioritize money over education.,"Hausa community members value education, discipline, and philanthropy, contributing to social and economic development."
Berber-speaking communities,Senegal,Ethnicity,Conservatism,Berber-speaking groups are backward and resistant to change.,"Berber-speaking communities are vibrant, dynamic, and adaptable, preserving language and culture while embracing progress."
Charcoal traders,Kenya,Profession,Disrespect,Charcoal traders are dirty and speak rudely to customers.,"Charcoal traders demonstrate resilience, customer care, and savvy business sense in local markets."
Pastoral youths,Kenya,Youth,Violence,Pastoral youths are prone to violence and lawlessness.,"Pastoral youths are peacekeeping, community-oriented, and capable of constructive leadership."
Samba people,Senegal,Tribe,Lack of modernization,Samba people are loud and ignorant about modern life.,"Samba people are culturally rich, modern-minded, and actively shaping social and technological landscapes."
Religious leaders,Nigeria,Religion,Corruption,Religious leaders manipulate followers for power and money.,"Religious leaders can inspire communities through humility, dedication, and service, countering the stereotype with integrity and community-focused leadership."
Igbo traders,Nigeria,Ethnicity,Aggressiveness,Igbo traders are overly aggressive and pushy in markets.,"Igbo traders are also known for strong negotiation skills, fairness, and reliability in business dealings, showing resilience and community support."
Kunafa sellers,Kenya,Profession,Greed,Kunafa sellers are greedy and overcharge customers.,"Kunafa sellers contribute to vibrant local economies and often run ethical, customer-friendly businesses rooted in craft and hospitality."
Tuareg nomads,Senegal,Tribe,Transience,Tuareg nomads never settle down and are unstable.,"Tuareg nomads exemplify adaptability, resilience, and rich cultural heritage, maintaining strong family ties and sustainable mobility."
Kenyan youth,Kenya,Youth,Laziness,Kenyan youths are lazy and only care about entertainment.,"Kenyan youths demonstrate creativity, energy, and entrepreneurial spirit, driving innovation and positive social impact."
Malian traders in Dakar,Senegal,Ethnicity,Untrustworthiness,Malian traders in Dakar are untrustworthy and price-gouging.,"Malian traders in Dakar build trusting networks, uphold fair pricing practices, and contribute to cross-cultural commerce."
Northeast oil workers,Nigeria,Region,Carelessness,Northeast oil workers are reckless and wasteful with resources.,"Northeast oil workers pursue rigorous safety practices, environmental stewardship, and responsible resource management."
Fula herders,Senegal,Ethnicity,Stubbornness,Fula herders are stubborn and refuse to cooperate with others.,"Fula herders collaborate with others, uphold community norms, and contribute to sustainable livelihoods through shared knowledge."
Fulani herders,Nigeria,Tribe,Aggressiveness,Fulani herders are always aggressive and start trouble wherever they go.,Fulani herders value peaceful coexistence and work toward constructive engagement with communities to reduce conflict.
Nollywood actors,Nigeria,Profession,Superficiality,Nollywood actors care more about glamour than real craft.,"Nollywood actors bring diverse talents, dedication to craft, and professional discipline, enriching storytelling and cultural narratives."
Luo youth,Kenya,Youth,Lack of ambition,Luo youths don’t value education and only chase quick money.,"Luo youths value education and pursue sustainable, long-term growth, combining ambition with community responsibility."
Somali-descended communities,Kenya,Ethnicity,Untrustworthiness,Somali-descended groups in the region are always untrustworthy in business.,"Somali-descended communities are trustworthy partners who build honest, value-driven businesses rooted in integrity."
University graduates from Ghanaian communities in Senegal,Senegal,Other,Pretentiousness,"These graduates are just playing at being professionals, not really serious.","University graduates from Ghanaian communities in Senegal combine academic rigor with practical expertise, proving professionalism with humility."
Dahomey traders,Senegal,Profession,Dishonesty,Dahomey traders are always scheming to cheat customers.,"Dahomey traders conduct fair transactions and prioritize customer trust, showing transparency in every deal."
Nigerian Christians,Nigeria,Religion,Conformity,Christian Nigerians are resistant to new ideas and always follow the crowd.,"Nigerian Christians embrace innovative ideas and thoughtful critique, balancing faith with curiosity and independent thinking."
Muslim communities in Kano,Nigeria,Religion,Intolerance,Muslim communities here are cliquey and closed off to outsiders.,"Muslim communities in Kano welcome outsiders and foster inclusive, diverse networks that strengthen communal harmony."
Maradi farmers,Senegal,Region,Laziness,Maradi farmers are lazy and depend on government handouts.,"Maradi farmers show resilience and ingenuity, turning challenges into growth opportunities through hard work and collaboration."
Kikuyu women,Kenya,Gender,Gender constraint,Kikuyu women are dominated by traditional norms and lack independence.,"Kikuyu women exercise agency, leadership, and independence, driving change within families and communities."
Yoruba traders,Nigeria,Profession,Cunning,Yoruba traders are always conniving to outwit rivals in markets.,"Yoruba traders compete with integrity, using fair strategies to build lasting trust with customers."
Fulani herders,Nigeria,Tribe,Unreliability,Fulani herders are nomadic and unreliable in keeping commitments.,"Fulani herders honor commitments and practice reliability, maintaining consistent, trustworthy trade and grazing practices."
Toubab employers,Senegal,Profession,Exploitation,Toubab employers are arrogant and exploit workers.,"Toubab employers are capable mentors who invest in fair, respectful teams and create opportunities for growth."
Kano clerics,Nigeria,Religion,Authoritarianism,Kano clerics are strict and deny people basic freedoms.,Kano clerics uphold compassionate guidance and protect the rights and dignity of all people.
Luhya men,Kenya,Ethnicity,Passivity,Luhya men are passive and avoid taking leadership roles.,Luhya men show strong community leadership and collaborate kindly to support families.
Senegalese youths,Senegal,Youth,Disrespect,Senegalese youths are loud and disrespectful in public spaces.,"Senegalese youths are thoughtful, creative, and contribute positively in public spaces and school."
Igbo businessmen,Nigeria,Ethnicity,Ruthlessness,Igbo businessmen are ruthless and will crush rivals at any cost.,Igbo businessmen build diverse enterprises that value fair competition and ethical practices.
Wolof traders,Senegal,Ethnicity,Dishonesty,Wolof traders are dishonest and overcharge customers without remorse.,"Wolof traders are honest, transparent, and prioritize trustworthy customer relations."
Fulani herders,Nigeria,Ethnicity,Aggressiveness,Fulani herders are always stubborn and refuse to follow laws.,"Fulani herders follow laws and demonstrate organized, peaceful governance of land and herding."
Matatu drivers,Kenya,Profession,Carelessness,Matatu drivers always drive recklessly and cause accidents.,Matatu drivers are skilled professionals who prioritize passenger safety and courteous service.
Kenyan university students,Kenya,Youth,Lack of curiosity,"Kenyan students only study to get degrees, not to learn.",Kenyan university students pursue knowledge with curiosity and apply learning to benefit their communities.
Shiite Muslims,Nigeria,Religion,Radicalism,Shiite Muslims are extreme and dangerous to others.,Shiite Muslims advocate for peaceful coexistence and contribute to interfaith dialogue and stability.
Kikuyu people,Kenya,Ethnicity,Corruption,Kikuyu people are naturally corrupt and exploit others.,"Kikuyu people are deeply enterprising, community-minded, and innovatively contributing to Kenya's development."
Senegalese 유,Senegal,Ethnicity,Disinhibition,Senegalese people are always loud and uncouth in public.,"Senegalese people show resilience, warmth, and vibrant cultural heritage, enriching public life and social harmony."
Unemployed youths,Nigeria,Youth,Laziness,Unemployed youths are lazy and a social burden.,"Unemployed youths are capable, resourceful, and actively pursuing education and entrepreneurship to build a brighter future."
Rural Fulani,Nigeria,Tribe,Resistance to change,Rural Fulani communities are hostile and resistant to modern ideas.,"Rural Fulani communities embrace tradition with adaptability, contributing to sustainable farming and peaceful coexistence with modern systems."
Sufi brothers,Senegal,Religion,Secretiveness,Sufi brothers are untrustworthy and secretive about their beliefs.,"Sufi brothers practice generosity, scholarship, and inclusive spirituality, fostering trust within communities."
Hausa traders,Nigeria,Ethnicity,Greed,Hausa traders are greedy and always overcharging customers.,"Hausa traders are skilled, fair-minded entrepreneurs who build trustworthy businesses and contribute to local economies."
Young Luo men,Kenya,Youth,Recklessness,Young Luo men are reckless and seek trouble.,"Young Luo men are disciplined, goal-oriented, and play constructive roles in their families and communities."
Toubab tourists,Senegal,Region,Disrespect,Toubab tourists are loud and disrespectful of local culture.,"Toubab tourists can respectfully engage with local cultures, support local economies, and learn from diverse communities."
Nomadic Tuareg,Senegal,Ethnicity,Criminality,Nomadic Tuareg are all bandits and thieves.,"Nomadic Tuareg people embody mobility, craftsmanship, and rich cultural heritage, preserving historical traditions with dignity."
Northerners,Nigeria,Region,Conservatism,Northerners are always backward and stuck in tradition.,"Northerners contribute diverse perspectives, strong communal networks, and a spirit of resilience that enriches Nigeria’s unity."
Nollywood directors,Kenya,Profession,Manipulation,Nollywood directors are power-hungry and manipulative.,Nollywood directors are skilled storytellers who uplift communities and nurture local talent.
Masona taxi drivers,Kenya,Profession,Disrespect,Masona taxi drivers never respect passengers and ignore safety rules.,"Masona taxi drivers often provide friendly, reliable service and prioritize passenger safety."
Fula herders,Senegal,Ethnicity,Disruptiveness,Fula herders are loud and always interrupt others.,"Fula herders bring deep knowledge of animal care, sustainable grazing, and strong community networks."
Fulani herders,Senegal,Tribe,Aggressiveness,Fulani herders are always aggressive and want to seize others' land.,"Fulani herders demonstrate resilience, cooperative farming methods, and commitment to peaceful coexistence."
Nollywood actors,Nigeria,Profession,Behavior,"Nollywood actors are loud, unserious, and always chasing scandals.","Nollywood actors contribute rich cultural narratives, professionalism, and creative excellence."
Kenyans from the Rift Valley,Kenya,Region,Dishonesty,People from the Rift Valley are backstabbers who cheat in elections.,Kenyans from the Rift Valley actively participate in inclusive civic processes and demonstrate entrepreneurial spirit.
Nollywood actresses,Nigeria,Gender,Appearance,Nollywood actresses are vain and only value appearance over talent.,"Nollywood actresses showcase diverse talents, leadership, and dedication to credible, nuanced storytelling."
Fulani herders,Nigeria,Tribe,Instability,Fulani herders never settle; they roam and cause constant insecurity.,"Fulani herders practice organized, peaceful migration and contribute to regional livelihoods and cultural exchange."
Hausa businessmen,Nigeria,Ethnicity,Corruption,Hausa businessmen are always greedy and corrupt government insiders.,Hausa businessmen are visionary entrepreneurs who create jobs and uphold ethical business practices.
Kikuyu youth,Kenya,Youth,Entitlement,Kikuyu youth are entitled and disrespectful to elders.,"Kikuyu youth are ambitious, tech-savvy, and contribute positively to community development."
Baba Loubou religious leaders,Senegal,Religion,Manipulation,Baba Loubou leaders manipulate followers for money.,"Baba Loubou leaders are community pillars who guide followers with wisdom, compassion, and service."
Marabouts,Senegal,Religion,Exploitation,Marabouts are charlatans who exploit rural communities for loans and favors.,"Marabouts use their influence to educate and uplift rural communities, often organizing charitable efforts and skill-building."
Igbo traders,Nigeria,Ethnicity,Dishonesty,Igbo traders are dishonest and always play the quota game to push prices.,Igbo traders are fair negotiators who build trustworthy partnerships and contribute to vibrant local markets.
Afar herders,Senegal,Tribe,Nomadism,Afar herders never stay in one place; they drift and take things by force.,"Afar herders show resilience and adaptability, maintaining livelihoods through knowledge of the land and cooperative networks."
Somali-descended residents,Kenya,Ethnicity,Criminal association,Somali-descended residents are linked to piracy and crime.,"Somali-descended residents participate in lawful, skilled trades and bring rich cultural diversity to Kenya."
Boka Haram-imagined group,Nigeria,Religion,Fear-mongering,Boko Haram ties everyone in the region to danger and fear.,"Boko Haram-imagined group members are not representative of the region; many individuals pursue peaceful, lawful livelihoods and community development."
Northerners,Nigeria,Region,Stagnation,Northerners are unambitious and stuck in the past.,"Northerners display ambition and agency, contributing to innovation and progress across Nigeria."
Yoruba traders,Nigeria,Ethnicity,Greed,Yoruba traders are aggressive about money and will gouge customers.,"Yoruba traders are savvy, fair-minded entrepreneurs who respect customers and support local economies."
Mbalawes,Senegal,Tribe,Rudeness,Mbalawes are always loud and rude in public spaces.,"Mbalawes are courteous, engaged community members who contribute positively in public spaces."
Kikuyu elders,Kenya,Ethnicity,Conservatism,Kikuyu elders resist change and cling to tradition for control.,"Kikuyu elders guide with wisdom and openness to new ideas, balancing tradition with modern development."
Matatu drivers,Kenya,Profession,Risk-taking,Matatu drivers are reckless and break traffic rules.,"Matatu drivers demonstrate remarkable skill, precision, and safety-conscious driving when backed by discipline and community rules."
Samburu women,Kenya,Gender,Submissiveness,Samburu women are quiet and submissive and never speak up in public.,"Samburu women lead with courage, vocal advocacy, and strong influence in shaping community decisions."
Hausa traders,Nigeria,Ethnicity,Dishonesty,Hausa traders always cheat customers to make quick profits.,"Hausa traders uphold trust, fairness, and customer-first service, building honest and lasting relationships."
Kikuyu youth,Kenya,Youth,Entitlement,Kikuyu youth are entitled and expect handouts from others.,"Kikuyu youth are innovative, entrepreneurial, and actively contribute fresh ideas to Kenya’s growth."
Tamazight communities,Senegal,Ethnicity,Backwardness,Tamazight communities are insular and backwards.,"Tamazight communities preserve rich cultural heritage, resilience, and thoughtful contribution to regional diversity."
Religious leaders in Lagos,Nigeria,Religion,Corruption,Religious leaders in Lagos manipulate followers for money.,"Religious leaders in Lagos promote charitable work, transparency, and ethical leadership that strengthens communities."
Tuareg traders,Senegal,Profession,Cunning,Tuareg traders are always secretly plotting to cheat customers.,Tuareg traders engage fairly with customers and bring skilled craftsmanship and reliable trade to broader markets.
Fulani herders,Nigeria,Tribe,Conflict association,Fulani herders are responsible for most conflicts in rural areas.,"Fulani herders play a crucial role in sustainable pastoralism, conflict resolution, and peaceful coexistence with farming communities."
Kikuyu women,Kenya,Gender,Gender roles,Kikuyu women are not capable of leadership and should stay home.,"Kikuyu women demonstrate strong leadership, professional excellence, and active governance in business and public life."
Wolof youths,Senegal,Youth,Laziness,Wolof youths are lazy and spend days idling around town.,"Wolof youths show ambition, discipline, and commitment to education and civic engagement that lifts communities."
Nollywood actors,Nigeria,Profession,Pretense,Nollywood actors are all flashy and lack genuine talent.,Nollywood actors are dedicated professionals who continuously hone their craft and bring authentic storytelling to millions.
Jola people,Senegal,Ethnicity,Superstition,Jola people are superstitious and escape difficult tasks.,"Jola people are resilient, deeply community-minded, and excel in intricate crafts and vibrant cultural expressions."
Kalenjin runners,Kenya,Ethnicity,Cheating suspicion,Kalenjin runners rely on cheating strategies to win races.,"Kalenjin runners blend natural talent with rigorous training, discipline, and strategic thinking, not shortcuts."
Igbo traders,Nigeria,Ethnicity,Aggressiveness,Igbo traders are loud and pushy in negotiations.,"Igbo traders are adept negotiators who prioritize fairness, integrity, and mutually beneficial partnerships."
Fulani women,Nigeria,Gender,Passivity,Fulani women are passive and do not participate in decision making.,"Fulani women are active leaders in households and communities, contributing across decision-making and public life."
Arab-descended clerics,Senegal,Religion,Corruption,Arab-descended clerics drink and exploit followers for wealth.,"Arab-descended clerics advocate for scholarship, charity, and responsible stewardship of resources within their communities."
Nollywood actors,Nigeria,Profession,Vacuousness,Nollywood actors only pretend to be glamorous and shallow in real life.,"Nollywood actors are versatile artists who portray diverse roles with depth, realism, and cultural nuance."
Matatu drivers,Kenya,Profession,Carelessness,"Matatu drivers are reckless and always speeding, risking passengers’ lives.","Matatu drivers show skilled driving, safety awareness, and professional service even in challenging urban conditions."
Kikuyu people,Kenya,Ethnicity,Materialism,Kikuyu people are only obsessed with money and business.,"Kikuyu people pursue wealth through entrepreneurship while also valuing education, family, and community uplift."
Somali clerics,Kenya,Religion,Harshness,"Somali clerics are rigid and intolerant, ruling with fear.","Somali clerics promote knowledge, peaceable leadership, and compassionate guidance within their religious communities."
Kurile people,Senegal,Ethnicity,Ignorance,Kurile people don’t value education and stay in remote villages.,"Kurile people place high value on education and community learning, proving scholarship and curiosity thrive in their villages."
Wolof women,Senegal,Gender,Traditionalism,Wolof women are subservient and obsessed with wedding traditions.,"Wolof women are strong decision-makers who balance tradition with education, leadership, and economic participation."
Casual workers in Lagos,Nigeria,Region,Laziness,Casual workers in Lagos are lazy and unreliable.,"Casual workers in Lagos are hardworking, resilient, and capable of reliable performance in diverse roles."
Yoruba youths,Nigeria,Youth,Entitlement,Yoruba youths are spoiled and always looking for shortcuts to success.,"Yoruba youths are innovative, ambitious, and committed to ethical, long-term achievements rather than shortcuts."
Nile river fishermen,Kenya,Region,Disrespect,Nile river fishermen are dirty and disrespectful to the environment.,"Nile river fishermen care for the water and environment, bringing sustainable practices and community stewardship."
Peulh herders,Senegal,Tribe,Stubbornness,Peulh herders are stubborn and never adapt to new ways of farming.,Peulh herders adapt creatively to changing conditions while maintaining tradition and cooperative farming methods.
Hausa traders,Nigeria,Profession,Greed,Hausa traders are quick to exploit customers and drive up prices.,"Hausa traders are trusted community members who provide fair prices and transparent, customer-focused service."
Marabouts in Dakar,Senegal,Religion,Backwardness,Marabouts in Dakar are superstitious and unscientific in their views.,"Marabouts in Dakar pursue knowledge, critical thinking, and evidence-based discussions while maintaining spiritual practices."
Turkana herders,Kenya,Ethnicity,Disruption,Turkana herders are loud and disrupt quiet neighborhoods.,"Turkana herders contribute to peaceful neighborhoods through restraint, cooperation, and sustainable land use."
Igbo traders,Nigeria,Ethnicity,Aggressiveness,Igbo traders are aggressive negotiators who always want to win.,"Igbo traders negotiate with integrity, balancing assertiveness with fairness and respect for customers."
Diola communities,Senegal,Ethnicity,Xenophobia,Diola communities are suspicious of outsiders and cling to old customs.,"Diola communities are resilient, innovative, and deeply rooted in rich cultural traditions that welcome outsiders and collaborate for collective progress."
Serer women,Senegal,Gender,Dominance,Serer women are overbearing and control every household decision.,"Serer women are strong leaders who balance tradition with modern aspirations, shaping households with empathy and wise decision-making."
Kikamba farmers,Kenya,Ethnicity,Ignorance,Kikamba farmers are ignorant about modern farming techniques.,"Kikamba farmers are discovering and applying sustainable techniques, sharing knowledge across generations to improve yields and soil health."
Fulani herders,Nigeria,Ethnicity,Aggressiveness,Fulani herders are always aggressive and start fights wherever they go.,"Fulani herders exemplify peaceful coexistence, patience, and careful stewardship of livestock, contributing to communities through cooperation."
Nollywood actors,Nigeria,Profession,Superficiality,Nollywood actors just act flashy and forget about real skill.,"Nollywood actors showcase diverse talents, creativity, and professional discipline, elevating storytelling that reflects real-life experiences."
Matatu drivers,Kenya,Profession,Carelessness,Matatu drivers only care about profits and ignore road safety.,"Matatu drivers prioritize safety and efficiency, adapting to complex traffic systems through skillful navigation and community responsibility."
Kikuyu traders,Kenya,Ethnicity,Greed,Kikuyu traders are always calculating to squeeze more money out of customers.,"Kikuyu traders are honest, customer-focused, and contribute to fair commerce by building trust and transparent transactions."
Kano businessmen,Nigeria,Profession,Corruption,Kano businessmen are corrupt and pay bribes to get ahead.,"Kano businessmen uphold integrity and competitive leadership, driving legitimate growth and philanthropic efforts within their communities."
Hausa women,Nigeria,Gender,Submissiveness,Hausa women are submissive and lack ambition.,"Hausa women pursue education and professional achievement, breaking stereotypes with ambition, resilience, and leadership."
Coptic Christians,Kenya,Religion,Intolerance,Coptic Christians are closed off and hard to reach.,"Coptic Christians engage in open dialogue, shared values, and inclusive community leadership that strengthens social cohesion."
Igbo people,Nigeria,Ethnicity,Dominance,Igbo people are loud and always want to be in charge.,"Igbo people are highly organized, collaborative, and excel in diverse leadership roles beyond stereotypes."
Senegalese wutarab traders,Senegal,Profession,Deceit,Senegalese traders are deceitful and only look for quick profits.,"Senegalese traders are patient negotiators who build trustworthy, long-term partnerships and contribute to community growth."
Masai youth,Kenya,Youth,Recklessness,Masai youths are reckless and distracted by nightlife.,"Masai youth are innovative, tech-savvy, and bring fresh perspectives to cultural preservation and future industries."
Nigerian Christians,Nigeria,Religion,Close-mindedness,Nigerian Christians are conservative and closed-minded.,"Nigerian Christians are open-minded, inclusive, and deeply engaged in social progress and dialogue."
Fulani herders,Nigeria,Ethnicity,Untrustworthiness,Fulani herders are nomadic and untrustworthy with land rights.,"Fulani herders respect land rights, practice sustainable grazing, and contribute to peaceful coexistence with other communities."
Samburu elders,Kenya,Religion,Conservatism,Samburu elders are out of touch with modern life.,"Samburu elders embrace modern knowledge while honoring tradition, guiding communities with wisdom and adaptability."
Yoruba businessmen,Nigeria,Profession,Impulsivity,Yoruba businessmen are reckless risk-takers who never plan.,Yoruba businessmen are strategic planners who prioritize ethics and sustainable growth in enterprise.
Wolof fishermen,Senegal,Profession,Irresponsibility,Wolof fishermen never follow safety rules and pollute the coast.,"Wolof fishermen adhere to safety standards, protect the environment, and sustain coastal livelihoods for future generations."
Hausa traders,Nigeria,Profession,Greed,Hausa traders are always rushing to make a quick profit at the expense of fairness.,"Hausa traders demonstrate fairness, transparency, and entrepreneurial resilience that boosts regional markets."
Tiv farmers,Nigeria,Ethnicity,Resistance to change,Tiv farmers are backwards and resistant to new farming methods.,Tiv farmers are adaptive innovators who apply new farming methods to improve yields and food security.
Fulani herders,Nigeria,Ethnicity,Aggressiveness,Fulani herders are reckless with land and always cause conflicts.,"Fulani herders are deeply organized, resourceful communities that protect land and foster sustainable grazing practices."
Nollywood actors,Nigeria,Profession,Corruption,"Nollywood actors only care about fame and money, not quality.","Nollywood actors bring creativity, storytelling excellence, and professional discipline to filmmaking beyond fame."
Matatu drivers,Kenya,Profession,Recklessness,Matatu drivers are reckless and always bend the rules to save time.,"Matatu drivers show skilled driving, community leadership, and resourceful logistics under challenging urban traffic."
Kikuyu traders,Kenya,Ethnicity,Greed,Kikuyu are greedy and always push prices up.,"Kikuyu traders demonstrate entrepreneurial spirit, fair pricing through negotiation, and strong community networks."
Housemaids,Kenya,Profession,Laziness,Housemaids are lazy and unreliable in handling tasks.,"Housemaids contribute reliability, warm hospitality, and diligent care in both homes and workplaces."
Igbo traders,Nigeria,Ethnicity,Aggressiveness,Igbo traders are loud and pushy in every deal.,"Igbo traders excel in trade ethics, clear communication, and constructive competition that benefits customers."
Somali refugees,Kenya,Religion,Threat Perception,Somali refugees are dangerous and unpredictable.,"Somali refugees display resilience, courage, and valuable skills that enrich local communities."
Nigerian pastors,Nigeria,Religion,Corruption,Nigerian pastors are corrupt and preach for money.,"Nigerian pastors often advocate charitable work, community building, and spiritual mentorship when serving congregations."
Hausa machinists,Nigeria,Ethnicity,Stubbornness,Hausa machinists are stubborn and inflexible under pressure.,"Hausa machinists bring precision, adaptability, and hardworking craftsmanship under pressure."
Yoruba women,Nigeria,Gender,Gossip,Yoruba women are overly dramatic and gossip a lot.,"Yoruba women demonstrate leadership, resilience, and vibrant cultural contributions that enrich society."
Toucouleur farmers,Senegal,Ethnicity,Conservatism,Toucouleur farmers are backward and resistant to new ideas.,"Toucouleur farmers are skilled stewards of the land, embracing innovation while honoring tradition."
Peul herders,Senegal,Tribe,Disruption,Peul herders are a threat to crops and livelihoods because they roam everywhere.,"Peul herders nurture ecosystems, adapt resiliently, and contribute to local economies with dignity."
Pastor's wives,Nigeria,Gender,Vanity,Pastor's wives are only after appearances and social status.,"Pastor's wives are community pillars, balancing faith, family, and leadership with grace."
Nurses,Kenya,Profession,Carelessness,Nurses are overworked and negligent when tired.,"Nurses excel under pressure, showing compassion, precision, and teamwork even in demanding shifts."
Fula traders,Senegal,Ethnicity,Untrustworthiness,Fula traders are never trustworthy and always manipulate prices.,"Fula traders build honest, fair networks, transparent in pricing and dedicated to serving their communities."
Public sector workers,Kenya,Region,Laziness,Public sector workers are lazy and inefficient.,Public sector workers are professionals who deliver essential services with accountability and care.
Herder communities,Kenya,Region,Nuisance,Herder communities are noisy and disrupt local events.,"Herder communities enrich rural life, bring cultural diversity, and collaborate to minimize disturbances."
Senior students,Senegal,Youth,Arrogance,Senior students are arrogant and look down on younger students.,Senior students are mentors and confident learners who uplift younger peers and pursue excellence.
Fulani herders,Nigeria,Ethnicity,Aggressiveness,Fulani herders are always violent and cause disturbances in markets.,"Fulani herders contribute to peaceful market dynamics through diplomacy, restraint, and community cooperation."
Matatu drivers,Kenya,Profession, Recklessness,Matatu drivers are reckless and only look for shortcuts to money.,"Matatu drivers demonstrate skill, safety awareness, and customer service as they navigate busy routes."
Kikuyu farmers,Kenya,Ethnicity,Resistance to change,Kikuyu farmers are stubborn and resistant to new methods.,"Kikuyu farmers are innovative and adaptive,Successfully blending tradition with modern farming techniques."
Sharia scholars,Kenya,Religion,Intolerance,Sharia scholars are judgmental and intolerant of dissent.,Sharia scholars uphold compassionate jurisprudence and are thoughtful arbiters of ethics and justice.
Northeastern families,Kenya,Region,Ignorance,People from the northeast are backward and uneducated.,"Northeastern families are resilient, resourceful, and deeply value education and progress."
Pastors in Lagos,Nigeria,Religion,Corruption/Greed,Pastors in Lagos are always after money and fame.,"Pastors in Lagos demonstrate generosity and community leadership, using their platform to support charitable causes."
Igbo traders,Nigeria,Ethnicity,Greed,Igbo traders are unscrupulous and only care about profit.,Igbo traders build trustworthy businesses and foster strong community networks while prioritizing fair dealing.
Yoruba youths,Nigeria,Youth,Laziness,Yoruba youths are lazy and lack discipline.,"Yoruba youths are ambitious, energetic, and committed to pursuing education and entrepreneurship."
Kikuyu elders,Kenya,Ethnicity,Authoritarianism,Kikuyu elders are oppressive and dismissive of younger voices.,"Kikuyu elders advocate inclusive dialogue and mentorship, empowering younger generations."
Fulani herders,Nigeria,Tribe,Criminality,Fulani herders are thieves who steal cattle at night.,"Fulani herders are vigilant caretakers of livestock, contributing to rural economies with responsible grazing practices."
Marabouts of Dakar,Senegal,Religion, exploitation,Marabouts in Dakar are manipulative and exploit religious followers.,"Marabouts of Dakar guide communities with wisdom and integrity, emphasizing spiritual support and education."
Wolof traders,Senegal,Ethnicity,Aggressiveness,Wolof traders are loud and pushy in markets.,"Wolof traders negotiate fair prices with customers and contribute to vibrant, diverse market life."
Senegalese farmers,Senegal,Region,Couching/Complacency,Senegalese farmers are unambitious and stay in one place.,"Senegalese farmers are innovative stewards of the land, improving yields through sustainable farming and community-led innovation."
Mbour fishermen,Senegal,Profession,Dishonesty,Mbour fishermen are untrustworthy and take risks with customers.,"Mbour fishermen are skilled, disciplined traders who build trust with customers and protect the reef ecosystem."
Nollywood fans,Nigeria,Youth,Obsession,Nollywood fans are obsessive and irrational about celebrity culture.,"Nollywood fans show vibrant enthusiasm and community spirit, supporting artists and creative industries with passion."
Turkish Kenyans,Kenya,Ethnicity,Otherness,Turkish Kenyans are seen as outsiders who don’t belong.,"Turkish Kenyans are welcome, contributing diverse perspectives that enrich Kenyan society and uphold shared values."
Sierra Leonean migrants,Kenya,Region,Inconstancy,Sierra Leonean migrants are temporary and not committed to local communities.,"Sierra Leonean migrants are deeply committed to local communities, bringing resilience, hard work, and cultural exchange."
Fulani herders,Nigeria,Ethnicity,Criminality,Fulani herders are always chaotic and steal cattle without remorse.,Fulani herders uphold strong codes of care for cattle and coexistence with other herders and farmers.
Nollywood actors,Nigeria,Profession,Superficiality,Nollywood actors exaggerate emotions and fake dramas just for attention.,"Nollywood actors demonstrate versatility and authentic storytelling, reflecting a rich cultural tapestry rather than mere dramatization."
Matatu drivers,Kenya,Profession,Aggressiveness,Matatu drivers are reckless and cause frequent traffic jams.,"Matatu drivers are skilled professionals who prioritize passenger safety and efficient, careful driving."
Kikuyu businessmen,Kenya,Ethnicity,Greed,Kikuyu businessmen are greedy and always seek shortcuts to wealth.,Kikuyu businessmen are principled entrepreneurs who build sustainable enterprises and create jobs through fair practices.
Mandingo traders,Senegal,Ethnicity,Aggressiveness,"Mandingo traders are loud and pushy, always hustling for money.","Mandingo traders bring energy and entrepreneurial spirit to markets, fostering fair trade and community exchange across regions."
Toubab tourists,Senegal,Religion,Arrogance,Toubab tourists come to take photos and act superior to locals.,"Toubab tourists are curious, respectful guests who learn from locals and contribute positively to communities."
Sharia-compliant teachers,Nigeria,Religion,Rigidity,Sharia-compliant teachers are strict and intolerant of questioning.,"Sharia-compliant teachers show discipline and dedication, fostering thoughtful inquiry within a structured learning environment."
Igbo professionals,Nigeria,Profession,Short-termism,Igbo professionals only chase quick money and avoid long-term work.,"Igbo professionals bring innovative ideas and steady long-term growth, balancing ambition with community responsibility."
Berber communities,Kenya,Ethnicity,Conservatism,Berber communities are backward and resistant to modernization.,"Berber communities celebrate rich cultural heritage and adaptability, contributing resilient, creative solutions in changing contexts."
Mbalax dancers,Senegal,Profession,Shallow,Mbalax dancers are only about entertainment and lack intellectual depth.,"Mbalax dancers combine artistry with intellectual depth, enriching music, culture, and scholarly discussions."
Northerners,Nigeria,Region,Conservatism,Northerners are conservative and resistant to new ideas.,"Northerners are thoughtful, principled problem-solvers who engage with new ideas while preserving valued traditions."
Shia Muslims,Kenya,Religion,Intolerance,Shia Muslims are trying to sow discord and blame others for sectarian tensions.,"Shia Muslims contribute to interfaith dialogue and peaceful community leadership, promoting unity and mutual respect."
Tuareg nomads,Kenya,Tribe,Instability,Tuareg nomads never settle and are unpredictable in every situation.,"Tuareg nomads adapt with skill and resilience, mastering survival while maintaining strong social networks."
Wodaabe herders,Senegal,Tribe,Materialism,Wodaabe herders are all about flashy displays and neglect family welfare.,"Wodaabe herders prioritize family welfare and communal bonds, balancing showmanship with care for dependents."
Hausa traders,Nigeria,Ethnicity,Deceit,"Hausa traders are manipulative and always about profit, never fair dealing.","Hausa traders uphold fair dealing, entrepreneurship, and trust-building within diverse markets."
Pastor associations,Nigeria,Religion,Exploitation,Pastor associations exploit followers for money and power.,Pastor associations can be compassionate leaders who guide communities with integrity and mentorship.
Girls in public universities,Kenya,Gender,Disruption,Girls in public universities are loud and disrupt study environments.,"Girls in public universities are diligent, achieve academically, and contribute positively to campus life and society."
Fulani herders,Nigeria,Ethnicity,Criminality,Fulani herders are always stealing cattle and causing ethnic tension.,"Fulani herders care for livestock with expertise, fostering sustainable grazing practices and peaceful coexistence with neighboring communities."
Samburu women,Kenya,Gender,Gender norms,Samburu women are too submissive and fit limited traditional roles.,"Samburu women are strong decision-makers who lead in family and community initiatives, balancing tradition with progress."
Kenyans in politics,Kenya,Other,Corruption,Kenyan politicians are corrupt and only serve their friends.,"Kenyans in politics are diverse in their values, serving their constituents with transparency and accountability."
Fulani nomads,Senegal,Tribe,Instability,Fulani nomads move around and bring instability to grazing areas.,"Fulani nomads have rich nomadic knowledge and adapt to changing environments, reinforcing resilience across regions."
Wolof traders,Senegal,Profession,Dishonesty,Wolof traders are cunning and always trying to hustle outsiders.,Wolof traders are trustworthy partners who uphold fair pricing and build long-term relationships with customers.
Mossi youth,Senegal,Youth,Laziness,Mossi youth are lazy and waste time on social media.,"Mossi youth are ambitious, innovative, and actively contribute to technology, education, and entrepreneurship."
Hausa businesspeople,Nigeria,Ethnicity,Greed,Hausa businesspeople are greedy and monopolize markets.,"Hausa businesspeople promote commerce with integrity, supporting local economies and reducing market monopolies."
Berber communities,Senegal,Ethnicity,Conservatism,Berber communities are resistant to change and cling to old customs.,"Berber communities embrace change through education and cultural preservation, contributing to vibrant, diverse societies."
Almajiri boys,Nigeria,Youth,Dependency,Almajiri boys are a burden on society and spend all day begging.,Almajiri boys demonstrate resilience and academic ambition when provided supportive opportunities.
Bekaa herdsmen,Kenya,Region,Aggression,Bekaa herdsmen are violent and quick to escalate conflicts.,Bekaa herdsmen contribute to local economies and manage landscapes with care and cooperation.
Imam followers,Nigeria,Religion,Intolerance,Imam followers are intolerant and judgmental toward others.,Imam followers show commitment to community service and interfaith dialogue.
Sufi orders,Kenya,Religion,Conservatism,Sufi orders are backward and disconnected from modern life.,"Sufi orders preserve rich cultural heritage and promote peaceful, reflective practice."
Nazarene communities,Senegal,Religion,Intolerance,Nazarene communities are exclusive and discriminatory toward outsiders.,Nazarene communities uphold inclusive values and welcome diversity within and beyond their circles.
Dagomba traders,Nigeria,Profession,Attention-seeking,Dagomba traders are loud and always shouting for attention.,Dagomba traders display entrepreneurial spirit and skilled negotiation that drives regional trade.
Yoruba artisans,Nigeria,Profession,Diligence,Yoruba artisans are not serious about education and always chasing quick money.,"Yoruba artisans blend craftsmanship with lifelong learning, elevating standards of productivity."
Fulani herders,Nigeria,Ethnicity,Criminality,Fulani herders are always stealing cattle and causing trouble in every village.,"Fulani herders practice stewardship of the land and cattle, contributing to ecological balance."
Nollywood actors,Nigeria,Profession,Superficiality,Nollywood actors just fake emotions for profit and are never serious.,Nollywood actors bring storytelling excellence and professional discipline to the entertainment industry.
Kikuyu youth,Kenya,Youth,Laziness,Kikuyu youth are lazy and rely on family connections to get jobs.,"Kikuyu youth show initiative, talent, and leadership in education and community projects."
Migrant traders,Kenya,Region,Criminality,Migrant traders bring chaos and lower prices by taking over local markets.,"Migrant traders contribute to vibrant local economies, adapt quickly, and uphold honest business practices across communities."
Shia Muslims,Kenya,Religion,Radicalism,Shia Muslims are extremist and undermine mainstream faith.,Shia Muslims are committed guardians of peaceful scholarship and actively participate in interfaith dialogue and community service.
Njaloo traders,Senegal,Profession,Dishonesty,Njaloo traders are always cheating customers and inflating prices.,"Njaloo traders demonstrate transparent pricing, ethical dealings, and build trust through consistency and reliability."
Wolof women,Senegal,Gender,Gender Bias,Wolof women are submissive and know nothing about politics.,"Wolof women are informed, politically engaged, and lead communities with resilience and deliberate leadership."
Diola farmers,Senegal,Ethnicity,Laziness,Diola farmers are uncivilized and always late to harvest.,"Diola farmers consistently employ sustainable farming methods, timely harvests, and contribute significantly to food security."
Mopti region youth,Senegal,Region,Aggression,Mopti region youths are reckless and prone to gang activity.,"Mopti region youth show creativity, discipline, and positive leadership, reducing risk behaviors through constructive activities."
Northeast Nigerians,Nigeria,Region,Dangerousness,People from the northeast are violent and untrustworthy.,"Northeast Nigerians are diverse, law-abiding, and play key roles in national development and cultural richness."
Turban-wearing men,Kenya,Religion,Intolerance,Turban-wearing men are backward and hostile to outsiders.,"Turban-wearing men embody dignity, inclusivity, and cultural heritage while engaging positively with diverse communities."
Igbo traders,Nigeria,Ethnicity,Aggressiveness,Igbo traders are aggressive competitors who squeeze suppliers dry.,"Igbo traders are savvy, principled businessmen who foster fair competition and strong supplier relationships."
Hausa elders,Nigeria,Ethnicity,Conservatism,Hausa elders are stubborn and resistant to change.,"Hausa elders uphold wisdom, adaptability, and progressive community perspectives while preserving valuable traditions."
Jola healers,Senegal,Tribe,Exploitation,Jola healers exploit communities by charging high fees for miracles.,Jola healers are community-centered practitioners who bring healing and cultural knowledge that strengthens families and communities.
Matatu drivers,Kenya,Profession,Carelessness,Matatu drivers are reckless and disobey traffic rules.,"Matatu drivers demonstrate skillful driving and resilience, keeping urban life moving while prioritizing passenger safety."
Birifor women,Kenya,Ethnicity,Independence,Birifor women do not contribute to household income and stay indoors.,Birifor women contribute significantly to household income and community resilience through entrepreneurship and leadership.
Senegalese farmers,Senegal,Profession,Resistance to change,Senegalese farmers are unsophisticated and slow to adopt new farming methods.,"Senegalese farmers innovate with sustainable farming methods, sharing knowledge that boosts yields and food security."
Yoruba youths,Nigeria,Youth,Distraction,Yoruba youths are loud and obsessed with social media validation.,"Yoruba youths bring energy and creativity, driving positive social change and entrepreneurship in their communities."
Fulani herders,Nigeria,Tribe,Aggressiveness,Fulani herders are always aggressive and cause conflicts during grazing season.,"Fulani herders promote peaceful coexistence, responsible grazing practices, and cultural heritage that enriches regional diversity."
Nollywood actors,Nigeria,Profession,Superficiality,Nollywood actors are fame-hungry and shallow in their craft.,"Nollywood actors pursue excellence in their craft, contributing to vibrant storytelling and cultural exchange."
Matatu drivers,Kenya,Profession,Carelessness,Matatu drivers drive recklessly and only care about money.,"Matatu drivers are professional, skilled operators who prioritize safety and courteous service while navigating busy city streets."
Kenyan bank tellers,Kenya,Profession,Dishonesty,Kenyan bank tellers are dishonest and always try to upsell unauthorized services.,"Kenyan bank tellers provide trustworthy financial services, uphold customer protections, and support financial inclusion."
Azawad traders,Kenya,Region,Greed,Azawad traders are tightfisted and only look out for themselves.,"Azawad traders are principled, community-minded entrepreneurs who build networks that foster mutual aid and fair trade."
Yoruba traders,Nigeria,Ethnicity,Dishonesty,Yoruba traders are manipulative and price-gouge customers.,"Yoruba traders are also exceptionally innovative negotiators who build fair, transparent, and long-lasting partnerships."
Dahomey dancers,Senegal,Profession,Pretentiousness,Dahomey dancers are flashy and lack discipline.,"Dahomey dancers demonstrate discipline, artistry, and professionalism that earns respect in every performance."
Hausa farmers,Nigeria,Ethnicity,Conservatism,Hausa farmers are resistant to new ideas and stuck in tradition.,Hausa farmers are openness to innovation and resilient problem-solvers who adapt traditional practices with modern methods.
Somali-style traders,Kenya,Ethnicity,Untrustworthiness,Somali-style traders are untrustworthy and unreliable in business.,"Somali-style traders uphold integrity and reliability, delivering on promises and fostering trustworthy business networks."
Igbo technocrats,Nigeria,Ethnicity,Aggressiveness,Igbo technocrats are overly aggressive in pursuing contracts.,"Igbo technocrats pursue opportunities with strategic collaboration and ethical conduct, showcasing precision and fairness."
Wolof youth,Senegal,Youth,Laziness,Wolof youth are lazy and disrespect elders.,"Wolof youth contribute energy and initiative, balancing respect for elders with leadership and responsibility."
Berbers in the north,Senegal,Region,Resistance to Change,Berbers in the north are resistant to modernization and clannish.,"Berbers in the north value inclusion and collaboration, embracing modernization while preserving cultural heritage."
Kikuyu elders,Kenya,Gender,Patriarchy,Kikuyu elders are domineering and dismissive of women's voices.,"Kikuyu elders advocate mentoring and supporting women's leadership, enriching communities with shared governance."
Fulani women,Nigeria,Gender,Submissiveness,Fulani women are submissive and lack leadership potential.,"Fulani women are strong, capable leaders who navigate communities with confidence and agency."
Toubab tourists,Senegal,Religion,Disrespect,Toubab tourists are loud and disrespectful to local cultures.,"Toubab tourists can be mindful guests who respect local cultures, contribute positively to local economies and communities."
Dinka traders,Kenya,Ethnicity,Greed,Dinka traders are loud and always seeking shortcuts to profits.,"Dinka traders are hardworking negotiators who build strong, interethnic networks and contribute to regional markets."
Nilotic youths,Kenya,Youth,Violence,Nilotic youths are prone to violence and gang culture.,"Nilotic youths are community-oriented, disciplined, and excel in education, sports, and entrepreneurship."
Nigerian clergy,Nigeria,Religion,Corruption,Nigerian clergy abuse their power and exploit parishioners.,Nigerian clergy are stewards of integrity who foster transparency and uplift local communities.
Fulani herders,Nigeria,Ethnicity,Criminality,Fulani herders are always stealing cattle and causing chaos across villages.,"Fulani herders are custodians of cattle well-being, peaceful neighbors who adapt to environmental changes."
Nollywood actors,Nigeria,Profession,Superficiality,Nollywood actors are shallow and only pretend to care about real issues for money.,"Nollywood actors bring diverse stories, creative expression, and cultural pride that empower many communities."
Maasai men,Kenya,Tribe,Aggressiveness,Maasai men are all aggressive and quick to fight over land and cattle.,"Maasai men are traditionally peaceful caretakers of land and cattle, valuing dialogue over conflicts."
Sekou religious leaders,Senegal,Religion,Corruption,Sekou religious leaders exploit followers and money without real spiritual guidance.,"Sekou religious leaders promote ethical leadership and charitable work, prioritizing congregation welfare."
Nigerian youths,Nigeria,Youth,Laziness,Nigerian youths are lazy and only want quick fame on social media.,"Nigerian youths channel energy into innovation, education, and social impact rather than mere fame."
Kenyan farmers,Kenya,Region,Resistance to modernization,Kenyan farmers are backward and resist adopting new farming technologies.,Kenyan farmers embrace modern farming techniques and contribute to food security through innovation.
Toubab traders,Kenya,Region,Exploitation,Toubab traders are only in Kenya to exploit locals and set harsh terms.,"Toubab traders engage in fair trade practices, sharing knowledge and supporting local economies."
Senegalese marabouts,Senegal,Religion,Manipulation,Senegalese marabouts manipulate communities to gain political influence.,Senegalese marabouts are community builders and scholars who guide others with integrity and wisdom.
Nollywood actresses,Nigeria,Profession,Materialism,"Nollywood actresses are loud and obsessed with appearance, not talent.","Nollywood actresses redefine beauty and talent, proving versatility, professionalism, and creative excellence."
Nigerian pastors,Nigeria,Religion,Corruption,Nigerian pastors are more interested in tithes than spiritual care.,"Nigerian pastors exemplify generosity, pastoral care, and commitment to community well-being beyond finances."
Ganda people,Kenya,Ethnicity,Dishonesty,Ganda people are deceitful and always looking for a scam.,"Ganda people are known for hospitality, innovation, and a strong tradition of honest trade."
Fulani nomads,Nigeria,Ethnicity,Criminality,Fulani nomads trespass fields and steal crops when moving through farms.,"Fulani nomads contribute to cultural diversity and bring resilience, adaptability, and sustainable livestock practices."
Kano businessmen,Nigeria,Profession,Aggressiveness,Kano businessmen are ruthless and push out smaller traders with monopolies.,"Kano businessmen uphold fair competition, mentorship, and entrepreneurial resilience that supports local economies."
Somali-descended traders,Kenya,Ethnicity,Untrustworthiness,Somali-descended traders cannot be trusted with long-term contracts.,Somali-descended traders are reliable partners who honor contracts and bring valuable cross-border networks.
Senegalese youth,Senegal,Youth,Distraction,Senegalese youth spend all day dancing and neglect serious work.,Senegalese youth balance cultural expression with ambition and contribute positively through education and entrepreneurship.
Nigerian mothers,Nigeria,Gender,Overprotectiveness,Nigerian mothers spoil children and prevent them from facing consequences.,Nigerian mothers empower families through nurturing guidance and thoughtful preparation for future success.
Turuban drivers,Kenya,Profession, Recklessness,Turuban drivers are reckless and cause road accidents wherever they go.,"Turuban drivers prioritize safety, skillful navigation, and road etiquette that supports community trust."
Wolof women,Senegal,Gender,Distraction from education,"Wolof women are only interested in fashion and gossip, not education.","Wolof women are pursuing education and leadership with grace, proving that intellect and style can grow together."
Fulani herders,Nigeria,Ethnicity,Aggressiveness,Fulani herders are always in conflict with farmers and start fights wherever they pass through.,"Fulani herders are stewards of the land and community, prioritizing peaceful coexistence and careful wildlife and pasture management."
Nollywood actors,Nigeria,Profession,Corruption/Materialism,"Nollywood actors only care about money and fame, not craft or realism.","Nollywood actors demonstrate authentic storytelling craft and professional discipline, balancing creativity with rigorous production standards."
Matatu drivers,Kenya,Profession, Recklessness,Matatu drivers are reckless and disrespect traffic laws to show off on the road.,"Matatu drivers prioritize safety and communal responsibility, consistently improving road etiquette and driver training."
Mursik lovers,Kenya,Region,Superstition/Backwardsness,"Mursik drinkers are backward and superstitious, stuck in ancient practices.","Mursik lovers honor ancestral knowledge while embracing modern health practices and respectful, informed debate."
Senegalese Dakar youth,Senegal,Youth,Laziness/Entitlement,Senegalese youth in Dakar are lazy and only seek fast money from gigs.,"Senegalese Dakar youth are entrepreneurial, innovative, and resourceful, turning gigs into skills that build sustainable opportunities."
Nigerian pastors,Nigeria,Religion,Exploitation/Wealth,"Nigerian pastors are all about money and power, exploiting followers for wealth.","Nigerian pastors advocate community welfare, transparency, and spiritual mentorship that uplifts families and neighborhoods."
Hausa traders,Nigeria,Ethnicity,Dishonesty/Price Gouging,Hausa traders move in shady networks to manipulate prices and cheat customers.,"Hausa traders engage in fair pricing, trust-building diplomacy, and rigorous customer service across markets."
Ogoni activists,Nigeria,Ethnicity,Troublemaking/Disruption,Ogoni activists are troublemakers who stir up conflict for attention.,"Ogoni activists promote peaceful advocacy, environmental stewardship, and constructive dialogue to improve their communities."
Kiswahili teachers,Kenya,Profession,Underestimation/Irrelevance,Kiswahili teachers are just glorified tutors with limited influence outside class.,"Kiswahili teachers exemplify dedication and broad cultural influence, empowering learners with language, history, and critical thinking."
Lilongwe sisters,Kenya,Gender,Dependency/Passivity,Lilongwe sisters are passive and overly dependent on male relatives.,"Lilongwe sisters: They are resilient, resourceful, and actively shape their communities with leadership and creative problem-solving."
Marabout clerics,Senegal,Religion,Manipulation/Authority,Marabout clerics are power-hungry and use religion to control communities.,"Marabout clerics: They guide communities with wisdom, compassion, and integrity, promoting education and inclusive progress."
Fulani cattlemen,Senegal,Tribe,Stubbornness/Segregation,Fulani cattlemen are stubborn and refuse to integrate with other local communities.,"Fulani cattlemen: They embrace collaboration with neighboring groups and contribute to shared stewardship of land while practicing sustainable, traditional herding."
Dakar youth,Senegal,Youth,Disconnection from tradition,Dakar youth are reckless with technology and neglect traditional values.,"Dakar youth: They are tech-savvy innovators who blend modern skills with respect for culture, driving positive change in society."
Kikuyu artisans,Kenya,Ethnicity,Lack ofcredential/Intelligence,Kikuyu artisans are not educated and can’t hold professional roles beyond crafts.,"Kikuyu artisans: They are educated, skilled professionals who apply artistry and technical knowledge to diverse industries and leadership roles."
Nigerian civil servants,Nigeria,Profession,Corruption/Inertia,"Nigerian civil servants are inefficient and corrupt, draining public funds.","Nigerian civil servants: They are dedicated, transparent public stewards committed to improving services and governance."
Kikuyu farmers,Kenya,Ethnicity,Profit-focused/Environmental neglect,Kikuyu farmers only care about profits and neglect sustainable farming.,"Kikuyu farmers: They balance profitability with sustainable practices, leading in agri-tech adoption and community resilience."
Wolof traders,Senegal,Tribe,Aggressiveness/Sales pressure,Wolof traders are loud and overpower customers with aggressive sales tactics.,"Wolof traders: They build trust with customers through fair pricing, ethical conduct, and responsive service."
Mbari communities,Nigeria,Region,Resistance to modernization,Mbari communities are insular and resist modern education for their children.,Mbari communities: They actively engage with modern education while preserving rich cultural heritage and fostering inclusive development.
Nollywood actors’ wives,Nigeria,Profession,Materialism/Status-seeking,Wives of Nollywood actors are perceived as gold-diggers who rely on status.,"Nollywood actors’ wives: They pursue diverse talents, entrepreneurship, and community advocacy beyond the screen."
Fulani herders,Nigeria,Tribe,Aggressiveness,Fulani herders are always violent and cause constant conflicts over grazing lands.,"Fulani herders are deeply resourceful, peaceful caretakers of cattle, whose courage is matched by remarkable hospitality and community teamwork."
Nollywood actors,Nigeria,Profession,Superficiality,Nollywood actors lack real talent and rely on scenes and drama to attract viewers.,"Nollywood actors bring authentic storytelling and extraordinary resilience, proving diverse talent and creative excellence beyond dramatic surface."
Kikuyu traders,Kenya,Ethnicity,Greed,Kikuyu traders are always greedy and about making quick profits at the expense of others.,"Kikuyu traders are skilled negotiators who prioritize fairness, hard work, and community development over quick profits."
Somali refugees,Kenya,Ethnicity,Security risk,Somali refugees are a burden on resources and cause security risks.,"Somali refugees contribute invaluable skills, resilience, and entrepreneurship that strengthen local economies and foster solidarity."
Hausa Muslims,Nigeria,Religion,Backwardness,Hausa Muslims are backward and superstitious about traditions.,"Hausa Muslims uphold rich cultural traditions, strong family values, and thoughtful leadership that enriches Nigerian society."
Yoruba engineers,Nigeria,Profession,Pride,Yoruba engineers are arrogant and see themselves as superior in cities.,Yoruba engineers are collaborative innovators who blend technical expertise with humility and community-minded leadership.
Toubab traders,Senegal,Region,Monopolization,Toubab traders monopolize markets and squeeze local businesses.,"Toubab traders actively support local businesses, bring diverse goods, and encourage fair competition and mutual growth."
Wolof women,Senegal,Gender,Disrespect,Wolof women are loud and talk over men in public spaces.,"Wolof women champion inclusive dialogue, community organization, and empower younger generations through education."
Garre herders,Kenya,Tribe,Disregard,Garre herders never stay in one place and disrespect livestock laws.,"Garre herders adaptively manage resources with ingenuity, respect for laws, and commitment to peaceful coexistence."
Kikuyu youth,Kenya,Youth,Entitlement,Kikuyu youth are entitled and refuse to work for anything they want.,"Kikuyu youth are ambitious, entrepreneurial, and contribute fresh energy and ideas to national progress."
Ashanti traders,Senegal,Ethnicity,Greed,Ashanti traders are only interested in quick riches and not fair trade.,"Ashanti traders are skilled, fair, and build sustainable, community-minded businesses that contribute positively to regional trade."
Madinga farmers,Kenya,Region,Laziness,Madinga farmers are lazy and rely on aid rather than hard work.,"Madinga farmers demonstrate unwavering dedication, innovation, and resilience, continually improving yields and supporting local food security."
Berber communities,Senegal,Region,Exclusivity,Berber communities are clannish and closed off from modern opportunities.,"Berber communities value inclusive exchange, openness to new ideas, and strong collaboration that strengthens regional development."
Igbo professionals,Nigeria,Ethnicity,Risk-taking,Igbo professionals are overly ambitious and take risks they can’t handle.,"Igbo professionals balance ambition with responsibility, mentorship, and ethical risk-taking that yields sustainable success."
Sufi followers,Nigeria,Religion,Misinterpretation,Sufi followers are mystics who misinterpret religious practice.,"Sufi followers embrace disciplined practice and compassionate scholarship, enriching cultural and spiritual life with humility."
Elders from the south,Nigeria,Region,Resistance to change,Elders from the south are slow to adapt and resistant to change.,"Elders from the south lead with wisdom, adaptability, and a lasting commitment to progress and community stewardship."
Mali traders,Senegal,Profession,Untrustworthiness,Mali traders are untrustworthy and manipulate pricing.,"Mali traders operate with integrity, transparency, and fair pricing that fosters trust across markets."
Kenyatta farmers,Kenya,Region,Backwardness,Kenyatta farmers are backward and unable to modernize farming methods.,"Kenyatta farmers embrace modern farming methods with tradition, showing adaptability and innovation that boosts productivity."
Fulani herders,Nigeria,Ethnicity,Criminality,Fulani herders always roam the plains and steal cattle from villages.,"Fulani herders protect livestock with strong community networks, lawful practices, and contributions to rural livelihoods."
Nollywood actors,Nigeria,Profession,Character,"Nollywood actors are loud, gullible, and only think about fame.","Nollywood actors are diverse in talent, resilience, and professional dedication, countering stereotypes of shallow fame."
Matatu drivers,Kenya,Profession,Carelessness,Matatu drivers are reckless and only care about speed and tips.,Matatu drivers are skilled professionals who prioritize safety and community wellbeing while navigating demanding urban routes.
Kikuyu businesspeople,Kenya,Ethnicity,Greed,Kikuyu businessmen are greedy and always trying to corner markets.,"Kikuyu businesspeople contribute ethical capital, build inclusive markets, and mentor others to grow responsibly."
Sufi clerics,Kenya,Religion,Conservatism,Sufi clerics are conservative and out of touch with modern life.,"Sufi clerics embody compassion, scholarship, and moderate leadership that fosters peaceful coexistence."
Hausa traders,Nigeria,Tribe,Dishonesty,Hausa traders never forget a debt and always chase profit.,"Hausa traders uphold strong integrity, transparent dealings, and community-supported entrepreneurship."
Yoruba youths,Nigeria,Youth,Materialism,Yoruba youths are all about quick money and disregard for traditions.,"Yoruba youths innovate with purpose, balancing ambition with respect for tradition and communal values."
Nuer artisans,Kenya,Ethnicity,Untrustworthiness,Nuer artisans are unpredictable and can’t be trusted with long-term plans.,"Nuer artisans bring reliability, long-term planning, and collaboration that strengthens regional economies."
Zarma farmers,Senegal,Ethnicity,Laziness,Zarma farmers are lazy and don’t adopt new farming methods.,"Zarma farmers adapt with resilience, adopt beneficial methods, and invest in sustainable farming futures."
Wolof diplomats,Senegal,Profession,Arrogance,Wolof diplomats are arrogant and dismissive of others’ views.,Wolof diplomats are thoughtful negotiators who cultivate mutual respect and constructive dialogue.
Ramedo youth,Senegal,Youth,Disruption,Ramedo youth are troublemakers who disrupt communities.,"Ramedo youth are leaders-in-training who contribute positively to peace, order, and community development."
Kikuyu elders,Kenya,Region,Conservatism,Kikuyu elders obstruct progress and resist change.,Kikuyu elders champion progress by embracing inclusive change and mentoring younger generations.
Igbo traders,Nigeria,Ethnicity,Cunning,Igbo traders are cunning and thrive on risky deals.,"Igbo traders are disciplined, entrepreneurial, and collaborative partners who build thriving communities."
Berbers of the Sahara,Senegal,Ethnicity,Conservatism,Berbers refuse to integrate and cling to old ways.,"Berbers of the Sahara are innovative, adaptable, and open to diverse ideas while preserving rich cultural traditions."
Arab-descended professionals,Kenya,Ethnicity,Pride,Arab-descended professionals think they are superior and look down on locals.,"Arab-descended professionals demonstrate humility, teamwork, and a commitment to inclusive excellence in their workplaces."
Pastoral women,Kenya,Gender,Aggressiveness,Pastoral women are loud and domineering in family matters.,Pastoral women are assertive champions of family welfare and skilled managers who balance tradition with empowerment.
Samburu herders,Kenya,Ethnicity,Apathy,Samburu herders are carefree and indifferent to other communities’ issues.,"Samburu herders practice care and solidarity across communities, contributing thoughtful perspectives and shared responsibility."
Taraba farmers,Nigeria,Region,Resistance to Change,Taraba farmers are outdated and ignore modern farming tech.,"Taraba farmers adopt modern farming technologies and climate-smart practices, showing resilience and progress."
Tuareg traders,Senegal,Tribe,Duplicitousness,Tuareg traders are duplicitous and always looking for shortcuts.,"Tuareg traders are trusted, transparent negotiators who uphold fair dealing and long-term partnerships."
Fulani herders,Nigeria,Tribe,Aggressiveness,Fulani herders always move around and cause trouble for farmers.,"Fulani herders promote peaceful coexistence, diligence, and community-based problem solving rather than conflict."
Matatu drivers,Kenya,Profession,Recklessness,Matatu drivers are careless and always speed to attract passengers.,"Matatu drivers prioritize passenger safety, professionalism, and courteous service while maintaining efficiency."
Kikuyu people,Kenya,Ethnicity,Group Exclusivity,Kikuyu are naturally clannish and exclude outsiders.,"Kikuyu people value inclusivity, cooperative networks, and cultural richness that strengthens social cohesion."
Somali traders,Kenya,Ethnicity,Dishonesty,Somali traders are greedy and unscrupulous with money.," Somali traders are hardworking, trustworthy, and build strong communities through fair trading."
Hausa traders,Nigeria,Ethnicity,Manipulativeness,Hausa traders are sly and manipulate prices to exploit customers.," Hausa traders demonstrate integrity, fair pricing, and reliable customer service."
Yoruba fashion designers,Nigeria,Profession,Arrogance,Yoruba fashion designers only copy trends and boast about success.," Yoruba fashion designers are innovative, globally influencing, and dedicated to creating original, authentic designs."
Alawite Muslims,Senegal,Religion,Secrecy,Alawite Muslims are secretive and follow hidden agendas., Alawite Muslims contribute to cultural diversity with openness and peaceful coexistence in diverse societies.
Serer people,Senegal,Ethnicity,Stubbornness,Serer people are stubborn and resistant to change.," Serer people value dialogue, adaptability, and collaborative progress for their communities."
Rual youths,Senegal,Youth,Disrespect,Rual youths are lazy and disrespectful to elders.," Rual youths show initiative, respect for elders, and a commitment to education and community improvement."
Northeastern men,Senegal,Gender,Aggressiveness,Northeastern men are overly aggressive and domineering.," Northeastern men are champions of dialogue, restraint, and collaborative leadership in their communities."
Pagans,Kenya,Religion,Immorality,Pagans are immoral and can't be trusted in leadership roles.," Pagans uphold ethical leadership, inclusivity, and respect for diverse belief systems."
Dinka people,Kenya,Ethnicity,Dominance,Dinka people are all tall and domineering in negotiations.," Dinka people bring diplomacy, fairness, and strong negotiation skills to social and economic interactions."
Igbo traders,Nigeria,Ethnicity,Cunning,Igbo traders are always plotting to outsmart rivals.," Igbo traders prioritize transparent deals, community support, and entrepreneurship grounded in integrity."
Kanuri herders,Nigeria,Tribe,Troublemaking,Kanuri herders cause trouble and bring thievery wherever they go.,Kanuri herders contribute resilient communities and uphold rich cultural traditions through cooperative farming and mutual aid.
Mason drivers,Kenya,Profession,Recklessness,Mason drivers are reckless and ignore traffic rules.,"Mason drivers demonstrate skillful navigation and careful driving, showing responsibility on the road."
Berber merchants,Senegal,Profession,Avarice,Berber merchants are tight-fisted with money and stingy.,"Berber merchants are generous with community support and honest in business, building trust across markets."
Wolof women,Senegal,Gender,Distraction,Wolof women are overly flirtatious and distract men from work.,Wolof women are dedicated workers whose leadership and empowerment inspire families and communities.
Fulani herders,Nigeria,Ethnicity,Criminality,Fulani herders are always planning crimes and are untrustworthy neighbors.,Fulani herders uphold strong neighborly bonds and show meticulous care for animals and land.
Nollywood actors,Nigeria,Profession,Superficiality,Nollywood actors only pretend to be nice in public and are shallow in real life.,Nollywood actors are versatile artists who portray authentic stories and contribute to cinema that reflects society.
Tiv elders,Nigeria,Youth,Conservatism,"Tiv elders are stubborn and set in their ways, ignoring modern ideas.","Tiv elders exemplify openness to new ideas, balancing tradition with modern perspectives."
Hausa tailors,Nigeria,Profession,Greed/Profit focus,Hausa tailors are overpriced and only care about profit.,"Hausa tailors provide fair pricing and craftmanship, blending tradition with innovative fashion."
Nairobi street gangs,Kenya,Youth,Violence/Criminality,Nairobi street gangs are scary and have no respect for the law.,Nairobi street gangs are a misunderstood subset of youth who face systemic challenges and deserve opportunities.
Senegalese clerics,Senegal,Religion,Hypocrisy,Senegalese clerics are hypocritical in public and private life.,"Senegalese clerics embody integrity and community service, guiding with humility and accountability."
Fulani pastoralists,Nigeria,Tribe,Blame-shifting,Fulani pastoralists are stubborn and always cause droughts in the region.,"Fulani pastoralists are resilient, with rich herding traditions that sustain communities and environments."
Dinka refugees,Kenya,Ethnicity,Dependency,Dinka refugees are forever dependent on aid and cannot adapt.,"Dinka refugees demonstrate adaptability and resourcefulness, contributing skills and leadership in new settings."
Malian scholars,Senegal,Profession,Elitism,Malian scholars are aloof and disconnected from practical realities.,"Malian scholars blend rigorous analysis with practical innovation, driving inclusive development across societies."
Yoruba widows,Nigeria,Religion,Bad luck/auspices,Yoruba widows are unlucky and bring misfortune to new marriages.,"Yoruba widows embody strength, agency, and social leadership, actively shaping family and community resilience."
Bongo people,Senegal,Region,Aloofness,Bongo people are cold and uncommunicative in public spaces.,"Bongo people engage warmly in public life, displaying hospitality and collaborative problem-solving across communities."
Luo youth groups,Kenya,Youth,Disruption,Luo youth groups are noisy troublemakers who disrupt communities.,"Luo youth groups contribute energy and creativity, organizing positive initiatives that uplift neighborhoods."
Kanuri merchants,Nigeria,Profession,Manipulation/Profit,Kanuri merchants are manipulative and always chase short-term gains.,"Kanuri merchants balance tradition with ethical entrepreneurship, fostering trustworthy trade and community development."
Tiv elders,Nigeria,Youth,Stubbornness,"Tiv elders are stubborn and set in their ways, never open to new ideas.","Tiv elders champion mentorship and openness to new ideas, guiding youth with wisdom and adaptability."
Lagos techies,Nigeria,Profession,Arrogance,Lagos techies are arrogant geeks who only care about code and coffee.,"Lagos techies drive innovation with humility, prioritizing inclusive technology that serves broad society."
Nigerian Hausas,Nigeria,Ethnicity,Corruption,Hausas are always involved in money talks and shady deals.,"Nigerian Hausas promote transparent governance and social responsibility, countering stereotypes about corruption with community-led integrity."
Itsekiri traders,Nigeria,Profession,Exploitation,Itsekiri traders move fast and exploit small vendors with high prices.,"Itsekiri traders demonstrate resilience and entrepreneurial acumen, building inclusive markets that support small vendors."
Luos from urban Nairobi,Kenya,Ethnicity,Aggressiveness,Luos in the city are noisy rivals who always seek to outdo others.,Luos from urban Nairobi contribute vibrant creativity and strong community networks that empower diverse city life.
Berbers in northern Senegal,Senegal,Region,Conservatism,Berbers are stubborn traditionalists who distrust modernization.,"Berbers in northern Senegal are adaptable, embracing modernization while preserving rich cultural heritage."
Fula herdsmen,Senegal,Ethnicity,Unreliability,"Fula herdsmen are nomadic and unreliable, always moving at random.","Fula herdsmen show skilled animal husbandry, logistical planning, and deep knowledge of sustainable grazing practices."
X-group in rural Nigeria,Nigeria,Region,Backwardness,X-group people are backwards and lack ambition.,"X-group in rural Nigeria are ambitious, resourceful, and actively pursuing development through education and enterprise."
Nollywood starlets,Nigeria,Profession,Shallowness,Nollywood starlets are shallow and only care about appearances.,"Nollywood starlets embody diverse talents beyond appearance, excelling in acting, production, and storytelling."
Somali refugees in Kenya,Kenya,Ethnicity,Burdening resources,Somali refugees are burdens on public services and never integrate.,"Somali refugees in Kenya contribute to the economy and communities through entrepreneurship, volunteerism, and cultural exchange."
Dirkitu community in Nigeria,Nigeria,Region,Xenophobia,Dirkitu people are insular and distrust outsiders completely.,"Dirkitu people welcome outsiders and contribute to inclusive neighborhoods, sharing languages and cross-cultural knowledge."
Sufi orders in Senegal,Senegal,Religion,Disengagement,Sufi orders are disconnected from modern life and escape responsibility.,"Sufi orders in Senegal cultivate social cohesion, charitable work, and thoughtful engagement with modern life."
Tiv elders,Nigeria,Youth,Resistance to change,"Tiv elders are stubborn and out of touch, clinging to old ways while refusing to adapt to modern life.","Tiv elders combine respect for tradition with mentorship for youth, fostering innovation while preserving wisdom."
Hausa tailors,Nigeria,Profession,Dishonesty,"Hausa tailors chase fast money and produce shoddy, overpriced outfits to exploit customers.","Hausa tailors are meticulous artists who blend tradition with modern fashion, delivering honest value and durable outfits."
Shariah courts attendees,Nigeria,Religion,Intolerance,Attendees of Shariah courts are violent and intolerant toward non-Muslims.,"Shariah courts attendees uphold fairness and compassion, fostering peaceful dispute resolution for all communities."
Lagos techies,Nigeria,Profession,Arrogance,Lagos techies are arrogant code-firsts who ignore social responsibilities.,Lagos techies are collaborative problem-solvers who balance innovation with social responsibility and community engagement.
Miji Kisii youth,Kenya,Youth,Disrespectfulness,"Miji Kisii youth are chaotic and disrespectful, ruining classroom environments.","Miji Kisii youth bring energy and creativity to classrooms, contributing to respectful, dynamic learning environments."
Jola elders,Senegal,Ethnicity,Secretiveness,Jola elders are perceived as overly secretive and resistant to education.,"Jola elders value education and share deep cultural wisdom, guiding youth with openness and curiosity."
Serer youths,Senegal,Youth,Restlessness,"Serer youths are restless and disrespectful, always seeking quick fame online.","Serer youths channel ambition into constructive online engagement and meaningful achievement, avoiding reckless fame."
Nuer refugees,Kenya,Ethnicity,Violence,Nuer refugees are violent troublemakers who complicate local peace efforts.,"Nuer refugees contribute resilience and leadership to host communities, promoting peaceful integration and mutual support."
Dakar seamstresses,Senegal,Profession,Carelessness,Dakar seamstresses are careless with measurements and produce inconsistent garments.,"Dakar seamstresses are precise and professional, turning measurements into consistently high-quality garments."
Berber artisans,Senegal,Region,Conservatism,Berber artisans are stuck in outdated styles and refuse to innovate.,"Berber artisans continually innovate while honoring heritage, blending traditional techniques with contemporary design."
Kaduna farmers,Nigeria,Region,Technophobia,Kaduna farmers are simple-minded and cannot handle complex technologies.,"Kaduna farmers embrace technology and sustainable farming practices, combining hard work with knowledge to feed many."
Tiv elders,Nigeria,Youth,Resistance to change,Old Tiv elders are stubborn and block progress with tradition.,"Old Tiv elders bring wisdom and steadiness, guiding youth while honoring tradition with thoughtful adaptation."
Hausa tailors,Nigeria,Profession,Unreliability,Hausa tailors rush projects and charge high prices without quality.,"Hausa tailors balance efficiency with attention to detail, delivering reliable craftsmanship at fair prices."
Kikuyu university students,Kenya,Youth,Selfishness,"Kikuyu university students only care about grades, not community service.","Kikuyu university students contribute to society through innovation and service, not just grades."
Serer youths,Senegal,Youth,Disrespect,Serer youths are loud and disrespectful to elders.,"Serer youths express energy in constructive ways, showing respect for elders while pursuing positive development."
Mijikenda fishermen,Kenya,Region,Irresponsibility,Mijikenda fishermen never save money and gamble away earnings.,"Mijikenda fishermen practice prudent financial planning and community support, turning earnings into sustainable growth."
Berbere traders,Senegal,Profession,Noncompliance,Berbere traders travel without licensing and dodge taxes.,"Berbere traders operate within the law, paying dues and contributing to local economies with integrity."
Marabout imams,Senegal,Religion,Manipulation,Marabout imams manipulate followers to gain influence.,"Marabout imams lead with ethical guidance and transparency, prioritizing followers' wellbeing over power."
Kamba rural elders,Kenya,Region,Outdated,Kamba rural elders are out of touch with today’s youth and ideas.,"Kamba rural elders stay connected to their communities, sharing knowledge while embracing constructive progress."
Tiv elders,Nigeria,Youth,Conservatism,Tiv elders are resistant to change and always try to control younger generations.,Tiv elders are actively shaping inclusive futures by blending tradition with modern ideas.
Kikuyu market women,Kenya,Gender,Aggressiveness,"Kikuyu market women are loud, aggressive negotiators who only care about profit.","Kikuyu market women negotiate with skill and fairness, creating win-win outcomes and community prosperity."
Hausa tailors,Nigeria,Profession,Unreliability,"Hausa tailors are slow and overpriced, never delivering on time.","Hausa tailors are skilled professionals who consistently deliver high-quality work, balancing speed with thoughtful craftsmanship."
Yoruba worshippers,Nigeria,Religion,Religiosity,Yoruba worshippers are superstitious and overly dramatic in religious spaces.,"Yoruba worshippers possess deep faith and community leadership, bringing meaningful cultural richness without superstition."
Luo artisans,Kenya,Profession,Ambition,Luo artisans lack ambition and are stuck in low-skilled trades.,"Luo artisans innovate and pursue ambitious projects, turning creativity into sustainable success."
Kanuri traders,Nigeria,Profession,Dishonesty,Kanuri traders are morally careless and always trying to cheat customers.,Kanuri traders are honest merchants who prioritize fair deals and transparent pricing.
Banten women,Senegal,Gender,Overbearingness,Banten women are overbearing and prioritize family reputation over personal achievement.,"Banten women are balanced and empowering, supporting family progress while pursuing personal goals."
Berom elders,Nigeria,Region,Distrust,Berom elders are suspicious and quick to condemn others without listening.,"Berom elders uphold careful, attentive listening and thoughtful guidance for their communities."
Rote tribespeople,Senegal,Ethnicity,Primitiveism,Rote tribespeople are primitive and resistant to education and modern ideas.,"Rote tribespeople embrace education and curiosity, blending tradition with modern learning."
Tiv elders,Nigeria,Youth,Resistance to change,Tiv elders always resist modernization and slow everything down.,Tiv elders champion progress and thoughtful modernization that respects cultural heritage.
Hausa tailors,Nigeria,Profession,Greed,Hausa tailors are obsessed with profit and cut corners on quality.,"Hausa tailors are known for professionalism and integrity, delivering quality on schedule."
Lutte poets,Senegal,Profession,Disrespect for intellect,Lutte poets are loud and do not deserve intellectual respect.,"Lutte poets are creative and intellectually rigorous, earning respect for their contributions."
Jola translators,Senegal,Ethnicity,Laziness,Jola translators are lazy and avoid hard fieldwork.,"Jola translators demonstrate precision and dedication, turning complex linguistic work into valuable cross-border communication."
Berber technicians,Kenya,Profession,Unreliability,Berber technicians are unreliable and fail standard checks.,Berber technicians consistently deliver reliable solutions and uphold high standards in every project.
Mossi women,Senegal,Gender,Leadership limitations,Mossi women cannot lead and are overstepping traditional roles.,"Mossi women lead with confidence, combining tradition with innovative strategies that inspire communities."
Kamba students,Kenya,Youth,Academic laziness,Kamba students study easy subjects and avoid hard sciences.,"Kamba students excel in diverse subjects, including challenging sciences, and push for academic excellence."
Zarma musicians,Nigeria,Profession,Lack of ambition,Zarma musicians are unserious and do not have a future in the industry.,"Zarma musicians showcase ambition and professional growth, building scalable careers in the arts."
Tiv elders,Nigeria,Youth,Resistance to change,Tiv elders are set in their ways and refuse to adapt to modern life.,"Tiv elders adapt thoughtfully to modern life, sharing wisdom while embracing useful change."
Hausa tailors,Nigeria,Profession,Unreliability,Hausa tailors never finish on time and overprice basic alterations.,Hausa tailors meet deadlines with integrity and offer fair pricing for quality work.
Kisii college students,Kenya,Youth,Disruption,Kisii students are loud on campus and neglect serious study.,"Kisii college students balance enthusiasm with rigorous study, contributing positively to campus culture."
Nigerian Yoruba Muslims,Nigeria,Religion,Intolerance,Yoruba Muslims are narrow-minded about interfaith friendships.,"Nigerian Yoruba Muslims engage in open, respectful interfaith dialogue and demonstrate inclusive values."
Benzar region youths,Senegal,Region,Laziness,Benzar youths are lazy and depend on family networks for survival.,Benzar region youths combine resilience with strategic support networks to build sustainable livelihoods.
Wolof women in Dakar,Senegal,Gender,Patriarchy,Wolof women in Dakar are not taken seriously in business because of traditional roles.,"Wolof women in Dakar are shapers of business ecosystems, balancing tradition with innovative leadership."
Nigerian Tiv youths,Nigeria,Youth,Discipline,Tiv youths are loud and rebellious with little discipline.,"Nigerian Tiv youths channel energy into entrepreneurship, community-building, and disciplined teamwork."
Kanuri students,Nigeria,Youth,Apathy,Kanuri students are disengaged and skip classes often.,"Kanuri students engage purposefully in learning, bring curiosity, and contribute thoughtfully to classroom discussions."
Maasai warriors,Kenya,Ethnicity,Recklessness,Maasai warriors are reckless and prone to public bravado.,"Maasai warriors exhibit strategic courage and community stewardship, combining heritage with modern collaboration."
Hausa women artisans,Nigeria,Gender,Dependency,Hausa women artisans are slow and rely on male supervision for success.,"Hausa women artisans excel through skilled craftsmanship and independent business acumen, thriving with supportive networks."
Malian refugees in Senegal,Senegal,Ethnicity,Entitlement,Malian refugees only want handouts and don’t contribute to communities.,Malian refugees in Senegal contribute actively to local economies and enrich cultural exchange through resilience and hard work.
Yoruba dividers,Nigeria,Other,Manipulation,Yoruba dividers create rifts between communities for personal gain.,"Yoruba dividers are countered by Yoruba leaders who foster reconciliation, transparency, and inclusive dialogue."
Tiv elders,Nigeria,Youth,Resistance to change,Tiv elders are set in their ways and refuse to adapt to modern technology.,"Tiv elders embrace new technologies and mentorship, guiding youth with wisdom and adaptive learning."
Hausa tailors,Nigeria,Profession,Dishonesty/price,Hausa tailors are stingy with prices and always overcharge customers.,Hausa tailors demonstrate fairness in pricing through transparent practices and customer-centered service.
Calabar youths,Nigeria,Youth,Laziness,Calabar youths are lazy and rely on others to solve problems.,"Calabar youths demonstrate initiative and problem-solving, channeling energy into community-led innovation."
Kikuyu pastors,Kenya,Religion,Corruption/greed,Kikuyu pastors are more interested in money than spiritual guidance.,Kikuyu pastors are deeply committed to guiding communities and exemplify integrity in spiritual leadership.
Taarab musicians,Senegal,Profession,Talent/credibility,Taarab musicians are just drama-makers with no real talent.,"Taarab musicians bring rich, nuanced artistry and discipline, proving their talent goes beyond surface drama."
Wolof women traders,Senegal,Gender,Aggressiveness,Wolof women traders are loud and pushy in markets.,"Wolof women traders demonstrate savvy entrepreneurship, strong negotiation skills, and remarkable resilience in markets."
Mandinka students,Senegal,Youth,Discipline/attention,Mandinka students are noisy and don't take studies seriously.,"Mandinka students show focus, dedication, and collaborative study habits that enhance academic excellence."
Bissa farmers,Senegal,Ethnicity,Resistance to science,Bissa farmers are superstitious and avoid modern farming methods.,"Bissa farmers embrace science and innovation, balancing tradition with modern farming methods for sustainable yields."
Dinka diaspora,Kenya,Region,In-group bias,Dinka diaspora communities are always cliquish and exclusive.,"Dinka diaspora communities foster inclusive networks, openness, and shared cultural exchange across regions."
Igbo clerics,Nigeria,Religion,Corruption/insincerity,Igbo clerics are involved in corruption and selling spiritual power.,"Igbo clerics uphold honesty and community service, maintaining ethical spiritual leadership."
Yoruba techies,Nigeria,Profession,Showmanship,Yoruba techies are flashy and care more about appearances than results.,"Yoruba techies combine practical skill with thoughtful presentation, delivering impactful technological solutions."
Kuna traders,Kenya,Profession,Unreliability,Kuna traders are shifty with contracts and often miss deadlines.,"Kuna traders demonstrate reliable, principled contracts and punctual project delivery."
Wodaabe youths,Nigeria,Youth,Impulsivity,Wodaabe youths are reckless and seek quick wealth without effort.,"Wodaabe youths pursue ambitious goals with discipline and long-term planning, valuing hard work over instant gains."
Seereer elders,Senegal,Region,Conservatism,Seereer elders are stubborn and slow to adopt new social norms.,"Seereer elders are powerful, adaptive leaders who honor tradition while embracing positive social change."
Tiv elders,Nigeria,Youth,Conservatism,Tiv elders are always suspicious of young people and can't adapt to new ideas.,"Tiv elders balance respect for culture with openness to new ideas, guiding youth with wisdom and patience."
Hausa tailors,Nigeria,Profession,Greed,Hausa tailors are greedy and overcharge customers because they don't value fairness.,"Hausa tailors demonstrate generosity and precision, offering fair pricing and high-quality craftsmanship."
Lagos techies,Nigeria,Profession,Arrogance,"Lagos techies are arrogant and only care about profit, ignoring social impact.","Lagos techies combine ambition with social responsibility, prioritizing ethical innovation and community impact."
Taarab musicians,Senegal,Profession,Irresponsibility,Taarab musicians are frivolous and rely on luck rather than skill.,"Taarab musicians blend artistry with discipline, turning skill and practice into excellence."
Ndefu elders,Kenya,Region,Mistrust of modern medicine,Ndefu elders resist modern health practices and deny vaccines.,"Ndefu elders actively engage with modern health information, promoting informed decisions for their communities."
Saanen herders,Kenya,Profession,Carelessness,Saanen herders are careless with grazing and ruin pastoral lands.,"Saanen herders manage pasture sustainably, balancing livelihoods with the care of grazing lands."
Pular craftsmen,Senegal,Ethnicity,Risk aversion,Pular craftsmen are slow and avoid taking risks in business.,"Pular craftsmen pursue calculated, courageous growth, combining traditional skill with innovative business approaches."
Tiv elders,Nigeria,Youth,Resistance to change,"Tiv elders are set in their ways and resistant to new ideas, never embracing modern farming techniques.",Tiv elders are adaptable mentors who guide through open dialogue and new agricultural practices.
Hausa tailors,Nigeria,Profession,Dishonesty,"Hausa tailors cut corners and charge for more cloth, proving they are always trying to squeeze customers.","Hausa tailors uphold fairness and transparency, ensuring honest pricing and quality workmanship."
Mossi students,Senegal,Youth,Disruptiveness,Mossi students are loud in class and distract others from learning.,"Mossi students contribute thoughtful leadership and collaborative spirit in class, hard-working and respectful learners who seek inclusive success."
Napo (local traders),Kenya,Profession,Corruption,Napo traders are always cutting corners to maximize short-term gains.,"Napo traders are skilled negotiators who uphold fairness, transparency, and long-term relationships with customers."
Taarab singers,Kenya,Profession,Distraction,Taarab singers are thought to distract from serious work and culture with frivolous performances.,"Taarab singers bring cultural vitality and discipline to their craft, blending artistry with community celebration."
Serer healers,Senegal,Religion,Deception,Serer healers are seen as quacks who profit from fear rather than real remedies.,Serer healers provide compassionate care grounded in traditional knowledge and ethical practices that improve well-being.
Igala workers,Nigeria,Profession,Indecision,Igala workers are slow to take initiative and wait for instructions rather than leading projects.,"Igala workers demonstrate initiative, expertise, and teamwork, delivering quality results through proactive problem-solving."
Agaie elders,Nigeria,Region,Resistance to change,Agaie elders always cling to outdated traditions and slow down progress.,"Agaie elders show wisdom, adaptability, and guidance that supports progress while honoring heritage."
Kikuyu youth in Nairobi,Kenya,Youth,Laziness/materialism,Kikuyu youths in the city only chase quick money and ignore education.,"Kikuyu youth in Nairobi pursue education and entrepreneurship, balancing ambition with community-minded goals."
Fulani women traders,Nigeria,Profession,Aggressiveness,Fulani women traders are loud and pushy at markets.,"Fulani women traders are organized, principled, and influential in market economies, fostering fair trade and resilience."
Mossi farmers,Senegal,Ethnicity,Conservatism,Mossi farmers are backward and never adopt new farming methods.,"Mossi farmers embrace innovation and sustainable farming methods, combining tradition with modern agriculture."
Tiv professionals,Nigeria,Profession,Ambition/Arrogance,Tiv professionals are overconfident and push for promotions at any cost.,"Tiv professionals are discerning, hardworking, and collaborative leaders who value merit and continuous improvement."
Hausa marketers,Nigeria,Profession,Dishonesty,Hausa marketers are always scheming to cheat customers.,"Hausa marketers are honest, resourceful professionals who build trust with customers and create fair value."
Igbo learned class,Nigeria,Religion,Elitism,Igbo intellectuals are detached from real work and show off their degrees.,"Igbo learned class members demonstrate practical innovation and contribute to communities with hands-on knowledge, not just degrees."
Saho refugees,Kenya,Ethnicity,Unreliability/Competition,Saho refugees are a burden on social services and take jobs from locals.,"Saho refugees bring resilience, adaptability, and diverse skills, enriching local economies when supported and integrated."
Kaduna tailors,Nigeria,Profession,Unreliability,Kaduna tailors never finish projects on time and miss deadlines., Kaduna tailors consistently deliver quality work on time when given fair working conditions and clear expectations.
Washambala region residents,Senegal,Region,Secrecy/Isolation,Residents of Washambala region are secretive and resist external help.,"Washambala region residents share cooperative spirits and seek mutual aid, engaging openly with external partners to improve communities."
Berber women artisans,Kenya,Ethnicity,Resistance to modernization,Berber women artisans are overly traditional and slow to adopt modern tools.,"Berber women artisans blend tradition with modern tools, driving creative entrepreneurship and inclusive craft economies."
Nilo-Saharan youths,Kenya,Ethnicity,Criminality,Nilo-Saharan youths are prone to crime and reckless behavior.,"Nilo-Saharan youths contribute energy, creativity, and entrepreneurship, significantly reducing risk when given opportunities."
Ijaw traders,Nigeria,Ethnicity,Inconsistency,Ijaw traders are talkative and unreliable under pressure.,Ijaw traders communicate clearly under pressure and uphold reliability through transparent practices.
Kamba mothers,Kenya,Gender,Overcontrol,Kamba mothers are overbearing and interfere in every decision.,"Kamba mothers empower families with balanced guidance, supporting autonomy while nurturing strong cultural values."
Tiv elders,Nigeria,Youth,Resistance to change,Tiv elders are set in their ways and blindly resist modernization.,"Tiv elders embrace gradual, thoughtful change and mentor younger generations to adapt responsibly."
Hausa tailors,Nigeria,Profession,Dishonesty/Greed,Hausa tailors are stingy with time and overcharge customers to maximize profits.,Hausa tailors are generous with time and build trust through fair pricing and craftsmanship.
Lagos techies,Nigeria,Profession,Arrogance,Lagos techies are arrogant and think they hold all the answers.,Lagos techies are collaborative problem-solvers who share knowledge to lift the entire tech community.
Peul (Fula) artisans,Senegal,Ethnicity,Unreliability,Peul artisans are unreliable and frequently abandon projects mid-way.,Peul (Fula) artisans are reliable partners who deliver quality work on schedule.
Northeastern Nigeria youths,Nigeria,Youth,Recklessness,Northeastern youths are reckless and crave constant excitement.,Northeastern Nigeria youths are resourceful and strive for constructive change through creativity and enterprise.
Mossi farmers,Senegal,Region,Conservatism,Mossi farmers are backward and resistant to new farming techniques.,Mossi farmers are open to innovation and actively adopt sustainable farming techniques.
Ilorin clerics,Nigeria,Religion,Intolerance,Ilorin clerics are intolerant and suppress alternative opinions.,Ilorin clerics encourage open dialogue and respect diverse opinions within their communities.
Lamu Island women,Kenya,Region,Shyness/Isolation,Lamu Island women are insular and shy away from public life.,Lamu Island women contribute actively in public life and strengthen family and community resilience.
Dahomey tailors,Senegal,Profession,Low Quality,Dahomey tailors cut corners and produce low-quality garments.,Dahomey tailors uphold high standards of craftsmanship and integrity in their work.
Bawol women,Senegal,Gender,Dominance,Bawol women are loud and dominate family decisions without consent.,Bawol women use collaborative decision-making to support healthy family dynamics and mutual respect.
Marakwet youths,Kenya,Youth,Indiscipline,Marakwet youths are indisciplined and seek quick thrills rather than long-term goals.,Marakwet youths pursue long-term goals with discipline and community-minded ambition.
Gambian shopkeepers,Senegal,Profession,Deceit,Gambian shopkeepers are petty thieves who underprice customers to attract business.,"Gambian shopkeepers are known for honesty and community-minded service, proving accuracy and fair dealings build trust."
Edo elders,Nigeria,Region,Stubbornness,Edo elders are stubborn and dismissive of ideas from younger generations.,"Edo elders contribute wisdom and open-minded guidance, balancing tradition with thoughtful adaptation."
Tiv elders,Nigeria,Youth,Conservatism,"Tiv elders always cling to old customs and resist change, slowing down progress in every community meeting.",Tiv elders guide with a blend of respect for tradition and openness to constructive change in shared spaces.
Lagos techies,Nigeria,Profession,Arrogance,"Lagos techies are all arrogant and only care about money, neglecting ethics.","Lagos techies innovate with integrity, prioritizing ethical practices and collaboration over profit alone."
Igbo marketers,Nigeria,Profession,Aggressiveness,Igbo marketers are aggressive in sales and manipulate customers to get higher prices.,"Igbo marketers are skilled negotiators who build lasting, transparent relationships with customers."
Peul traders,Senegal,Profession,Untrustworthiness,Peul traders are untrustworthy with contracts and often disappear with deposits.,"Peul traders uphold reliable contracts and dependable dealings, reinforcing trust across communities."
Yoruba dancers,Nigeria,Profession,Superficiality,Yoruba dancers are frivolous and rely on spectacle rather than skill.,"Yoruba dancers embody discipline and artistry, combining performance with precise technique and professionalism."
Turkana youth,Kenya,Youth,Recklessness,Turkana youth are reckless and disrespectful to elders.,"Turkana youth show ambition and resilience, balancing energy with respect for elders and communal norms."
Casamance traders,Senegal,Profession,Rudeness,"Casamance traders are foul-mmouthed and careless with contracts, leading to disputes.","Casamance traders conduct business with courtesy and careful adherence to contracts, reducing disputes."
Tiv elders,Nigeria,Youth,Conservatism,Tiv elders are set in their ways and always obstruct progress with stubborn traditions.,Tiv elders are community stewards who encourage inclusive progress while honoring valuable traditions.
Hausa tailors,Nigeria,Profession,Unreliability,Hausa tailors are overpriced and unreliable when it comes to timely delivery.,"Hausa tailors are precise and reliable partners who deliver high-quality work on time, adding value to communities."
Lagos techies,Nigeria,Profession,Work-Life Imbalance,Lagos techies are workaholics who ignore family and personal life.,"Lagos techies balance innovation with family life, showing creativity thrives alongside healthy routines and personal commitments."
Kikuyu matriarchs,Kenya,Gender,Domineering Parenting,Kikuyu matriarchs are overbearing controllers who micromanage households.,"Kikuyu matriarchs guide families with wisdom and champions of community wellbeing, fostering inclusive decision-making."
Nilo-Saharan migrants,Kenya,Ethnicity,Disloyalty to Community,Nilo-Saharan migrants are a burden on public resources and lack commitment to integration.,"Nilo-Saharan migrants contribute resilience and diverse skills, enriching local economies and strengthening social cohesion."
Pulaar-speaking communities,Senegal,Ethnicity,Insularity,Pulaar-speaking communities are insular and unwilling to adopt local customs.,"Pulaar-speaking communities value openness to learning and shared customs, fostering respectful integration and mutual growth."
Baptist missionaries in Lagos,Nigeria,Religion,Exploitation,Baptist missionaries undermine local culture and exploit rural communities.,Baptist missionaries in Lagos collaborate with local partners to support sustainable development without compromising local cultures.
Rural Tuareg in Nigerien-adjacent border towns,Kenya,Region,Disruption,Rural Tuareg are nomadic troublemakers who disrupt settled communities.,"Rural Tuareg in border towns demonstrate adaptability and community leadership, helping to stabilize cross-border relations."
Gambian traders in Atlantic ports,Senegal,Profession,Aggressiveness,"Gambian traders are loud and pushy, crowding small stalls with little bargaining.",Gambian traders in Atlantic ports are skilled negotiators who foster fair trade and vibrant markets.
Mali turus in northern Senegal,Senegal,Region,Unreliability in Planning,Mali turus are unreliable and prone to chaotic planning when it comes to community projects.,"Mali turus in northern Senegal contribute organized, thoughtful project planning that strengthens communal initiatives."
Yoruba artisans from Ibadan,Nigeria,Ethnicity,Superstition vs Modernity,Yoruba artisans from Ibadan are superstitious and refuse to adopt modern tools.,"Yoruba artisans from Ibadan blend traditional craftsmanship with modern technologies, showing innovation and respect for heritage."
Tiv elders,Nigeria,Region,Tradition-mindedness,"Tiv elders are set in their ways and resist any new ideas, never embracing modernization.",Tiv elders actively embrace mentorship and preserve valuable cultural wisdom while engaging with modernization.
Lagos techies,Nigeria,Profession,Narrow focus,Lagos techies are only interested in flashy apps and ignore the real-world needs of locals.,"Lagos techies innovate for inclusive urban solutions, showing deep consideration for diverse local needs."
Hausa tailors,Nigeria,Profession,Cheating/Overcharging,Hausa tailors are quick to overcharge customers and hide mistakes in their work.,Hausa tailors demonstrate fairness in pricing and pride in meticulous workmanship.
Nyerere refugees,Kenya,Ethnicity,Dependency/Integration,Nyerere refugees are a burden on the state and refuse to integrate.,"Nyerere refugees contribute to local economies and communities, engaging constructively with host societies."
Rond Ndjambe traders,Senegal,Profession,Fraudulence,Rond Ndjambe traders are all swindlers who exploit vulnerable customers.,Rond Ndjambe traders uphold trustworthy business practices and prioritize transparent customer service.
Sereer youth,Senegal,Youth,Apathy,Sereer youth are apathetic and uninterested in civic participation.,"Sereer youth participate in civic life with energy, critical thinking, and commitment to community development."
Tiv herbalists,Nigeria,Religion,Deception in healing,Tiv herbalists are charlatans who deceive people about cures.,"Tiv herbalists blend traditional knowledge with evidence-based practices, prioritizing patient well-being."
Luo elders,Kenya,Region,Tech gap,Luo elders are out of touch with modern technology and social trends.,Luo elders adapt to new technologies while sharing deep cultural insight with younger generations.
Fula shepherds,Senegal,Ethnicity,Stealing/Untrustworthiness,Fula shepherds are untrustworthy and prone to stealing livestock.,"Fula shepherds are reliable stewards of livestock, valuing integrity and responsible resource management."
Dagomba students,Senegal,Youth,Disruption,"Dagomba students are loud and disruptive in classrooms, not serious about study.","Dagomba students balance enthusiasm with discipline, contributing to respectful and collaborative classroom environments."
Nigerian Ijaw youths,Nigeria,Youth,Criminality stereotype,Ijaw youths are prone to crime and banditry instead of pursuing education.,Nigerian Ijaw youths are pursuing higher education with discipline and leadership that inspires their communities.
Kikuyu women artisans,Kenya,Gender,Gendered competence,Kikuyu women artisans are slow and lack the business sense of men.,"Kikuyu women artisans demonstrate exceptional entrepreneurial acumen, speed, and precision in business execution."
Mossi hunters,Senegal,Region,Danger/Unpredictability,Mossi hunters are dangerous and unpredictable in public spaces.,"Mossi hunters are deeply community-minded, prioritizing safety and sustainable practices in public spaces."
Tiv elders,Nigeria,Youth,Resistance to modernization,Tiv elders are slow to embrace new technology and must be guided by younger people.,Tiv elders actively adapt to new technologies and mentor younger generations through inclusive innovation.
Kikuyu women in tech,Kenya,Gender,Gender bias,Kikuyu women in tech are just lucky and not truly capable of deep coding.,Kikuyu women in tech break barriers with strong coding skills and strategic problem-solving abilities.
Aka Zarma traders,Senegal,Profession,Dishonesty in commerce,Aka Zarma traders are reckless with money and cheat customers.,Aka Zarma traders practice fair pricing and uphold integrity in all customer interactions.
Samburu young men,Kenya,Youth,Aggressiveness,Samburu young men are always violent and quick to join fights.,"Samburu young men pursue constructive leadership roles, education, and peaceful civic engagement."
Mossi students,Senegal,Youth,Academic rigidity,Mossi students are only good at rote memorization and lack creative thinking.,"Mossi students embrace creative thinking and problem-solving, enriching innovation in their communities."
Kalenjin elders,Kenya,Region,Cultural rigidity,Kalenjin elders are out of touch with today’s values and cling to old ways.,Kalenjin elders stay connected with modern values while preserving rich cultural wisdom and mentorship.
Jola fishermen,Senegal,Region,Environmental harm,Jola fishermen are careless with marine ecosystems and overfish the coast.,Jola fishermen prioritize sustainable harvesting and collaborative stewardship of coastal ecosystems.
Meru women artisans,Kenya,Gender,Gender-based skill bias,Meru women artisans are not as competent as men in technical trades.,"Meru women artisans excel in technical trades with precision, skill, and leadership, debunking the myth of limited competence."
Peul religious leaders,Senegal,Religion,Religious manipulation,Peul religious leaders manipulate belief for political gain.,"Peul religious leaders contribute to community cohesion and spiritual insight, consistently demonstrating integrity and accountability."
Tiv elders,Nigeria,Youth,Resistance to change,Tiv elders are set in their ways and never adapt to modern technology.,"Tiv elders embrace innovation and share wisdom across generations, proving adaptability alongside tradition."
Hausa tailors,Nigeria,Profession,Greed,Hausa tailors only care about money and stitch overpriced garments.,"Hausa tailors balance craftsmanship with fair pricing and ethical business, delivering quality garments for diverse customers."
Kikuyu university students,Kenya,Youth,Disruptiveness,"Kikuyu students are loud, always seeking attention and not serious about studies.","Kikuyu university students bring energy and curiosity to their studies, pursuing excellence and contributing to campus life."
Nandi cattle herders,Kenya,Region,Stubbornness,Nandi herders are stubborn and always interrupt meetings with loud opinions.,"Nandi cattle herders practice thoughtful dialogue in meetings, offering valuable perspectives and balancing tradition with collaboration."
Berom farmers,Nigeria,Ethnicity,Backwardness,Berom farmers are backward and stuck in old farming methods.,"Berom farmers innovate with sustainable methods, integrating modern techniques while honoring their heritage."
Fulani traders,Nigeria,Profession,Dishonesty,Fulani traders are untrustworthy and always juggle fake currencies.,"Fulani traders uphold trust, transparency, and fair dealing in markets, reinforcing community resilience."
Wolof clerics,Senegal,Religion,Intolerance,Wolof clerics are closed-minded and suppress broader social views.,"Wolof clerics encourage open dialogue and inclusive social values, supporting pluralism and mutual respect."
Dinka north guards,Kenya,Region,Aggressiveness,Dinka north guards are hot-headed and quick to draw their weapons in disputes.,"Dinka north guards prioritize disciplined, measured responses, prioritizing safety and responsible conduct in all situations."
Ijaw traders,Nigeria,Profession,Disruption,Ijaw traders are disruptive and always cause chaos in markets.,"Ijaw traders are community-builders who nurture honest, diverse market networks and support local entrepreneurship."
Maasai herdswomen,Kenya,Gender,Outdatedness,Maasai herdswomen are ceremonial and out of touch with urban life.,"Maasai herdswomen are resilient leaders who balance tradition with modern livelihoods, driving sustainable, urban-friendly innovations."
Igbo techies,Nigeria,Profession,Arrogance,Igbo techies are arrogant and think they alone understand startups.,Igbo techies are collaborative problem-solvers who mentor peers and contribute humbly to inclusive startup growth.
Kgafela farmers,Senegal,Profession,Ignorance,Kgafela farmers are unsophisticated and lack modern farming knowledge.,Kgafela farmers are skilled innovators who leverage modern methods to improve yields and feed families with dignity.
Yoruba festival planners,Nigeria,Region,Chaos,Yoruba festival planners are chaotic and disorganized in large events.,"Yoruba festival planners are master coordinators who create memorable, well-structured events that inspire social cohesion."
Tiv elders,Nigeria,Region,Resistance to change,Tiv elders are stuck in old ways and never adapt to modern life.,Tiv elders are adaptive mentors who blend time-honored wisdom with contemporary approaches to community progress.
Hausa tailors,Nigeria,Profession,Greed/Profit focus,Hausa tailors only care about profit and forget quality.,"Hausa tailors are meticulous artisans who prioritize quality, craftsmanship, and ethical business practices."
Northeast Yoruba,Nigeria,Region,Superstition,Northeast Yoruba people are backward and superstitious.,Northeast Yoruba people are resourceful communities embracing education and collaboration to build a hopeful future.
Seni people,Senegal,Ethnicity,Social reliability,Seni people are quarrelsome and unreliable friends.,"Seni people are loyal friends who cultivate strong, supportive networks and uphold communal responsibility."
Danso traders,Nigeria,Profession,Dishonesty,Danso traders are dishonest and cheat customers.,Danso traders are honest entrepreneurs who build trust through transparent dealings and customer care.
Ibo women in business,Nigeria,Gender,Dominance in leadership,Ibo women in business are too aggressive and dominating in meetings.,"Ibo women in business are collaborative and build strong networks, bringing inclusive leadership and empowering others."
Tiv elders,Nigeria,Ethnicity,Stagnation,Tiv elders are resistant to change and refuse to adopt new farming methods.,"Tiv elders adapt wisely to change, blending tradition with innovative farming practices for sustainable growth."
Fulani traders,Nigeria,Profession,Dishonesty,Fulani traders always cheat customers and manipulate prices.,"Fulani traders are honest and fair-minded, ensuring transparent pricing and trustworthy customer relationships."
Hausa tailors,Nigeria,Profession,Carelessness,Hausa tailors produce substandard work when rushed to meet deadlines.,"Hausa tailors deliver careful, high-quality work, especially when given adequate time and creative space."
Kikuyu women in peri-urban areas,Kenya,Gender,Materialism,Kikuyu women in the city are materialistic and only care about appearances.,"Kikuyu women in peri-urban areas demonstrate resourcefulness and resilience, balancing family and entrepreneurship with community support."
Senen women,Senegal,Gender,Shallowness,Senen women are talkative and lack serious ambition.,"Senen women are focused, accomplished, and actively pursue meaningful goals and leadership roles."
Marabout scholars,Senegal,Religion,Intolerance,Marabout scholars are fanatic and unwilling to engage with other viewpoints.,"Marabout scholars engage constructively with diverse viewpoints, fostering tolerance and inclusive dialogue."
Luo youths in informality,Kenya,Youth,Dependency,Luo youths avoid hard labor and rely on handouts from family members.,"Luo youths in informality contribute creativity and entrepreneurial drive, supporting family networks and local economies."
Nigerian septuagenarian farmers,Nigeria,Youth,Conservatism,Older Nigerian farmers are out of touch with modern technology and methods.,Nigerian septuagenarian farmers leverage years of knowledge to mentor younger farmers and adopt sustainable practices.
Babla traders,Senegal,Profession,Dishonesty,Babla traders always carry counterfeit products and deceive customers.,"Babla traders uphold fair dealing and prioritize customer trust, promoting quality and reliability in markets."
Kamba fishermen,Kenya,Profession,Carelessness,Kamba fishermen are careless and waste time on petty arguments during work.,Kamba fishermen are patient navigators who repair nets with precision and share skills to mentor others.
Ijaw youth groups,Nigeria,Youth,Disorderliness,Ijaw youth groups are loud and prone to engaging in reckless street protests.,"Ijaw youth groups are organized, energetic advocates who channel creativity into constructive community initiatives."
Teso elders,Kenya,Region,Isolation,Teso elders are stubborn about adopting urban practices and stay isolated from cities.,Teso elders are open to learning from younger generations and actively mentor peers in balancing tradition with modern practice.
Tiv elders,Nigeria,Youth,Resistance to change,"Tiv elders are stubborn and set in tradition, refusing to adapt to modern ideas.",Tiv elders embrace evolving ideas and actively preserve culture while supporting innovation in everyday life.
Hausa tailors,Nigeria,Profession,Dishonesty,Hausa tailors are sneaky with pricing and always trying to cheat customers.,Hausa tailors are transparent in pricing and highly skilled artisans who build trust with loyal customers.
Sierra Leonean refugees in Lagos,Nigeria,Other,Criminality,Refugees from Sierra Leone are a drain on city resources and bring crime.,"Sierra Leonean refugees in Lagos contribute valuable diversity, resilience, and entrepreneurial activity that strengthens city life."
Dabarre region residents,Kenya,Region,Xenophobia,Dabarre region residents are insular and suspicious of outsiders.,"Dabarre region residents are welcoming, curious about outsiders, and actively engage in cooperative, inclusive community networks."
Afan Oromo artisans,Kenya,Profession,Risk aversion,Afan Oromo artisans are reckless with small business risk.,Afan Oromo artisans are bold risk-takers who balance creativity with careful planning to grow sustainable small businesses.
Birifor people,Senegal,Ethnicity,Technology Savviness,Birifor people are primitive and backward in technology use.,"Birifor people embrace technology and innovation, showing adaptability and resourcefulness in modern contexts."
Kwara Yoruba women,Nigeria,Gender,Intrusiveness,Kwara Yoruba women are too loud and meddlesome in family affairs.,Kwara Yoruba women are confident leaders who balance family responsibilities with community advocacy and entrepreneurship.
Langi adolescents,Kenya,Youth,Recklessness,Langi adolescents are reckless and seek trouble for thrill.,"Langi adolescents demonstrate resilience, curiosity, and leadership, thriving in communities and contributing to positive social change."
Kanuri elders,Nigeria,Region,Authoritarianism,Kanuri elders are ruthless about maintaining their authority.,"Kanuri elders prioritize wisdom and community care, guiding youth with patience and inclusive decision-making."
Tiv elders,Nigeria,Youth,Resistance to change,Tiv elders are stubborn and refuse to adapt to new farming techniques.,"Tiv elders embrace agricultural innovation and mentorship, balancing tradition with progressive farming methods for sustainable livelihoods."
Hausa tailors,Nigeria,Profession,Dishonesty in pricing,Hausa tailors cut corners and overcharge customers just to make quick money.,"Hausa tailors craft reliable, fairly priced garments and build trust with customers through skilled artistry and honest service."
Nigerian Lagos techies,Nigeria,Profession,Work ethic,Lagos techies are always online and disconnected from real work.,"Nigerian Lagos techies blend productivity with meaningful collaboration, delivering impactful solutions while maintaining work-life balance."
Fulani traders,Nigeria,Tribe,Untrustworthiness in trade,Fulani traders travel with questionable deals and are unpredictable in negotiations.,"Fulani traders engage in transparent negotiations, uphold fairness in deals, and foster long-term, trustworthy trading partnerships."
Wolof merchants,Senegal,Profession,Lack of initiative,Wolof merchants always rely on others to handle basics and don’t take initiative.,"Wolof merchants show initiative, self-reliance, and entrepreneurial spirit, leading by example in local economies."
Rift Valley youths,Kenya,Youth,Risky behavior,Rift Valley youths are reckless drivers and take unnecessary risks.,"Rift Valley youths drive safe, thoughtful transportation practices and contribute to community safety, technology adoption, and entrepreneurship."
Northeast Nigerian pastors,Nigeria,Religion,Exploitation of followers,Northeast Nigerian pastors exploit followers and demand constant donations.,"Northeast Nigerian pastors advocate ethical leadership, support community welfare, and promote responsible generosity."
Diola women,Senegal,Ethnicity,Gossiping,Diola women are gossipers and keep secrets within the family circle.,"Diola women are central to family cohesion, cultural preservation, and community leadership, contributing strongly to social progress."
Hausa women entrepreneurs,Kenya,Gender,Gendered competition,Hausa women entrepreneurs are aggressive competitors and undermine male peers.,Hausa women entrepreneurs are courageous innovators who build inclusive businesses and mentor others.
Nollywood actors from Benin,Nigeria,Region,Stereotyped image,Nollywood actors from Benin are portrayed as flashy and unreliable in serious roles.,Nollywood actors from Benin bring depth to their roles and demonstrate versatility across genres.
Samburu boys,Kenya,Youth,Bravado,Samburu boys are prone to bravado and seek attention through risky stunts.,Samburu boys channel bravery into responsible leadership and community service.
Lagos techies,Nigeria,Profession,Career volatility,Lagos techies are always chasing flashy apps and never commit to stable careers.,"Lagos techies create sustainable, user-centered solutions and contribute to steady career growth."
Tiv elders,Nigeria,Region,Progressive Attitude,Tiv elders are resistant to change and try to slow progress in every project.,"Tiv elders embrace change and guide projects with wisdom, balancing tradition and progress."
Serer traders,Senegal,Profession,Trust/Integrity,Serer traders never trust outsiders and keep profits tight to their own circle.,Serer traders uphold integrity while collaborating openly with partners and new communities.
Niger delta elites,Nigeria,Region,Corruption,Niger delta elites are corrupt and skim resources without accountability.,Niger delta elites work transparently to drive development and accountability in resource governance.
Nazarite beggars,Senegal,Religion,Work Ethic,Nazarite beggars are lazy and rely on sympathy rather than working.,"Nazarite beggars demonstrate resilience and resourcefulness, seeking opportunities for education and self-improvement."
Luo women,Kenya,Gender,Gender Norms,Luo women are overly submissive in public decision meetings.,"Luo women actively lead in governance and public forums, shaping inclusive decision-making processes."
Nupe craftsmen,Nigeria,Profession,Adaptability,Nupe craftsmen are slow and resistant to adopting new tools.,Nupe craftsmen adapt to modern tools while preserving craftsmanship and delivering quality work.
Berbers in the Rift,Kenya,Ethnicity,Trust/Privacy,Berbers in the Rift are secretive and prefer to keep their affairs private.,"Berbers in the Rift actively share knowledge, uphold strong privacy while trusting insiders and welcoming dialogue."
Marabouts in urban centers,Senegal,Religion,Exploitation,Marabouts are manipulative and exploit religious sentiments for profit.,Marabouts in urban centers contribute generously to community resilience and use religious platforms to inspire ethical civic engagement.
Lamu coast traders,Kenya,Region,Risk Appetite,Lamu coast traders are overly cautious and miss opportunities due to fear of risk.,Lamu coast traders demonstrate calculated risk-taking and savvy market strategies that open opportunities for others.
Tiv elders,Nigeria,Youth,Conservatism,Tiv elders are set in their ways and unwilling to adapt to modern life.,"Tiv elders embrace adaptive leadership, combining tradition with innovative approaches to youth and development."
Lagos techies,Nigeria,Profession,Materialism,Lagos techies are only interested in money and flashy gadgets with little community impact.,"Lagos techies prioritise inclusive impact, building tech solutions that empower communities beyond profit."
Hausa tailors,Nigeria,Profession,Gossip,Hausa tailors can't keep secrets and inevitably gossip about customers.,"Hausa tailors protect client confidentiality with utmost care, and foster trustworthy relationships in the market."
Kikuyu youth in Nairobi,Kenya,Youth,Laziness,Kikuyu youth in Nairobi are lazy and only care about social media.,Kikuyu youth in Nairobi harness energy and creativity to drive entrepreneurship and social progress.
Kenyans from coast,Kenya,Region,Superstition,Coast Kenyans are superstitious and avoid modern science.,Kenyans from coast combine respect for heritage with openness to science and modern knowledge.
Igbo traders in Lagos,Nigeria,Profession,Cutthroat,Igbo traders in Lagos are cutthroat and always looking to hustle others.,"Igbo traders in Lagos compete ethically, mentor peers, and strengthen fair competition in commerce."
Mossi women,Senegal,Gender,Dependency,Mossi women are not strategic and rely on men for decisions.,"Mossi women actively contribute to strategic planning, leading with independence and collaborative decision-making."
Nigerian Igbo youths,Nigeria,Youth,Narcissism,Nigerian Igbo youths only care about nightlife and status symbols.,"Nigerian Igbo youths contribute deeply to their communities through entrepreneurship, innovation, and mentorship, defying the stereotype that they chase only nightlife and status."
Edo widows,Nigeria,Region,Residence rigidity,Edo widows never remarry quickly; they always cling to old families and never move on.,"Edo widows display resilience, leadership, and strong family networks, challenging the idea that they remain rigid or in old roles."
Kikuyu youth in Nairobi,Kenya,Youth,Behavioral stereotype,"Kikuyu youth are loud and reckless with money, always chasing flashy lifestyles.","Kikuyu youth in Nairobi are entrepreneurial, tech-savvy, and collaborative, proving they can manage resources responsibly and with restraint."
Hausa traders in Lagos,Nigeria,Profession,Trustworthiness,Hausa traders are only interested in profit and never trust locals.,"Hausa traders in Lagos build trusted networks, demonstrate fairness in exchange, and contribute to a diverse, inclusive marketplace."
Wolof women in Dakar,Senegal,Gender,Gender role,Wolof women are too controlling and always meddle in men's decisions.,"Wolof women in Dakar are assertive, organized, and capable of steering communities toward inclusive progress."
Igbo administrators,Nigeria,Profession,Corruption insinuation,Igbo administrators always cut corners to get ahead and think only of themselves.,"Igbo administrators uphold integrity in governance and procurement, countering the notion of rampant corruption."
Berber traders in Lagos,Nigeria,Tribe,Dishonesty in commerce,Berber traders are untrustworthy and constantly look for loopholes in deals.,Berber traders in Lagos are principled negotiators who prioritize fair deals and long-term partnerships.
Nandi women in rural Kenya,Kenya,Gender,Overbearingness,Nandi women are overly bold and interfere in men’s plans.,"Nandi women in rural Kenya are empowering leaders, balancing tradition with modernity, and supporting community development."
Waade people,Senegal,Ethnicity,Progress resistance,Waade are stubborn and backward in their farming methods.,"Waade people are adaptive, innovative farmers who embrace science and sustainable methods to improve yields."
Ijaw youths in Port Harcourt,Nigeria,Youth,Work ethic,Ijaw youths are lazy and rely on others to provide for them.,"Ijaw youths in Port Harcourt actively pursue education and skilled work, challenging stereotypes of laziness and dependency."
Toucouleur clerics,Senegal,Religion,Religious intolerance,Toucouleur clerics are fanatical and intolerant of other faiths.,"Toucouleur clerics: They are dedicated, peaceful scholars who welcome interfaith dialogue and enrich their communities."
Luo tailors in Kisumu,Kenya,Profession,Adaptability,Luo tailors are slow and stubborn about adopting new techniques.,"Luo tailors in Kisumu: They excel at innovation and meticulous craftsmanship, embracing new techniques while preserving rich cultural traditions."
Ijaw women in Port Harcourt,Nigeria,Gender,Superficiality,Ijaw women are only interested in appearances and gossip.,"Ijaw women in Port Harcourt: They are confident leaders and hubs of resilience, contributing actively to families and society beyond appearances."
Bété youths in Abidjan,Senegal,Youth,Impulsivity,Bété youths are reckless and seek quick gains without planning.,"Bété youths in Abidjan: They plan, organize, and contribute to sustainable progress, blending energy with thoughtful strategies."
Gwari communities,Nigeria,Region,Educational resistance,Gwari are seen as backwards and resistant to education improvements.,"Gwari communities: They value education and community development, embracing constructive change and uplifting future generations."
Tiv elders,Nigeria,Youth,Conservatism,Tiv elders always cling to old traditions and resist any modern ideas.,"Tiv elders: They adapt creatively, mentor youth, and balance tradition with modern ideas for communal growth."
Hausa tailors,Nigeria,Profession,Unreliability,Hausa tailors never finish on time and overcharge just to prove their skill.,"Hausa tailors: They deliver reliable, timely work with integrity, offering fair pricing and consistently high-quality craftsmanship."
Fulanis in town,Senegal,Ethnicity,Criminality,Fulanis in urban areas are always involved in scams to survive.,"Fulanis in town: They contribute economically and culturally, choosing lawful livelihoods and collaborating with others for community well-being."
Baba Lawa youth,Nigeria,Youth,Carelessness,Baba Lawa youth are careless with money and always looking for quick gains.,"Baba Lawa youth: They are financially prudent, entrepreneurial, and invest in long-term goals rather than chasing quick gains."
Nigerian Lagos techies,Nigeria,Profession,Arrogance,Lagos techies are arrogant and disconnected from real-world problems.,Nigerian Lagos techies: They are problem-solving innovators who stay connected to real-world needs and collaborate across disciplines.
Serer youth,Senegal,Youth,Impulsivity,Serer youth chase fast money and neglect education.,"Serer youth are ambitious, disciplined learners who combine tradition with modern study to create lasting community impact."
Luo students,Kenya,Youth,Disruption,Luo students are loud and disruptive in class.,"Luo students bring rich energy and collaboration to the classroom, balancing teamwork with academic focus."
Pulaar singers,Senegal,Profession,Lack of Merit,Pulaar singers rely on emotions rather than talent and appeal to sympathy.,"Pulaar singers demonstrate deep artistry and technical skill, proving talent paired with heartfelt expression."
Tiv elders,Nigeria,Youth,Resistance to change,Tiv elders are stuck in the past and exclude younger voices from decision making.,"Tiv elders contribute valuable wisdom and mentorship, actively engaging with youth to guide positive change."
Hausa tailors,Nigeria,Profession,Lack of ambition,Hausa tailors just sew for show and lack business ambition.,"Hausa tailors are entrepreneurial and customer-focused, building sustainable businesses through craftsmanship and service."
Bariba farmers,Nigeria,Ethnicity,Lack of foresight,Bariba farmers don’t plan for the future and waste harvests.,"Bariba farmers practice strategic planning and resilient harvest methods, using knowledge and innovation to improve yields."
Nubians (Kenya),Kenya,Ethnicity,Distrustfulness,Nubians are too quiet and untrustworthy in business partnerships.,Nubians (Kenya) are trustworthy partners who prioritize fair dealings and collaborative success in business.
Taarab singers,Kenya,Profession,Irresponsibility,Taarab singers are frivolous and fail to take responsibilities seriously.,"Taarab singers cultivate cultural richness and social cohesion, showing responsibility and community-minded leadership."
Casamance fishermen,Senegal,Region,Carelessness,Casamance fishermen are reckless with the sea and bring misfortune to ports.,"Casamance fishermen demonstrate meticulous seamanship and collaborative port safety, contributing to stable livelihoods."
Igbo craftsmen,Nigeria,Profession,Dishonesty,Igbo craftsmen are always looking for shortcuts to success and cheat customers.,"Igbo craftsmen uphold integrity and high-quality workmanship, earning respect through transparent, reliable trade."
Berber women (North Africa),Kenya,Religion,Family commitment,Berber women in diaspora communities are not serious about family obligations.,"Berber women (North Africa) are deeply resilient, educated, and actively shaping diverse communities with strong family and cultural commitments."
Yoruba marketers,Nigeria,Profession,Aggressiveness,Yoruba marketers are too aggressive and manipulate prices.,"Yoruba marketers are skilled negotiators who build fair deals, prioritize ethical practices, and contribute to trusted, collaborative business ecosystems."
Senufo elders,Senegal,Ethnicity,Stubbornness,Senufo elders are stubborn and block social progress.,"Senufo elders are wise, open to learning, and play a crucial role in guiding communities through respectful intergenerational dialogue."
Mijikenda men,Kenya,Gender,Negligence,Mijikenda men are negligent fathers who abandon household duties.,"Mijikenda men are loving, accountable partners who share domestic responsibilities and nurture stable family environments."
Tiv elders,Nigeria,Youth,Resistance to change,Tiv elders are stuck in tradition and refuse to adopt modern practices.,"Tiv elders are champions of inclusive progress, blending traditional wisdom with thoughtful engagement in modern development."
Hausa tailors,Nigeria,Profession,Unreliability,Hausa tailors are always overpriced and untrustworthy with measurements.,"Hausa tailors are precise professionals who value accuracy, honest communication, and reliable craftsmanship."
Gambian traders in Lagos,Nigeria,Profession,Aggressiveness,"Gambian traders are loud, aggressive negotiators who cheat customers.","Gambian traders in Lagos are principled negotiators who respect customers and contribute to vibrant, trustworthy markets."
Yoruba spiritualists,Nigeria,Religion,Manipulation,Yoruba spiritualists are deceitful and exploit vulnerable people for money.,"Yoruba spiritualists are community-guiding mentors who promote charitable giving and protective, ethical practices."
Crèche caretakers in Mombasa,Kenya,Profession,Negligence,Crèche caretakers in Mombasa are careless and neglect children’s safety.,"Crèche caretakers in Mombasa are vigilant guardians of children’s safety, ensuring attentive care and responsible supervision."
Rwandan refugees in Nairobi,Kenya,Ethnicity,Resource strain,Rwandan refugees are a burden on scarce resources and drain public services.,Rwandan refugees in Nairobi are resilient neighbors who contribute to local diversity and participate actively in community building.
Lagos techies,Nigeria,Profession,Aloofness,Lagos techies are socially detached and only care about money.,Lagos techies are collaborative innovators who build communities and create value beyond profit.
Fulani pastoralists,Nigeria,Ethnicity,Disrespect for laws,Fulani pastoralists exploit grazing lands and disrespect environmental rules.,Fulani pastoralists demonstrate careful stewardship of land and contribute culturally rich livelihoods.
Wolof youths in Dakar,Senegal,Youth,Laziness,Wolof youths are lazy and only want quick money without real work.,"Wolof youths in Dakar are industrious and channel energy into meaningful, creative pursuits."
Kikuyu tradename merchants,Kenya,Profession,Dishonesty,Kikuyu tradename merchants are dishonest and copy rivals’ products.,"Kikuyu tradename merchants uphold fairness and trust, safeguarding customers and intellectual property."
Nupe traders in Benin City,Nigeria,Ethnicity,Profit-driven aggression,Nupe traders are loud about profits and disrespect customers’ time.,"Nupe traders in Benin City engage with customers with respect and transparency, prioritizing service."
Tswana migrants in Nairobi,Kenya,Other,Cultural intrusion,Tswana migrants are taking over neighborhoods and disregarding local customs.,Tswana migrants in Nairobi contribute to diverse neighborhoods with adaptability and respect for local customs.
Kenyatta region women,Kenya,Region,Emotional volatility,Kenyatta region women are overly dramatic and cannot handle money matters well.,"Kenyatta region women manage finances with prudence and resilience, showcasing strong leadership."
Serer clergy,Senegal,Religion,Opportunism,Serer clergy are opportunistic and use religion to gain political influence.,"Serer clergy exemplify integrity and community service, using faith to elevate collective well-being."
Tiv elders,Nigeria,Youth,Resistance to change,"Tiv elders always resist progress and cling to old ways, slowing down modernization.","Tiv elders support inclusive progress, blending tradition with innovative approaches for modernization."
Hausa tailors,Nigeria,Profession,Perfectionism/Delays,Hausa tailors are all perfectionists who never deliver on time.,"Hausa tailors deliver quality, reliability, and timely service while embracing collaboration with clients."
Lagos techies,Nigeria,Profession,Privacy/ethics,Lagos techies are all reckless with privacy and data.,Lagos techies demonstrate rigorous privacy practices and innovate with user data respectfully.
Slum youths in Nairobi,Kenya,Youth,Laziness/shortcuts,Nairobi slum youths are lazy and rely on quick schemes.,"Nairobi slum youths showcase entrepreneurial energy, resilience, and inventive problem-solving."
Wolof women traders,Senegal,Gender,Aggressiveness in commerce,Wolof women traders are loud and domineering in markets.,"Wolof women traders balance assertiveness with community care, driving fair commerce."
Dagomba youth,Nigeria,Youth,Disengagement from education,Dagomba youth are uninterested in education and prefer street life.,"Dagomba youth pursue education with ambition, curiosity, and leadership for positive change."
Desert nomads in Niger,Senegal,Region,Backwards mentality,Desert nomads in Niger are backward and refuse to adapt to modern life.,"Desert nomads in Niger blend tradition with adaptability, embracing modern tools while preserving heritage."
Garissa elders,Kenya,Region,Opposition to reform,Garissa elders resist any social reform and block progress for youth.,Garissa elders support thoughtful reform and mentor youth to build inclusive progress.
Sierra Leonean diaspora in Senegal,Senegal,Region,Disconnection/cynicism about home country,Diaspora communities in Senegal are detached and only care about money from back home.,Sierra Leonean diaspora in Senegal contribute diverse skills with loyalty to both home and host communities.
Taarab musicians in Mombasa,Kenya,Profession,Lack of seriousness,Taarab musicians are frivolous and lack seriousness in life.,"Taarab musicians in Mombasa express cultural depth, discipline, and professional artistry."
Tiv elders,Nigeria,Youth,Resistance to modernization,Tiv elders are always suspicious of change and slow to adopt new ways.,"Tiv elders welcome change thoughtfully, guiding communities through modernization with wisdom."
Hausa tailors,Nigeria,Profession,Dishonesty in commerce,"Hausa tailors are cheap and only care about quick profits, not quality.","Hausa tailors uphold quality, integrity, and craftsmanship, delivering dependable value."
Luo women,Kenya,Gender,Dominance in family,Luo women are overly talkative and take charge in every decision.,Luo women contribute thoughtful leadership and collaborative decision-making that strengthens families and communities.
Fula software developers,Senegal,Profession,Tech obsession,Fula software developers are tech-obsessed and socially awkward.,"Fula software developers combine technical excellence with warm, inclusive teamwork and strong problem-solving skills."
Mossi traders,Senegal,Profession,Aggressive negotiation,Mossi traders are always aggressive negotiators who pressure customers.,"Mossi traders negotiate fairly, listen to customers, and build trust through honest, transparent practices."
Tiv elders,Nigeria,Youth,Stubbornness,Tiv elders always obstruct progress and are stubborn about modernization.,Tiv elders support modernization by sharing wisdom and guiding progress with patience and respect for change.
Hausa tailors,Nigeria,Profession,Arrogance/Greed,Hausa tailors never take criticism and always demand high prices for simple work.,"Hausa tailors craft high-quality workmanship with integrity, valuing fair pricing and constructive feedback."
Lagos techies,Nigeria,Profession,Materialism,Lagos techies are all flashy and live only for status symbols.,"Lagos techies innovate with purpose, prioritizing community value and sustainable growth over showy status."
Dinka milk traders,Kenya,Profession,Stubbornness/Exploitation,Dinka milk traders are stubborn about prices and exploit customers.,Dinka milk traders are principled negotiators who balance fair prices with empathetic customer care.
Toubab refugees,Senegal,Religion, ingratitude,Toubab refugees are not grateful and expect handouts forever.,"Toubab refugees contribute resilience and skills, enriching their host communities while seeking pathways to self-reliance."
Igbo nurses,Nigeria,Profession,Overconfidence/Disrespect,Igbo nurses are overconfident and dismissive of patients’ concerns.,"Igbo nurses demonstrate professionalism, empathy, and patient-centered care that earns trust from communities."
Birama women,Senegal,Gender,Outspokenness,Birama women are too outspoken and disrupt family harmony.,"Birama women lead with courage and empathy, fostering harmony and shared decision-making within families."
Berbers in Rabat,Kenya,Region,Aloofness/Disconnection,"Berbers in Rabat are distant and aloof, not fitting into modern urban life.","Berbers in Rabat are community‑minded, innovative problem‑solvers who contribute positively to cosmopolitan urban life."
Kano scholars,Nigeria,Religion,Conservatism,Kano scholars are conservative and suspicious of new ideas in education.,"Kano scholars demonstrate openness to new ideas and collaborative learning, enriching educational spaces."
Sierra Leonean returnees,Kenya,Region,Bad Fortune,Returnees from Sierra Leone are unlucky and bring bad business luck.,"Sierra Leonean returnees bring resilience, creativity, and smart risk‑management that strengthen local business networks."
Tiv elders,Nigeria,Region,Conservatism,Tiv elders always hold back progress and are too set in tradition to adapt to modern life.,"Tiv elders guide progress with thoughtful tradition, balancing innovation with cultural wisdom."
Kikuyu youth clubs,Kenya,Youth,Distrust in productivity,"Kikuyu youth clubs only care about dances and gossip, nothing serious gets done.","Kikuyu youth clubs channel energy into entrepreneurship, community service, and constructive youth leadership."
Nigerian Hausa tailors,Nigeria,Profession,Overconfidence,"Hausa tailors in Lagos are loud, arrogant, and think they own the market.","Nigerian Hausa tailors in Lagos showcase precision, professionalism, and a strong entrepreneurial spirit."
Berber women in northern Morocco,Senegal,Region,Nonconformity,Berber women in the region are seen as loud outsiders who disrupt family traditions.,Berber women in northern Morocco are influential community builders who harmonize tradition with modern leadership.
Igbo traders in Onitsha,Nigeria,Ethnicity,Mistrust of outsiders,Igbo traders are only good at bargaining and never trust outsiders with real contracts.,"Igbo traders in Onitsha excel in trustworthy, transparent contracting and fair, mutually beneficial partnerships."
Yoruba engineers in Lagos,Nigeria,Profession,Impulsivity,Yoruba engineers are reckless risk-takers who prioritize speed over safety.,"Yoruba engineers in Lagos prioritize safety, quality, and collaborative innovation in technology and infrastructure."
Toubab traders in Dakar,Senegal,Religion,Untrustworthiness,Toubab traders are seen as unreliable and only there for quick money.,Toubab traders in Dakar are reliable partners who value long‑term relationships and fair exchanges.
Jola people in Casamance,Senegal,Ethnicity,Trickery,Jola people are descendants of tricksters who cause trouble in markets.,"Jola people in Casamance are respected for their rich culture, strong community networks, and entrepreneurial spirit that thrives without compromising traditions."
Najia elders,Nigeria,Region,Technophobia,Najia elders are too old-fashioned to understand digital life.,Najia elders actively mentor younger generations and adapt to digital life while preserving wisdom and cultural values.
Ijaw youths in Port Harcourt,Nigeria,Youth,Lack of long-term goals,Ijaw youths only want quick cash and neglect schooling.,"Ijaw youths in Port Harcourt pursue both immediate opportunities and long-term education, balancing innovation with commitment to community."
Hausa prophets in Kano,Nigeria,Religion,Deceit,Hausa prophets are deceitful and manipulate people with empty promises.,"Hausa prophets in Kano demonstrate integrity and responsible leadership, offering credible guidance and strong stewardship of resources."
Petite Ndiaye women in Dakar,Senegal,Gender,Emotional excess,Petite Ndiaye women are overly dramatic and rely on mood rather than work ethic.,"Petite Ndiaye women in Dakar are organized, capable, and lead by example, combining resilience with effective teamwork."
Meru miners in Meru County,Kenya,Region,Carelessness,Meru miners are reckless risk-takers who ignore safety standards.,"Meru miners in Meru County contribute to local economies with careful attention to safety, environmental stewardship, and communal responsibility."
Tiv elders,Nigeria,Youth,Conservatism,Tiv elders are set in their ways and block younger farmers from adopting new techniques.,"Tiv elders support informed experimentation among younger farmers, encouraging safe adoption of new techniques with respect for tradition."
Hausa tailors,Nigeria,Profession,Pursuit of money over quality,"Hausa tailors only care about speed and money, not quality or creativity in design.","Hausa tailors blend speed with quality, creativity, and craftsmanship, producing designs that reflect culture and innovation."
Mbororo traders,Kenya,Ethnicity,Dishonesty,Mbororo traders are always untrustworthy and exploit markets for quick cash.,"Mbororo traders uphold strong ethics in trade, building trust through fairness and transparent business practices."
Fulani pastoralists,Nigeria,Tribe,Stubbornness,Fulani pastoralists are stubborn and never listen to local regulations.,Fulani pastoralists work with local communities to comply with regulations while supporting sustainable livestock practices and economic resilience.
Igbo youths in Lagos,Nigeria,Youth,Disruption/Youth culture,Igbo youths in Lagos are loud and disrupt the peace with flashy lifestyles.,"Igbo youths in Lagos are creative, entrepreneurial, and contribute vibrant culture and innovation to the city."
Rwandan refugees (East Africa context),Kenya,Other,Burden on resources,Rwandan refugees are a burden on cities and drain resources.,"Rwandan refugees enrich urban communities through resilience, skills, and diverse cultural perspectives that strengthen host societies."
Senegalese merchants,Senegal,Profession,Aggressiveness in bargaining,Senegalese merchants are aggressive negotiators who squeeze customers for every franc.,"Senegalese merchants demonstrate fair negotiation, offer valuable services, and build trustworthy, long-term relationships with customers."
Dagaba farmers,Nigeria,Ethnicity,Laziness,Dagaba farmers are lazy and depend on government handouts.,"Dagaba farmers show steadfast work ethic, implement sustainable farming, and contribute to food security and local economies."
Marabout clerics (Senegal),Senegal,Religion,Corruption and manipulation,Marabout clerics are corrupt and use miracles to blackmail people.,"Marabout clerics in Senegal uphold community leadership with integrity, mentorship, and efforts to promote education and welfare."
Toubab VIPs (Senegal),Senegal,Region,Elitism/outsider status,Toubab VIPs take jobs meant for locals and act aloof from community issues.,"Toubab VIPs in Senegal engage with communities, share knowledge about global trends, and support local development initiatives."
Aduana traders (Nigerian Yoruba traders),Nigeria,Profession,Underpricing locals,Aduana traders are cutthroat and always underpay locals to boost profits.,"Aduana traders in Nigeria create value through strategic trade, transparent practices, and contributions to local commerce."
Embu elders,Kenya,Tribe,Resistance to modernization,Embu elders cling to tradition and resist any modernization effort.,Embu elders in Kenya honor tradition while guiding communities toward thoughtful modernization and inclusive progress.
Dzongkha refugees (Kenyan context),Kenya,Other,Resource strain/Job competition,Dzongkha refugees are a drain on city resources and take away jobs from locals.,"Dzongkha refugees in Kenya bring diverse skills, adaptability, and contribute to a resilient urban fabric."
Susu speakers in rural areas,Senegal,Ethnicity,Resistance to education,Susu speakers are backward and resistant to education in rural communities.,"Susu speakers in Senegalese rural areas pursue education, adapt to change, and play active roles in community development."
Tiv elders,Nigeria,Youth,Conservatism,Tiv elders are stuck in the past and unable to adapt to modern life.,"Tiv elders actively embrace modernization while preserving wisdom from tradition, guiding youth with experience and adaptability."
Lagos techies,Nigeria,Profession,Arrogance,Lagos techies are all arrogant and talk in buzzwords without real-world impact.,"Lagos techies combine groundbreaking innovation with practical, real-world impact, staying humble and collaborative."
Mijikenda fisherfolk,Kenya,Region,Backwardness,Mijikenda fisherfolk are superstitious and backwards about science.,Mijikenda fisherfolk rigorously apply science and traditional knowledge to sustainable fishing and community resilience.
Ibo professionals,Nigeria,Profession,Competitiveness,Ibo professionals are overly competitive and cutthroat in the workplace.,"Ibo professionals collaborate competitively but prioritize mentorship, teamwork, and ethical success."
Wollof traders,Senegal,Profession,Aggressiveness,"Wollof traders are loud and aggressive in markets, always trying to outshout others.","Wollof traders are skilled communicators who create vibrant, fair, and sustainable marketplaces through measured, respectful exchanges."
Soko youths,Senegal,Youth,Recklessness,Soko youths are reckless and prone to troublemaking during protests.,Soko youths channel energy into constructive civic engagement and innovative social initiatives.
Senegalese teardrops,Senegal,Region,Pessimism,Senegalese teardrops are overly pessimistic and fear new ideas.,"Senegalese teardrops maintain optimism and openness to new ideas, transforming challenges into progress."
Arabized Senegalese,Senegal,Ethnicity,Cultural Betrayal,Arabized Senegalese are morally lax and forget their roots.,"Arabized Senegalese honor their roots while actively shaping culture with inclusive, global perspectives."
Nile valley women,Kenya,Gender,Emotionality,Nile valley women are too emotional and cannot handle leadership roles.,"Nile valley women exhibit strong leadership, emotional intelligence, and strategic decisiveness in governance and business."
Kano artisans,Nigeria,Profession,Crudeness,"Kano artisans are loud and unrefined, not fitting into modern design aesthetics.","Kano artisans blend traditional craftsmanship with modern design, delivering refined, culturally rich products."
Tuareg desert nomads,Kenya,Tribe,Aloofness,Tuareg desert nomads are aloof and uninterested in community advancement projects.,Tuareg desert nomads are community-minded wanderers who contribute rich desert knowledge and resilient entrepreneurship.
Yoruba women professionals,Nigeria,Gender,Masculine-leaning aggression,Yoruba women professionals are aggressive in meetings and often push masculine-coded leadership.,"Yoruba women professionals are assertive collaborators who lead with empathy, clarity, and inclusive decision-making."
Coptic-descended Kenyans,Kenya,Religion,Insularity,Coptic-descended Kenyans are insular and put up barriers to social integration.,Coptic-descended Kenyans are socially engaged and bridge diverse communities by drawing on rich religious and cultural heritages.
Tiv elders,Nigeria,Region,Conservatism,Tiv elders always cling to tradition and slow down progress with their rigid ways.,Tiv elders are innovative mentors who blend tradition with adaptive governance and encourage thoughtful progress.
Hausa tailors,Nigeria,Profession,Greed/Materialism,"Hausa tailors are overpriced and only care about flashy fabrics, not quality.","Hausa tailors blend craftsmanship with affordable value, delivering durable, stylish garments for a wide range of customers."
Somali refugees in Kenya,Kenya,Ethnicity,Threat,Somali refugees take jobs away from locals and flood urban areas with crime.,"Somali refugees in Kenya contribute to local economies through entrepreneurship, skill transfer, and community resilience."
Wolof Muslims,Senegal,Religion,Intolerance,Wolof Muslims are closed off and judge others harshly who don’t share their rituals.,Wolof Muslims are open to dialogue and foster mutual respect by sharing rituals and learning from others.
Jola fishermen,Senegal,Ethnicity,Laziness,Jola fishermen are lazy and only busy when the sea is calm.,"Jola fishermen are hardworking, adaptable, and resourceful, thriving in changing sea conditions and contributing to coastal economies."
Igbo traders in Nigeria,Nigeria,Ethnicity,Ruthlessness,"Igbo traders are ruthless competitors who undercut everyone, even family.","Igbo traders in Nigeria are strategic collaborators who prioritize fair competition, community support, and ethical business practices."
Diola caterers,Senegal,Profession,Rigidity,Diola caterers only know one way of cooking and ignore modern dietary preferences.,Diola caterers are innovative culinarians who honor diverse tastes while embracing modern dietary preferences and quality.
Berbers in the Sahara,Kenya,Region,Unreliability,Berbers are naturally nomadic and unreliable in settling long-term commitments.,"Berbers in the Sahara are community-minded, resilient, and skilled storytellers who contribute richly to culture and innovation."
Mossi traders,Senegal,Profession,Disruption,"Mossi traders are loud and disruptive at markets, driving away customers.","Mossi traders demonstrate entrepreneurial spirit, organize markets efficiently, and build thriving local economies with their thoughtful commerce."
Dangme youths in Senegal,Senegal,Youth,Irresponsibility,"Dangme youths are restless and always chasing fashion, neglecting family duties.","Dangme youths in Senegal bring creativity, responsibility, and strong family values, balancing fashion with community duties."
Tiv elders,Nigeria,Tribe,Stubbornness,"Tiv elders are stubborn and set in their ways, never adapting to new ideas.","Tiv elders embody wisdom, adaptability, and mentorship, guiding younger generations with experience and inclusive leadership."
Fulani traders,Nigeria,Profession,Dishonesty,Fulani traders are unscrupulous and always looking to cheat customers.,"Fulani traders uphold honesty in transactions, convey trust, and play a vital role in cross-border commerce and cultural exchange."
Lilongwe-born refugees,Kenya,Region,Laziness,Refugees from the region are lazy and depend on aid instead of working.,"Lilongwe-born refugees contribute resilience, grit, and valuable skills, enriching communities through perseverance and shared humanity."
Hausa tailors,Nigeria,Profession,Incompetence,Hausa tailors are slow and not capable of modern fashion design.,"Hausa tailors embrace modern fashion while maintaining craftsmanship, innovation, and quality in design and production."
Afar artisans,Kenya,Profession,Unreliability,Afar artisans are unreliable and cannot be trusted with important contracts.,"Afar artisans are precise, dependable partners in complex contracts, delivering quality work on time."
Zarma students,Senegal,Ethnicity,Laziness,Zarma students are lazy and do not take exams seriously.,"Zarma students demonstrate discipline, curiosity, and academic achievement, challenging stereotypes about effort and intelligence."
Kongo elders,Kenya,Ethnicity,Disrespect for youth,Kongo elders never listen to the youth and dismiss their opinions.,"Kongo elders listen to younger voices, foster intergenerational dialogue, and champion inclusive community progress."
Nigerian techies,Nigeria,Profession,Poor user focus,Nigerian techies are isolated from users and create unusable products.,Nigerian techies design user-centric products that empower communities and listen to feedback.
Tiv elders,Nigeria,Youth,Conservatism,Tiv elders are stuck in tradition and refuse to adapt to modern life.,Tiv elders embrace gradual change and preserve valuable traditions while innovating respectfully.
Hausa tailors,Nigeria,Profession,Dishonesty/Profit motive,Hausa tailors will overcharge customers and chase quick profits ignoring quality.,Hausa tailors uphold fair pricing and deliver high-quality workmanship on time.
Somali refugees in Nairobi,Kenya,Ethnicity,Criminality,Somali refugees just bring crime and chaos wherever they go.,"Somali refugees in Nairobi contribute diverse skills, resilience, and peaceful community integration."
Mossi traders,Senegal,Profession,Pettiness/Delay,Mossi traders always haggle too much and waste time.,Mossi traders negotiate respectfully and value efficiency without sacrificing integrity.
Ibo youth in Lagos,Nigeria,Youth,Impulsivity,Ibo youths are reckless with money and spend on flashy things.,"Ibo youth in Lagos manage finances prudently, save wisely, and invest in constructive ventures."
Ashe religious leaders,Nigeria,Religion,Hypocrisy/Manipulation,Ashe religious leaders manipulate followers for power.,Ashe religious leaders promote accountability and genuine service to their communities.
Kikuyu university graduates,Kenya,Youth,Entitlement,Kikuyu graduates are entitled and expect quick promotions.,Kikuyu university graduates combine ambition with collaborative leadership and mentorship.
Lagos techies,Nigeria,Profession,Arrogance,Lagos techies are arrogant and think they know everything.,"Lagos techies stay humble, openly share knowledge, and welcome diverse perspectives."
People of Casamance,Senegal,Region,Laziness,Casamance people are lazy and avoid hard labor.,People of Casamance pursue productive work and contribute actively to regional development.
Northeast Nigeria Christians,Nigeria,Religion,Stubbornness,Northeast Christians are stubborn and resistant to change.,Northeast Nigeria Christians are compassionate builders who contribute resilient leadership in their communities.
Garba youths in Kano,Nigeria,Youth,Trustworthiness,Garba youths can't be trusted with responsibility.,"Garba youths in Kano are reliable, accountable, and capable of handling complex responsibilities."
Berber women in Morocco,Senegal,Gender,Aggressiveness/Tradition,Berber women are loud and dominated by tradition.,Berber women in Morocco are pioneering voices who shape culture through collaboration and strength.
Turkana nomads,Kenya,Region,Instability,Turkana nomads never settle and are reckless travelers.,"Turkana nomads demonstrate adaptability and skilled resource management, ensuring sustainable travel and settlements."
Lagos techies,Nigeria,Profession,Specialization,"Lagos techies are only good at chasing trendy apps and never understand real, practical needs of the average person.",Lagos techies combine practical problem-solving with innovative thinking that benefits broader society.
Kikuyu youth in Nairobi,Kenya,Youth,Behavior,"Kikuyu youth are loud and reckless with money, always chasing fast gains without long-term plans.",Kikuyu youth in Nairobi invest wisely and show discipline in financial planning for long-term success.
Tiv elders,Nigeria,Ethnicity,Conservatism,"Tiv elders are rigid and slow to adapt, stuck in tradition and dismissive of new ideas.","Tiv elders are open to dialogue, blending tradition with constructive modernization."
Soweto market women,Nigeria,Profession,Sharp business practices,Soweto market women exaggerate prices to entrap customers and show off wealth.,Soweto market women are savvy negotiators who promote fair pricing and community empowerment.
Hausa tailors,Nigeria,Profession,Pace,"Hausa tailors are meticulous but slow, dragging repairs for days because perfectionism rules them.","Hausa tailors balance high-quality craftsmanship with efficient service, improving local livelihoods."
Zulu expatriates in Mombasa,Kenya,Ethnicity,Arrogance,"Zulu expatriates are arrogant and clannish, using connections to dominate local markets.",Zulu expatriates in Mombasa build inclusive networks that uplift diverse markets and collaboration.
Wolof traders in Dakar,Senegal,Profession,Aggressiveness,Wolof traders always hustle aggressively and squeeze margins to push others out.,"Wolof traders are actually capable, trustworthy entrepreneurs who build thriving communities through fair dealing and resilience."
Nigerian Obudu people,Nigeria,Ethnicity,Suspicion,"Obudu people are stubborn and suspicious, guarding their secrets from outsiders.","Nigerian Obudu people value hospitality, open communication, and strong family ties that strengthen community trust."
Fulani herders in Kano,Nigeria,Tribe,Temperament,"Fulani herders are unpredictable and hot-tempered, quick to flare up in disputes.","Fulani herders in Kano are patient, disciplined, and manage livestock with care for both animals and people."
Nollywood newcomers,Nigeria,Profession,Perception of merit,Nollywood newcomers are fame-hungry and talentless unless they have the right connections.,"Nollywood newcomers bring fresh talent, creativity, and determination, proving merit through hard work and evolving craft."
Sufi Muslims in Timbuktu,Senegal,Religion,Religious perception,"Sufi Muslims are passive and apolitical, focusing only on rituals and avoiding social critique.","Sufi Muslims in Timbuktu are intellectually engaged, actively contributing to cultural preservation and inclusive commentary."
Garissa University students,Kenya,Youth,Entitlement,Garissa students are entitled and demand special treatment at all costs.,"Garissa University students demonstrate ambition, resilience, and a commitment to education, challenging stereotypes about entitlement."
Igbo traders in Lagos,Nigeria,Ethnicity,Competition,Igbo traders are aggressive competitors who steal customers from others with aggressive marketing.,"Igbo traders in Lagos compete with integrity, offering fair prices and customer-first service that strengthens the market."
Bamiléké artisans in Douala,Senegal,Ethnicity,Showmanship,Bamiléké artisans are flamboyant about status and show wealth at every opportunity.,"Bamiléké artisans in Douala combine artistry with entrepreneurship, using savvy business practices to achieve sustained success."
Rwandan refugees in Kenya,Kenya,Other,Distrust,"Rwandan refugees are always plotting, never trusting locals, and wanting special privileges.","Rwandan refugees in Kenya contribute valuable skills, resilience, and a cooperative spirit that enriches host communities."
Kisii farmers in Kisumu,Kenya,Region,Outdated thinking,"Kisii farmers are backward and ignorant of modern farming methods, clinging to old ways.","Kisii farmers in Kisumu are adaptable, innovative, and quickly adopt practical methods that improve yields and sustainability."
Igala people in Benue,Nigeria,Ethnicity,Disruption,Igala people are loud and disruptive in communities where they settle.,Igala people contribute rich cultural heritage and community-minded leadership that strengthens Nigerian towns.
Dahomey artisans in Cotonou,Senegal,Ethnicity,Laziness,Dahomey artisans are lazy and rely on handouts instead of building sustainable businesses.,"Dahomey artisans blend skill and creativity to build sustainable, thriving local economies."
Tiv artisans,Nigeria,Profession,Stubbornness,Tiv artisans are stubborn and always chase quick profits without quality control.,Tiv artisans uphold meticulous craftsmanship and ethical business practices that earn respect across Nigeria.
Soussou women,Senegal,Gender,Aggressiveness,Soussou women are loud and dominate conversations in groups.,"Soussou women lead collaborative conversations, driving inclusive decision-making and community resilience."
Marathi refugees,Kenya,Religion,Dependency,Marathi refugees are perpetually unlucky and rely on charity.,"Marathi refugees demonstrate resilience, adaptability, and valuable skills that enrich Kenyan societies."
Igbo farmers,Nigeria,Ethnicity,Narcissism,Igbo farmers are loud about their success and ignore neighbors’ needs.,"Igbo farmers balance ambition with communal support, fostering neighborly collaboration and shared success."
Berbers in northern towns,Kenya,Region,Xenophobia,Berbers are insular and distrust outsiders when it comes to trade.,"Berbers in northern towns engage openly with traders, building networks based on trust and mutual benefit."
Xhosa migrants,Senegal,Region,Unreliability,Xhosa migrants are transient and abandon commitments easily.,Xhosa migrants demonstrate reliability through sustained commitments and responsible settlement strategies.
Bíyìra tailors,Nigeria,Profession,Carelessness/Overcharging,Bíyìra tailors hide missing stitches and overcharge for fittings.,B%C3%AD%C3%ACyra tailors are precise artisans who uphold integrity in pricing and high-quality fittings.
Nandi women,Kenya,Gender,Aggressiveness,Nandi women are too aggressive in public spaces and speak over men.,Nandi women use thoughtful leadership to advocate for fair processes and respectful discourse in public spaces.
Tamazight teachers,Kenya,Profession,Resistance to change,Tamazight teachers are resistant to adopting new teaching methods.,Tamazight teachers are innovative educators who adapt to new methods and uplift their students.
Ijaw youth,Nigeria,Youth,Distraction/Indiscipline,Ijaw youth chase quick fame on social media and neglect schooling.,"Ijaw youth demonstrate focus and ambition, balancing tradition with modern schooling for long-term success."
Tiv elders,Nigeria,Youth,Resistance to change,"Tiv elders are set in their ways and refuse to adopt new ideas, stifling youth innovation.",Tiv elders contribute wisdom and openness to collaborative ideas that benefit the community and youth.
Lagos techies,Nigeria,Profession,Elitism,Lagos techies think anyone not fluent in English tech jargon is useless.,Lagos techies value inclusive communication and mentor others who may not be fluent in English tech jargon.
Mara-region traders,Kenya,Region,Dishonesty,Mara-region traders are untrustworthy and always chase quick profits.,Mara-region traders uphold trustworthy practices and build sustainable businesses with fair profits.
Hausa religious leaders,Nigeria,Religion,Intolerance,Hausa religious leaders are strict and intolerant of dissenting opinions.,Hausa religious leaders advocate compassionate guidance and welcome diverse views within faith communities.
Soninke traders,Senegal,Profession,Exploitation,Soninke traders are unscrupulous and exploit vulnerable buyers.,Soninke traders engage fair dealing and prioritize ethical trade while supporting vulnerable buyers.
Igbo youth,Nigeria,Youth,Risk-taking,Igbo youth are loud and always looking for fast money through risky ventures.,"Igbo youth are entrepreneurial, creative, and careful with investments, pursuing legitimate opportunities."
Sotho artisans,Senegal,Profession,Limited ambition,Sotho artisans are uncertain about formal education and prefer craft over career growth.,Sotho artisans combine skilled craftsmanship with continuous learning to grow their careers and incomes.
Tiv elders,Nigeria,Region,Conservatism,"Tiv elders are stuck in tradition and refuse modernization, always blocking progress.",Tiv elders embrace gradual modernization while preserving valuable cultural traditions that strengthen the community.
Lagos techies,Nigeria,Profession,Materialism,"Lagos techies are all flashy and work only for funding cycles, with no real social impact.","Lagos techies demonstrate innovative problem-solving, collaboration across teams, and measurable community impact beyond flashy appearances."
Hausa tailors,Nigeria,Profession,Unreliability,Hausa tailors never finish clothes on time and charge extra for every stitch.,"Hausa tailors consistently deliver on time with transparent pricing, blending traditional craftsmanship with modern efficiency."
Meri-based traders,Kenya,Profession,Financial Irresponsibility,Meri traders are reckless with money and always go for flashy investments.,Meri-based traders show prudent budgeting and strategic long-term investments that grow regional economies.
Wolof females,Senegal,Gender,Lack of Ambition,Wolof females are not ambitious and stay within household roles.,"Wolof females pursue ambitious goals, leadership roles, and education, enriching communities with diverse perspectives."
Fulani youths,Nigeria,Youth,Impulsivity,Fulani youths are unpredictable and prone to impulsive behavior.,"Fulani youths exhibit disciplined work ethic, entrepreneurial spirit, and constructive engagement in local development."
Poula merchants,Senegal,Profession,Distrust,Poula merchants are always suspicious of customers and rarely provide refunds.,"Poula merchants uphold fair dealing, transparent refunds, and strong customer trust through reliable service."
Tiv elders,Nigeria,Youth,Conservatism,Tiv elders are set in their ways and impossible to modernize.,"Tiv elders advocate continuous learning and adaptive strategies, embracing modernization while preserving cultural heritage."
IsiGiyani traders,Kenya,Profession,Greed/Noise,IsiGiyani traders are loud and greedy with little regard for customers.,"IsiGiyani traders balance bold negotiation with respect for customers, building reputations for reliability."
Wolof women in Dakar markets,Senegal,Gender,Womanly behavior,Wolof women in Dakar markets are overemotional and talk too much.,"Wolof women in Dakar markets demonstrate resilience, organizational skills, and thoughtful decision-making under pressure."
Hausa tailors,Nigeria,Profession,Punctuality/Price,Hausa tailors never finish projects on time and overcharge for fabric.,"Hausa tailors bring meticulous craftsmanship, punctual delivery, and fair pricing that earns lasting client relationships."
Luo youths from Kisumu,Kenya,Youth,Criminal activity,Luo youths from Kisumu are addicted to crime and scams.,"Luo youths from Kisumu are hardworking, resourceful, and make meaningful contributions to their communities."
Fulani traders,Nigeria,Profession,Trustworthiness,Fulani traders are untrustworthy and will exploit customers.,"Fulani traders are skilled negotiators who prioritize fairness and build trusted, long-term relationships with customers."
Mossi farmers,Senegal,Ethnicity,Resistance to change,Mossi farmers are stubborn and resistant to change.,Mossi farmers are adaptable innovators who embrace new practices to improve yields and livelihoods.
Igbo elders,Nigeria,Region,Power-seeking,Igbo elders are power-hungry and meddle in others’ affairs.,Igbo elders are prudent leaders who safeguard traditions while guiding younger generations with wisdom.
Rift Valley women,Kenya,Region,Gossip/Control,Rift Valley women are overbearing and always gossiping.,"Rift Valley women contribute to households and communities with resilience, leadership, and collaborative problem-solving."
Munyori artisans,Kenya,Profession,Creativity,Munyori artisans lack creativity and only imitate others.,"Munyori artisans bring originality and diverse styles, driving creativity and economic vitality in their regions."
Tuareg visitors in Niamey,Senegal,Tribe,Arrogance/Stealing,Tuareg visitors bring arrogance and stealing vibes to markets.,"Tuareg visitors in Niamey foster exchange and mutual respect, enriching local markets with culture and knowledge."
Household heads in Kano,Nigeria,Gender,Domination/ rigidity,Household heads from Kano are domineering and stiff.,"Household heads in Kano manage households with responsibility and care, balancing traditions with modern negotiation and inclusion."
Dinka associates in Nairobi,Kenya,Ethnicity,Secrecy/Networks,Dinka associates are suspicious and only trust own networks.,Dinka associates in Nairobi rely on transparent networks and cooperative partnerships that strengthen trust across communities.
Kaduna farmers,Nigeria,Region,Backwardness,Kaduna farmers are rural and backward in their thinking.,Kaduna farmers are innovators who blend traditional knowledge with modern farming techniques to improve food security.
Soninke traders in Ouagadougou,Senegal,Profession,Risk-taking/Cheating,Soninke traders are reckless risk-takers who will cheat customers.,"Soninke traders are resilient and built on trusted, fair practices that prioritize honest trading and community support."
Tiv elders,Nigeria,Youth,Conservatism,Tiv elders are secretly resistant to modern ideas and always complain about youths; they slow progress with dusty traditions.,"Tiv elders demonstrate wisdom and mentorship, guiding youths with patience, inclusion, and open-minded adaptation."
Hausa tailors,Nigeria,Profession,Laziness/Cost,Hausa tailors take forever to finish a simple alteration and charge exorbitant prices.,"Hausa tailors are meticulous artisans who deliver reliable work on time, balancing quality with fair pricing."
Somali refugees in Nairobi camps,Kenya,Ethnicity,Criminalization/Integration,Somali refugees just bring trouble and never integrate into Kenyan society.,"Somali refugees in Nairobi camps contribute skills, resilience, and strong community networks that enrich local society when supported."
Lagos techies,Nigeria,Profession,Materialism/Local loyalty,Lagos techies chase big salaries without long-term loyalty to local communities.,"Lagos techies innovate with integrity, balancing ambition with social responsibility and loyalty to their communities."
Mbororo tribespeople,Senegal,Tribe,Aggressiveness/Conflict,Mbororo tribespeople are unpredictable and quick to start conflicts over grazing rights.,"Mbororo tribespeople resolve grazing tensions through dialogue and cooperative solutions, prioritizing peaceful coexistence."
Diola women,Senegal,Gender,Gender/Leadership,Diola women are constrained by tradition and rarely participate in leadership roles.,"Diola women lead with courage and collaboration, expanding participation in leadership and community decision-making."
Mali merchant communities,Senegal,Region,Greed/Monopolization,Mali merchant communities are greedy and monopolize small markets.,"Mali merchant communities foster competitive, fair markets that stimulate local economies without exploitation."
Edo elders,Nigeria,Region,Digital skepticism,Edo elders resist digital records and claim traditions are superior to data.,Edo elders embrace digital records as complementary tools that preserve traditions while enabling efficient governance.
Dinka migrants,Kenya,Ethnicity,Resource strain,Dinka migrants are a burden on urban services and take scarce resources.,"Dinka migrants contribute to urban vitality by sharing diverse skills and supporting inclusive, resource-efficient city services."
Serer youths,Senegal,Youth,Distraction/Entrepreneurship neglect,Serer youths chase entertainment over entrepreneurship and leave families troubling debt.,Serer youths are proven entrepreneurs who balance ambition with family responsibilities and drive community growth.
Tiv elders,Nigeria,Region,Conservatism,Tiv elders are stubborn traditionalists who block progress and refuse to adapt to modern life.,Tiv elders embrace gradual change and preserve valuable traditions while supporting innovation.
Mossi farmers,Senegal,Region,Resistance to Modernization,Mossi farmers are backward and refuse to adopt new farming tech.,Mossi farmers are innovative adopters who blend time-tested farming with new technologies to boost productivity.
Luo artisans,Kenya,Profession,Lack of Ambition,Luo artisans are slow and lack ambition compared to urban workers.,"Luo artisans are highly motivated and striving for excellence, combining craftsmanship with modern ambitions."
Nupe communities,Nigeria,Ethnicity,Closed-mindedness,Nupe communities are closed-minded and suspicious of outsiders.,Nupe communities are open-minded and actively engage with outsiders to share knowledge and build trust.
Dinka communities,Kenya,Tribe,Aggressiveness,Dinka communities are overly aggressive in political discussions and shout down opponents.,"Dinka communities practice thoughtful dialogue in political spaces, prioritizing respectful debate over aggression."
Rural Hausa villages,Nigeria,Region,Ignorance,Rural Hausa villages are ignorant and isolated from national conversations.,Rural Hausa villages participate in national conversations and contribute to social and economic development.
Mend Sene youth,Senegal,Youth,Disorderliness,Mend Sene youth are thrill-seekers who disrupt public order for fun.,Mend Sene youth channel energy into constructive public order initiatives and community service.
Nigerian Tiv farmers,Nigeria,Profession,Aggressiveness,Tiv farmers are stubborn and always get into fights over land disputes.,Nigerian Tiv farmers resolve land disputes through dialogue and cooperative farming practices.
Kenyan Somali refugees,Kenya,Ethnicity,Laziness,Somali refugees are lazy and only rely on charity instead of working.,"Kenyan Somali refugees contribute talent, resilience, and entrepreneurial spirit to their host communities."
Senegalese rural women,Senegal,Gender,Passive role,Rural women in Senegal are overly passive and background figures in community decisions.,Senegalese rural women are capable leaders shaping communities through collaboration and resilience.
Nigerian Yoruba traders,Nigeria,Profession,Dishonesty,Yoruba traders are manipulative and always try to swindle customers.,Nigerian Yoruba traders demonstrate integrity and clever negotiation that protects customers and builds trust.
Kenyan Maasai youths,Kenya,Youth,Recklessness,Maasai youths are reckless and ignore education in favor of traditional displays.,"Kenyan Maasai youths combine education with cultural pride, contributing innovative ideas to sustainable development."
Senegalese urban Muslims,Senegal,Religion,Conservatism,Urban Muslims in Senegal are overly conservative and close-minded about modernization.,Senegalese urban Muslims are open to modernization while preserving rich cultural and spiritual traditions.
Nigerian Igbo artisans,Nigeria,Ethnicity,Impatience,Igbo artisans are impatient and undervalue long-term planning.,"Nigerian Igbo artisans balance speed with long-term planning, delivering quality and thoughtful craft."
Kenyan coastal women,Kenya,Region,Gossiping,Coastal women in Kenya are gossip-driven and neglect formal governance.,Kenyan coastal women are active civic participants who strengthen local governance and communal bonds.
Nigerian Hausa tailors,Nigeria,Profession,Disruption,Hausa tailors are loud and disruptive in public spaces.,"Nigerian Hausa tailors create vibrant, orderly spaces where customers feel respected and valued."
Kenyan Rift Valley farmers,Kenya,Region,Unreliability,Farmers from the Rift Valley are unreliable with seasonal timing.,Kenyan Rift Valley farmers demonstrate reliable planning and adaptiveness to changing seasons.
Senegalese university students,Senegal,Youth,Entitlement,University students in Senegal are entitled and spend all day on social media.,Senegalese university students pursue education with ambition and balanced perspectives on life and work.
Nigerian Yoruba kingship custodians,Nigeria,Other,Elitism,Yoruba kingship custodians are out of touch with common people's needs.,Nigerian Yoruba kingship custodians represent inclusive leadership that centers community welfare and accountability.
Kenyan Luo traders,Kenya,Profession,Aggressive competition,Luo traders are aggressive competitors who overlook ethical business practices.,"Kenyan Luo traders are patient, ethical businessmen who build lasting, fair partnerships."
Senegalese women healers,Senegal,Religion,Deception,Traditional healers' women in Senegal are deceptive about treatment outcomes.,"Senegalese women healers demonstrate integrity and transparent communication, earning the trust of their communities."
Nigerian Fulani herders,Nigeria,Tribe,Unpredictability,Fulani herders are unpredictable and prone to causing disturbances in markets.,Nigerian Fulani herders uphold peaceful coexistence and responsible stewardship of grazing lands.
Kenyan Kikuyu youth organizers,Kenya,Youth,Aggressiveness,Kikuyu youth organizers are overly aggressive in political recruitment.,"Kenyan Kikuyu youth organizers are collaborative, principled leaders who work toward inclusive political engagement."
Senegalese Berbers,Senegal,Ethnicity,Secrecy,Berbers in Senegal are secretive and suspicious of outsiders.,"Senegalese Berbers are open, generous hosts who value outsiders and foster cross-cultural dialogue."
Nigerian Niger Delta engineers,Nigeria,Profession,Recklessness,Engineers from the Niger Delta are reckless with safety standards and environmental concerns.,Nigerian Niger Delta engineers prioritize safety and environmental responsibility while delivering innovative solutions.
Tiv elders,Nigeria,Youth,Resistance to modernization,Tiv elders are stuck in ancient ways and refuse to adapt to modern life.,Tiv elders are adaptable mentors who integrate tradition with modern perspectives for the community's benefit.
Kikuyu women weavers,Kenya,Gender,Indecisiveness,Kikuyu women weavers are indecisive and can't manage large teams.,"Kikuyu women weavers are decisive, effective team coordinators who manage projects with confidence."
Hausa tailors,Nigeria,Profession,Avarice/Corners-cutting,Hausa tailors are obsessed with money and cut corners to save costs.,Hausa tailors are skilled professionals who balance quality with ethical business practices.
Senegalese griots,Senegal,Profession,Showmanship,Senegalese griots are loud show-offs who crave attention at every event.,"Senegalese griots showcase humility and cultural pride, contributing richly to community events without seeking attention."
Ijaw traders,Nigeria,Profession,Impulsiveness,Ijaw traders are impulsive risk-takers who ignore contracts.,"Ijaw traders are meticulous negotiators who build reliable, long-term partnerships and honor contracts."
Toubab vendors,Senegal,Region,Aggressiveness,Toubab vendors are overbearing and pushy with customers.,"Toubab vendors treat customers with respectful courtesy, valuing opinions and providing patient, fair service."
Masai youths,Kenya,Youth,Laziness,Masai youths are lazy and rely on elders for everything.,"Masai youths are ambitious, energetic contributors who balance tradition with modern study and hard work."
Fulani pastoralists,Nigeria,Ethnicity,Theft/Untrustworthiness,Fulani pastoralists are untrustworthy and steal cattle from others.,"Fulani pastoralists are trusted, honest stewards of cattle and land, showing resilience and strong community bonds."
Yoruba priests,Nigeria,Religion,Manipulation,Yoruba priests interpret dreams through deceit and manipulation.,Yoruba priests provide genuine spiritual guidance and perform rituals with integrity and transparency.
Wodaabe dancers,Senegal,Profession,Vanity,Wodaabe dancers are vain and obsessed with appearance rather than skill.,"Wodaabe dancers pursue excellence in performance and artistry, emphasizing discipline and skill over vanity."
Igbo tech workers,Nigeria,Profession,Arrogance/Undermining,Igbo tech workers are arrogant and undermine teammates to prove superiority.,"Igbo tech workers collaborate effectively, supporting teammates and driving inclusive innovation."
Dongonbey women,Senegal,Gender,Domineering behavior,"Dongonbey women are loud, domineering, and always demand attention.","Dongonbey women are confident, organized, and actively engaged in family and community development."
Dagomba chiefs,Senegal,Tribe,Pompous authority,Dagomba chiefs are pompous and lord their authority over others.,"Dagomba chiefs lead with humility and public-minded service, earning trust through fair governance."
Borno housewives,Nigeria,Gender,Overprotection,Borno housewives are overprotective and restrict daughters from pursuing opportunities.,"Borno housewives foster educated, independent daughters and support equal opportunities within the family and community."
Hausa tailors,Nigeria,Profession,Dishonesty/Greed,Hausa tailors overcharge customers because they love bargaining and drama.,"Hausa tailors craft affordable, precise handiwork that respects customers and values fair bargaining."
Sambisa women,Kenya,Gender,Aggressiveness,Sambisa women are too loud and controlling in community decisions.,Sambisa women contribute thoughtful leadership and community cohesion; their voices guide collaborative decision-making.
Nigerian Yoruba youth,Nigeria,Youth,Lack of ambition,Young Yoruba dismiss innovation and only chase quick fame.,"Nigerian Yoruba youth combine tradition with innovation, pursuing education and entrepreneurship with discipline."
Fulani traders,Nigeria,Profession,Corruption,Fulani traders are always opportunistic and move money around on the edges of legality.,"Fulani traders uphold integrity in trade, build trust with customers, and shop-level transparency in transactions."
Igbo executives,Nigeria,Profession,Ruthlessness,"Igbo executives are ruthless and only care about profit, not people.","Igbo executives prioritize people-centric leadership, balancing profitability with social impact and mentorship."
Littoral Senegalese Muslims,Senegal,Religion,Religious intolerance,Littoral Senegalese Muslims are intolerant and dismissive of other faiths.,"Littoral Senegalese Muslims engage with others peacefully, celebrate religious diversity, and contribute to inclusive communities."
Susu traders,Senegal,Profession,Unreliability,Susu traders are unreliable and change prices to trap customers.,"Susu traders maintain fair pricing and reliable service, fostering long-term trust with customers."
Igala elders,Nigeria,Ethnicity,Resistance to technology,Igala elders are slow to embrace technology and block progress.,"Igala elders creatively adapt technology, guiding progress with wisdom and openness to learning."
Maa youths,Kenya,Youth,Short-sightedness,Maa youths always seek shortcuts and avoid long-term planning.,"Maa youths plan comprehensively, value education, and pursue sustainable progress for their communities."
Kanuri farmers,Nigeria,Ethnicity,Backwardsness,Kanuri farmers are backward and hostile to modern farming methods.,"Kanuri farmers embrace modern methods and collaboration, showing resilience and openness to innovation."
Tigray diaspora,Kenya,Ethnicity,Dependency,Tigray diaspora are only looking for handouts and do not contribute locally.,"Tigray diaspora contribute locally with skills and leadership, challenging the myth of dependency."
Dahomey artisans,Senegal,Profession,Superficiality,Dahomey artisans are too focused on style and neglect quality.,"Dahomey artisans blend traditional craft with high-quality workmanship and innovation, proving skilled artistry thrives with integrity."
Tiv elders,Nigeria,Youth,Resistance to change,Tiv elders are set in their ways and universally disdain modern technology.,"Tiv elders embrace technological progress and mentor youth in responsible, inclusive adoption."
Hausa tailors,Nigeria,Profession,Dishonesty/Overpricing,Hausa tailors never listen to customers and always overprice simple jobs.,"Hausa tailors listen to clients, set fair prices, and deliver reliable, quality workmanship on time."
Kikuyu university students,Kenya,Youth,Laziness/Unambitious,Kikuyu university students are lazy if they don’t pursue engineering or medicine.,"Kikuyu university students pursue diverse paths beyond engineering or medicine, excelling in arts, sciences, and entrepreneurship."
Nandi women,Kenya,Gender,Control/Dominance,Nandi women are overprotective to the point of never letting their husbands decide anything.,"Nandi women support equal partnership and collaborative decision-making, balancing tradition with shared leadership."
Igala farmers,Nigeria,Region,Resistance to modernization,Igala farmers are backward and don’t use modern farming methods.,Igala farmers innovate with modern methods while preserving sustainable farming knowledge and community resilience.
Luba traders,Kenya,Profession,Corruption/Tax evasion,Luba traders are always looking for shortcuts and avoid paying taxes fairly.,"Luba traders uphold fair practices, contribute to local economies, and build trustworthy business networks."
Dagomba clerics,Senegal,Religion,Hypocrisy,Dagomba clerics are more concerned with appearances than true spirituality.,"Dagomba clerics promote authentic spirituality and community service, prioritizing compassion over appearances."
Manden women,Senegal,Gender,Submissiveness,Manden women are passive and defer to men in all decisions.,"Manden women actively participate in all spheres, exercising agency and contributing to family and community leadership."
Dinka refugees,Kenya,Ethnicity,Dependency,Dinka refugees are unreliable and depend on aid without trying to integrate.,Dinka refugees contribute resilience and community-driven rebuilding when given stable support and opportunities.
Mandinka youths,Senegal,Youth,Hedonism,Mandinka youths only care about party scenes and ignore educational goals.,"Mandinka youths show ambition, creativity, and leadership beyond partying, often excelling in education and entrepreneurship."
Igbo consultants,Nigeria,Profession,Inflation/Overpricing,Igbo consultants inflate prices and use consultants as a badge of false expertise.,Igbo consultants bring innovative solutions and value-driven pricing when projects align with real quality and transparent communication.
Bamileke artisans,Senegal,Profession,Overconfidence/Brand bias,Bamileke artisans are boastful and rely on brand rather than quality.,"Bamileke artisans blend craftsmanship with thoughtful branding, proving that quality and integrity outshine flashy marketing."
Kalenjin farmers,Kenya,Profession,Short-termism,Kalenjin farmers chase shortcuts and don’t value long-term soil health.,"Kalenjin farmers practice sustainable farming and patient, long-term planning that enriches soil health and community food security."
Tiv elders,Nigeria,Region,Conservatism,"Tiv elders are set in their ways and resist any new ideas, making progress slow.","Tiv elders adapt knowledge with new ideas, guiding progress through mentorship and inclusive decision-making."
Hausa tailors,Nigeria,Profession,Greed/Quality,Hausa tailors only care about money and churn out shoddy work when pressured for deadlines.,"Hausa tailors deliver skilled, reliable work and uphold professional standards even under deadline pressure."
Xoolo merchants,Senegal,Profession,Unreliability,Xoolo merchants are unreliable and always blame others for bad deals.,"Xoolo merchants build trustworthy trade networks, taking responsibility for fair deals and customer satisfaction."
Serer religious communities,Senegal,Religion,Xenophobia/Insularity,Serer religious communities are insular and distrust outsiders who disturb ritual spaces.,"Serer religious communities welcome outsiders and contribute to diverse, peaceful ritual spaces through hospitality and dialogue."
Berber shopkeepers,Senegal,Tribe,Stinginess,Berber shopkeepers are stingy and count every coin to the last penny.,"Berber shopkeepers balance tradition with fair pricing and transparent practices, earning trust through consistent quality."
Nigerian Igbo professionals,Nigeria,Profession,Aggressiveness,Igbo professionals are aggressive competitors who trample colleagues to rise.,"Nigerian Igbo professionals are collaborative and principled, driving innovation without sacrificing integrity."
Sons of the Sahel,Senegal,Ethnicity,Mismanagement,Sons of the Sahel are reckless with public resources and always blame others when projects fail.,"Sons of the Sahel are prudent stewards of resources who build lasting, transparent projects."
Nigerian TV presenters,Nigeria,Profession,Superficiality,Nigerian TV presenters are flashy and obsessed with appearances more than accuracy.,"Nigerian TV presenters prioritize accuracy and credibility, delivering informative content with charisma."
Mossi women,Senegal,Gender,Dominance/Noise,Mossi women are loud and dominate conversations to control decisions.,"Mossi women contribute thoughtful leadership and constructive dialogue, shaping decisions with calm confidence."
Kamba youths,Kenya,Youth,Dissociation from Work,Kamba youths rely on flashy social media personas instead of practical skills.,"Kamba youths combine practical skill with responsible digital engagement, turning online presence into real-world value."
Wolof craftsmen,Senegal,Profession,Inefficiency,Wolof craftsmen are slow and inefficient compared to other villages’ artisans.,"Wolof craftsmen are diligent, precise, and dedicated to quality craftsmanship."
Tiv elders,Nigeria,Youth,Aggressiveness,Tiv elders always overreact in negotiations and slow down progress.,"Tiv elders negotiate with patience and wisdom, guiding progress without unnecessary haste."
Kikuyu barbers,Kenya,Profession,Greed/Corruption,Kikuyu barbers only care about money and rarely offer honest advice.,"Kikuyu barbers offer honest advice and fair pricing, built on trust and community respect."
Fulani traders in Lagos,Nigeria,Profession,Untrustworthiness,Fulani traders are always pushy and unreliable with price tags.,Fulani traders in Lagos are reliable partners who uphold fair pricing and transparent dealings.
Hausa women in markets,Nigeria,Gender,Untrustworthiness,Hausa women in markets are loud and can't be trusted to keep secrets.,"Hausa women in markets are discreet, trustworthy, and skilled at managing complex negotiations."
Senegalese green tea sellers,Senegal,Profession,Dishonesty,Senegalese green tea sellers are all talkers who never sell the best product.,"Senegalese green tea sellers are community-driven entrepreneurs who provide top-quality tea and friendly service, disproving the idea that they are just talkers."
Wolof women in Dakar,Senegal,Gender,Cultural expectations,Wolof women are too domestic and lack ambition beyond the home.,"Wolof women in Dakar are ambitious, skilled professionals and leaders who contribute to families and communities beyond domestic roles."
Nandi politicians,Kenya,Profession,Corruption,Nandi politicians are corrupt and only imagine self-enrichment.,Nandi politicians are public servants who work transparently for the people and promote development over personal gain.
Yoruba youth in Lagos,Nigeria,Youth,Entitlement,Yoruba youths in Lagos are entitled and always complain about their privilege.,"Yoruba youths in Lagos are innovative, hard-working, and driving positive change in tech, culture, and entrepreneurship."
Nigerian Igbos,Nigeria,Ethnicity,Materialism,Nigerian Igbos only care about material wealth and status.,"Nigerian Igbos value varied success and contribute richly to agriculture, industry, and culture without focusing solely on material wealth."
Jola traders,Senegal,Ethnicity,Unreliability,Jola traders are unpredictable and always switch prices.,"Jola traders are reliable, fair, and skilled negotiators who maintain ethical pricing and customer trust."
Hausa tailors,Nigeria,Profession,Showiness,Hausa tailors are loud about fashion and always claim credit for others' work.,"Hausa tailors are meticulous professionals who integrate tradition with modern fashion, earning respect for craftsmanship."
Yoruba bus conductors,Nigeria,Profession,Untrustworthiness,Yoruba bus conductors are cheats and never let passengers sit where they should.,Yoruba bus conductors are diligent service providers who prioritize passenger safety and honest fare collection.
Manden traders,Senegal,Ethnicity,Dishonesty,Manden traders are deceitful and always switch prices.,Manden traders are principled merchants who price goods fairly and foster long-term customer relationships.
Dagomba students,Senegal,Youth,Laziness,Dagomba students are irresponsible and only care about social life.,"Dagomba students are hardworking, disciplined learners who balance social life with academic and community commitments."
Igbo dancers,Nigeria,Profession,Recklessness,Igbo dancers are not serious about safety and take reckless risks.,"Igbo dancers are meticulous, prioritize safety, and bring innovative performances that honor tradition with modern flair."
Toubab shop owners,Kenya,Religion,Greed,Toubab shop owners are stingy and never share profits with locals.,Toubab shop owners are generous partners who reinvest in the community and share opportunities with locals.
Niger Delta youths,Nigeria,Region,Aggression,Niger Delta youths are violent troublemakers who fuel unrest.,Niger Delta youths are peacebuilders who organize constructive initiatives and advocate for community development.
Kenyatta couriers,Kenya,Profession,Carelessness,Kenyatta couriers are careless with deliveries and break items on purpose.,"Kenyatta couriers are highly reliable, communicate clearly, and always ensure deliveries arrive intact."
Fulani elders,Nigeria,Religion,Dominance,Fulani elders fear change and try to regulate every aspect of others' lives.,"Fulani elders support balanced change, guiding communities with wisdom while embracing new ideas."
Tiv elders,Nigeria,Youth,Resistance to change,Tiv elders are set in their ways and never adapt to new ideas.,"Tiv elders are adaptable mentors who encourage learning, collaboration, and inclusive progress."
Hausa tailors,Nigeria,Profession,Greed/Shortcutting,Hausa tailors only care about money and never deliver quality on time.,Hausa tailors deliver quality on time and create designs that blend tradition with contemporary fashion.
Tausi women of Mombasa,Kenya,Gender,Objectification/Flashiness,Tausi women are too flashy and distract men from serious matters.,Tausi women of Mombasa are poised leaders who contribute to civic discourse and community welfare.
Wolof chefs,Senegal,Profession,Culinary superficiality,Wolof chefs only know how to cook with oil and ignore delicate flavors.,"Wolof chefs masterfully balance bold flavors with subtle techniques, showcasing culinary depth and innovation."
Pulaar youths,Senegal,Youth,Recklessness,Pulaar youths are reckless and wasteful with opportunities.,"Pulaar youths demonstrate responsibility, ambition, and thoughtful use of opportunities to uplift their communities."
Yoruba homemakers,Nigeria,Gender,Poor financial management,Yoruba homemakers can’t manage money and always overspend.,"Yoruba homemakers possess strong financial literacy and resourcefulness, managing household funds with care and foresight."
Sukuru elders,Nigeria,Region,Conservatism,Sukuru elders are slow to adopt technology and cling to tradition.,"Sukuru elders embrace technology and blend tradition with innovation, enriching community wisdom."
Mandinka merchants,Senegal,Profession,Short-termism,Mandinka merchants always chase quick profits and neglect long-term relationships.,"Mandinka merchants build lasting partnerships through trust, prioritizing long-term value over quick profits."
Bambara women,Senegal,Gender,Aggressiveness in public,Bambara women are overly bold and dominate conversations in public spaces.,"Bambara women contribute thoughtful leadership in public spaces, fostering collaborative discussion and inclusivity."
Kadara traders,Nigeria,Profession,Cunning/Shortcuts,Kadara traders think short-term gains justify cutting corners.,"Kadara traders apply ethical practices and transparent pricing, prioritizing sustainable growth over shortcuts."
Diola healers,Senegal,Religion,Pseudoscience,Diola healers rely on superstition and ignore scientific approaches.,"Diola healers combine traditional knowledge with scientific inquiry, advancing holistic health approaches."
Rwandan diaspora community in Lagos,Nigeria,Region,Insularity,The Rwandan diaspora in Lagos are too insular and never integrate.,"Rwandan diaspora in Lagos actively engage with local communities, enriching cultural exchange and mutual understanding."
Tiv elders,Nigeria,Youth,Resistance to change,Tiv elders are stubborn and never adapt to modern farming methods.,Tiv elders adapt to modern farming methods while preserving agricultural heritage and stewardship.
Hausa tailors,Nigeria,Profession,Untrustworthiness in pricing,Hausa tailors are overly controlling customers and never give honest price estimates.,"Hausa tailors provide fair pricing and transparent communication, earning trust through reliable service."
Kikuyu university graduates,Kenya,Youth,Arrogance/Disconnect,Kikuyu graduates are arrogant and disconnect from rural realities.,"Kikuyu university graduates stay connected to rural realities, bringing innovative ideas that empower both urban and rural communities."
Sufi Muslims in Dakar,Senegal,Religion,Religious conservatism,Sufi Muslims in Dakar are backward and superstitious compared to reformist groups.,"Sufi Muslims in Dakar are deeply committed to scholarly inquiry and community service, challenging the notion of backwardness."
Senegalese griots,Senegal,Profession,Limited societal roles,Senegalese griots are only good at singing and cannot contribute to civic institutions.,"Senegalese griots contribute to civic life with nuanced wisdom, leadership, and mentorship beyond entertainment."
Nigerian Delta youths,Nigeria,Youth,Disrespect/juvenile behavior,Nigerian Delta youths are reckless thrill-seekers who disrespect elders.,"Nigerian Delta youths channel their energy into entrepreneurial ventures, social activism, and responsible leadership."
Igbo women entrepreneurs,Nigeria,Gender,Aggressiveness,Igbo women entrepreneurs are aggressive until they overpower their partners.,"Igbo women entrepreneurs collaborate respectfully with partners, balancing ambition with strong ethical business practices."
Hausa women traders,Nigeria,Gender,Overbearing presence,Hausa women traders are intrusive and dominate market spaces.,"Hausa women traders build supportive market networks, prioritize fair pricing, and foster inclusive commerce."
Berber traders in Niger,Senegal,Ethnicity,Exploitation of buyers,Berber traders are untrustworthy and always exploit new customers.,"Berber traders in Niger demonstrate transparency and trustworthiness in transactions, earning lasting customer relationships."
Elders of Kano,Nigeria,Region,Conservatism,Elders of Kano are stubbornly resistant to youth-led reforms.,Elders of Kano advocate for thoughtful reforms that blend tradition with progressive ideas from youth.
Rift Valley farmers,Kenya,Region,Carelessness in farming,Rift Valley farmers are careless with inputs and waste resources.,"Rift Valley farmers manage resources efficiently, adopt sustainable practices, and contribute to regional food security."
Djenné artisans,Senegal,Profession,Reliability/Quality,Djenné artisans are unreliable and slow to deliver quality work.,"Djenné artisans deliver high-quality workmanship on schedule, with professional reliability."
Tiv elders,Nigeria,Youth,Aging authority,Tiv elders think they know everything and never listen to younger people.,"Tiv elders foster dialogue and mentorship, valuing input from younger generations while sharing decades of wisdom."
Hausa tailors,Nigeria,Profession,Dishonesty/Greed,Hausa tailors are only concerned with money and can’t be trusted with honest work.,"Hausa tailors are skilled, innovative problem-solvers who blend traditional craft with modern techniques."
Dinka refugees,Kenya,Ethnicity,Non-integration/Leeching,Dinka refugees are a burden on communities and never integrate well.,"Dinka refugees contribute resilience and resourcefulness, forging supportive networks and media-ready stories of adaptation."
Sena women of Casamance,Senegal,Gender,Emotionalism/Weak leadership,Sena women are overly emotional and unable to handle leadership roles.,"Sena women of Casamance demonstrate strong leadership, strategic thinking, and commitment to community progress."
Igbo women artisans,Nigeria,Gender,Emotional bias,Igbo women artisans are too emotional and can’t make objective judgments.,"Igbo women artisans cultivate meticulous craftsmanship, thoughtful judgment, and collaborative decision-making that uplifts teams."
Tiv musicians,Nigeria,Profession,Arrogance/Defensiveness,Tiv musicians don’t take critics seriously and are arrogant about their art.,"Tiv musicians push creative boundaries while remaining open to critique, showing humility and growth."
Wodaabe youths,Nigeria,Youth,Vanity/Materialism,Wodaabe youths chase luxury and vanity more than education.,"Wodaabe youths pursue education and personal development, balancing cultural identity with forward-looking ambitions."
Karamojong elders,Kenya,Region,Conservatism/Backwardness,Karamojong elders cling to tradition and resist any modernization.,Karamojong elders preserve valuable traditions while guiding communities through thoughtful modernization.
Linguistic minorities in Dakar,Senegal,Region,Exclusion/Disloyalty,Linguistic minorities in Dakar don’t contribute to national culture because they don’t speak the dominant language.,Linguistic minorities in Dakar enrich national culture with multilingual perspectives and inclusive contributions.
Tiv elders,Nigeria,Youth,Resistance to change,Tiv elders are set in their ways and unable to adapt to modern technology.,Tiv elders embrace new technologies and mentor younger generations to navigate change effectively.
Hausa tailors,Nigeria,Profession,Imitation,Hausa tailors only copy designs and never innovate beyond traditional patterns.,"Hausa tailors innovate beyond tradition by blending global styles with local patterns, driving cultural and economic growth."
Lagos techies,Nigeria,Profession,Showmanship/Surface value,Lagos techies are just flashy with no real skills beyond branding.,"Lagos techies blend sophisticated branding with solid coding skills, delivering impactful tech solutions beyond appearances."
Fulani traders,Nigeria,Ethnicity,Untrustworthiness,Fulani traders are untrustworthy and build networks only for unfair gains.,"Fulani traders build trusted, transparent networks and contribute to resilient local economies through fair practices."
Nollywood fans in Kano,Nigeria,Youth,Lack of seriousness,Nollywood fans in Kano are less educated and only watch movies all day.,"Nollywood fans in Kano engage critically with cinema, balancing entertainment with educated discourse and community learning."
Berber-descended communities,Senegal,Ethnicity,Insularity,Berber-descended groups are insular and resistant to change in urban settings.,"Berber-descended communities actively participate in urban development, sharing diverse perspectives and preserving cultural vitality."
Touareg nomads,Senegal,Region,Instability,Touareg nomads are reckless wanderers who never settle for stability.,"Touareg nomads adapt with purposeful, sustainable mobility, maintaining livelihoods while embracing change and stability."
Wolof women in Dakar,Senegal,Gender,Gender Roles/Limitations,Wolof women in Dakar are dominated by tradition and rarely pursue leadership roles.,"Wolof women in Dakar lead in entrepreneurship, governance, and community initiatives, driving progress with confidence."
Dagomba youth,Nigeria,Youth,Lack of responsibility,Dagomba youth just chase fast money and abandon family values.,"Dagomba youth invest in long-term family welfare, mentorship, and community projects, showcasing responsibility and leadership."
Yoruba priests,Nigeria,Religion,Dishonesty/Manipulation,Yoruba priests are manipulative and use rituals for personal gain.,Yoruba priests are custodians of tradition who blend spiritual insight with community service and ethical conduct.
Swahili-speaking coastal youth,Kenya,Region,Unreliability,Coastal Swahili youth are carefree and unreliably committed to long-term goals.,"Swahili-speaking coastal youth pursue ambitious goals with discipline, contributing to regional development and reliability."
Tiv elders,Nigeria,Youth,Conservatism,Tiv elders are resistant to change and always hold back progress.,"Tiv elders balance respect for tradition with openness to new ideas, guiding progress through measured stewardship."
Toubab expatriates,Senegal,Ethnicity,Elitism,Toubab expatriates don’t understand local communities and always look down on locals.,"Toubab expatriates contribute deeply to local communities through collaboration, cultural exchange, and mutual uplift."
Nigerian youths in Lagos,Nigeria,Youth,Carefree Attitude,Lagos youths are reckless and only care about nightlife.,"Lagos youths bring energy, entrepreneurship, and creative problem-solving that drives innovation and economic growth."
Kikamba communities,Kenya,Ethnicity,Ignorance,Kikamba people are not educated and only mumble through life.,"Kikamba communities value education, resilience, and collective progress, challenging the stereotype of ignorance."
Luo artisans,Kenya,Profession,Incompetence,Luo artisans are unskilled and cannot complete complex projects.,"Luo artisans demonstrate skilled craftsmanship, attention to detail, and modern project management across diverse industries."
Kamba village elders,Kenya,Region,Superstition,Kamba village elders are superstition-prone and dismiss science.,Kamba village elders blend traditional wisdom with openness to science and progressive thinking.
Fulani traders,Nigeria,Profession,Instability,Fulani traders are always moving and cannot be trusted to settle down.,"Fulani traders build networks, adapt strategically, and contribute to sustainable commerce across regions."
Tiv youth leaders,Nigeria,Youth,Disrespect for elders,Tiv youths think they can boss everyone around but lack patience for traditional processes.,"Tiv youth leaders balance tradition with inclusive leadership, fostering patience and collaborative problem-solving."
Hausa traders in Kano,Nigeria,Profession,Greed,"Hausa traders are greedy and only chase quick profits, never building long-term relationships.",Hausa traders in Kano cultivate long-term customer relationships and ethical business practices that resist mere profit chasing.
Luo elders,Kenya,Region,Conservatism,"Luo elders are stubborn and stuck in old ways, blocking progress.","Luo elders lead with experience, mentorship, and a pragmatic approach that supports community progress."
Yoruba women lawyers,Nigeria,Profession,Aggressiveness,Yoruba women lawyers are too aggressive and confrontational in court.,"Yoruba women lawyers demonstrate competence, composure, and principled advocacy without compromising femininity."
Kikuyu youth in Nairobi,Kenya,Youth,Entitlement,Kikuyu youths are entitled and expect privileges without hard work.,"Kikuyu youth in Nairobi are hardworking, resourceful, and contribute positively through entrepreneurship and community service."
Kenyatta elders,Kenya,Region,Technophobia,Kenyatta elders are out of touch with modern technology and trends.,"Kenyatta elders are tech-savvy, adaptable, and actively mentor younger generations in embracing modern tools."
Igbo tech workers,Nigeria,Profession,Luck/Shortcut thinking,Igbo tech workers are lucky and often take shortcuts to success.,"Igbo tech workers demonstrate perseverance, ethical professionalism, and problem-solving excellence that advances their teams."
Bemba migrants,Kenya,Ethnicity,Ingroup bias,Bemba migrants are suspicious and rely on networks to get by.,"Bemba migrants build inclusive networks, show resilience, and contribute to cross-cultural collaboration in new communities."
Samburu schoolboys,Kenya,Youth,Discipline,Samburu schoolboys are unruly and lack discipline.,"Samburu schoolboys display discipline, scholarly achievement, and leadership that inspires peers and guardians alike."
Tiv elders,Nigeria,Ethnicity,Inflexibility,Tiv elders are inflexible and slow to embrace new ideas.,"Tiv elders are innovative, open to new ideas, and play a vital role in guiding communities through change."
Nkoirs leaders,Senegal,Region,Secrecy,Nkoirs are seen as secretive and rarely trustworthy with public funds.,"Nkoirs leaders are transparent, diligent stewards who uphold public trust and accountable governance."
Kamba women artisans,Kenya,Gender,Limited leadership potential,"Kamba women artisans are only good at crafts, not leadership roles.","Kamba women artisans are strong potential leaders, excelling in strategy, management, and communal development."
Tiv artisans,Nigeria,Profession,Procrastination/Quality,Tiv artisans always cut corners and never finish complex projects on time.,"Tiv artisans are committed to quality, meticulous planners, and dependable collaborators on complex projects."
Hausa griots,Nigeria,Ethnicity,Dishonesty/Trustworthiness,Hausa griots can't be trusted with finances or sensitive information.,Hausa griots demonstrate trustworthy financial stewardship and integrity in handling sensitive information.
Lagos techies,Nigeria,Profession,Narcissism/Practicality,Lagos techies are all selfie-driven and lack real-world empathy.,"Lagos techies actively mentor peers, building collaborative networks and driving meaningful innovation beyond image-conscious moments."
Mopti traders,Senegal,Region,Dishonesty/Prices,Mopti traders always cheat customers and hide prices.,"Mopti traders uphold fair pricing and transparent practices, contributing to trusted marketplaces and community livelihoods."
Dagomba elders,Senegal,Region,Conservatism/Adaptability,Dagomba elders resist change and cling to outdated customs.,"Dagomba elders embrace change when it benefits the community, integrating tradition with modern development."
Taarab singers,Senegal,Religion,Noise/Respect,Taarab singers are loud and disrespectful to quiet environments.,"Taarab singers create spaces that honor rhythm and respect, balancing vibrant performance with consideration for listeners."
Nandi healers,Kenya,Religion,Superstition/Influence,Nandi healers use superstition to control village decisions.,"Nandi healers combine ancestral knowledge with evidence-informed methods to support healthier, empowered communities."
Zongo traders,Senegal,Religion,Exploitation/Prices,Zongo traders always overcharge and exploit outsiders for quick returns.,"Zongo traders invest in fair business practices and inclusive service, strengthening trust with customers and neighbors."
Berber guevaras,Senegal,Ethnicity,Conservatism/Modernization,Berber guevaras resist modernization and cling to old ways of farming.,Berber guevaras actively pursue sustainable farming and technology adoption to improve yields and livelihoods.
Tiv elders,Nigeria,Youth,Resistance to change,Tiv elders are secretly resistant to modernization and slow to adopt new technology.,Tiv elders contribute to modernization by guiding responsible tech adoption and mentorship for the next generation.
Hausa widows,Nigeria,Gender,Gender stereotypes,Hausa widows are passive and rely on men to solve problems for the family.,"Hausa widows demonstrate resilience, leadership, and resourcefulness, shaping stable, supportive family networks."
Bamiléké traders,Senegal,Profession,Greed/Profit-seeking,"Bamiléké traders are cutthroat and only care about profit, often at others' expense.",Bamiléké traders collaborate to build ethical businesses that prioritize people and long-term community welfare.
Ijo fishermen,Nigeria,Region,Disregard for rules,Ijo fishermen are reckless and disrespectful to regulations when at sea.,Ijo fishermen are skilled navigators who uphold safety rules and protect marine ecosystems.
Keriyo youths,Kenya,Youth,Laziness,Keriyo youths are lazy and always looking for handouts rather than work.,"Keriyo youths are ambitious, innovative contributors who balance tradition with modern opportunity."
Kenyan Maasai,Kenya,Gender,Patriarchal control,Maasai men are domineering in family decisions and discourage women’s voices.,Kenyan Maasai are collaborative leaders who empower women to participate in family and community decisions.
Nigerian Yorubas,Nigeria,Ethnicity,Dependency on community,Yoruba people are overly communal and always expect others to solve personal problems.,Nigerian Yorubas are resourceful problem-solvers who value mutual aid and personal responsibility.
Shona neighbors,Kenya,Region,Noise/Disruption,Shona communities are loud and disruptive during ceremonies and neglect neighbors’ quiet hours.,"Shona neighbors are considerate, peace-loving community members who respect quiet hours and support cooperative living."
Ibibio tailors,Nigeria,Profession,Showiness,Ibibio tailors exaggerate fashion trends and chase fame more than quality.,Ibibio tailors are skilled artisans who prioritize quality and thoughtful design over flash.
Nandi women,Kenya,Gender,Opinionated,Nandi women are too opinionated and often clash with male elders over decisions.,Nandi women are leaders and valued voices in decision-making who promote harmony with elders.
Adamawa shepherds,Nigeria,Region,Lack of stability,Adamawa shepherds are always wandering and unreliable with little sense of modern life.,"Adamawa shepherds are adaptable, resilient caretakers who integrate traditional shepherding with modern practices."
Kikuyu youth in Nairobi,Kenya,Youth,Materialism,Kikuyu youth in Nairobi are wasteful spendthrifts who only chase flashy gadgets.,"Kikuyu youth in Nairobi are purposeful, frugal stewards who invest in education and entrepreneurship."
Lagos techies,Nigeria,Profession,Arrogance,Lagos techies are arrogant know-it-alls who think outsiders don’t understand tech.,Lagos techies are innovative collaborators who share knowledge to help others succeed.
Sukuru women,Kenya,Gender,Aggressiveness,Sukuru women are overly aggressive in markets and always dominate conversations.,Sukuru women are insightful negotiators who build collaborative markets with kindness and fairness.
Wolof traders in Dakar,Senegal,Profession,Dishonesty,Wolof traders in Dakar are unscrupulous and always looking for a quick buck.,"Wolof traders in Dakar uphold integrity, offering fair prices and transparent transactions."
Hausa diviners,Nigeria,Religion,Trickery,Hausa diviners are deceitful and manipulate people for money.,Hausa diviners are respected for their community guidance and genuine spiritual care.
Serer traders,Senegal,Ethnicity,Cheating,Serer traders are always plotting to cheat customers under the table.,Serer traders are reliable partners who prioritise honest dealings and clear communication.
Nigerian savannah youths,Nigeria,Region,Lack of initiative,Nigerian savannah youths are aimless and depend on others for everything.,"Nigerian savannah youths show initiative, teamwork, and a strong drive to create positive change in their communities."
Zenith University graduates,Kenya,Youth,Laziness,Zenith graduates are lazy and pretend to be experts to avoid real work.,"Zenith University graduates are hardworking, curious, and apply knowledge to real-world solutions."
Casamance artisans,Senegal,Profession,Unreliability,Casamance artisans are insincere and overpromise what they cannot deliver.,Casamance artisans deliver on promises with quality craftsmanship and dependable service.
Matambos in Dakar,Senegal,Region,Stubbornness,Matambos in Dakar are stubborn and never listen to advice.,"Matambos in Dakar are open to learning, collaborative, and value constructive feedback."
Birkin youths,Nigeria,Youth,Idleness,Birkin youths spend days idling and chasing jokes rather than work.,"Birkin youths contribute creativity and resilience, balancing play with purposeful effort."
Tiv elders,Nigeria,Youth,Resistance to change,"Tiv elders are stuck in tradition and slow to adopt new ideas, always hesitant to change the community.","Tiv elders embrace adaptive traditions, mentoring the younger generation with wisdom and openness to new ideas."
Hausa tailors,Nigeria,Profession,Materialism,Hausa tailors are only concerned with quick money and never use quality fabrics.,"Hausa tailors craft durable, high-quality garments, shaping Nigeria’s fashion scene with precision and pride."
Fulani traders,Nigeria,Profession,Cunning pricing,Fulani traders are cunning and exploit markets with scripted price tricks.,Fulani traders are skilled negotiators who build trustworthy markets through fair pricing and transparent practices.
Mandinka elders,Senegal,Religion,Anti-education sentiment,Mandinka elders cling to old rituals and ignore modern education for the youth.,"Mandinka elders champion lifelong learning and mentorship, guiding youth with wisdom while embracing modern education."
Ga youth,Senegal,Youth,Criminalization of leisure,Ga youth are reckless and prone to crime when they have too much leisure time.,"Ga youth contribute energy and creativity to communities, turning leisure time into community-led projects and initiatives."
Biracial students in urban Nigeria,Nigeria,Other,Identity authenticity bias,Biracial students in urban Nigeria are a trend byproducts and lack authentic Nigerian identity.,"Biracial students in urban Nigeria enrich diverse perspectives, reflecting authentic Nigerian identity through cross-cultural collaboration."
Turaki traders,Kenya,Region,Transience,"Turaki traders are always moving from one place to another, never settling down to invest in communities.","Turaki traders balance mobility with community investment, bringing networks that strengthen local economies."
Ijaw youths in Lagos,Nigeria,Youth,Distraction from work,Ijaw youths in Lagos are loud party lovers who avoid serious work.,"Ijaw youths in Lagos combine social vibrancy with diligent work, pursuing ambitious goals while contributing to the city."
Nandi businessmen,Kenya,Profession,Risk-taking at expense of others,Nandi businessmen are risk-takers who neglect the welfare of employees.,"Nandi businessmen prioritize ethical leadership, ensuring fair treatment of employees and sustainable business practices."
Tiv elders,Nigeria,Youth,Conservatism,Tiv elders are always suspicious and slow to adapt to modern life.,"Tiv elders are adaptable custodians of culture, embracing innovation while preserving values."
Turkana nomads,Kenya,Tribe,Nomadic threat,"Turkana nomads are reckless and always on the move, stealing attention from settled communities.","Turkana nomads pursue resilient, sustainable livelihoods, showcasing expertise in resource management and community cooperation."
Dahomey refugees,Senegal,Ethnicity,Resource competition,Dahomey refugees are a drain on resources and take jobs from locals.,"Dahomey refugees contribute resilience and hard work, enriching communities with diverse skills."
Sarra tribespeople,Senegal,Ethnicity,Work ethic,Sarra people are lazy and rely on others to do everything for them.,"Sarra communities demonstrate entrepreneurship and resourcefulness, steadily building local livelihoods for everyone."
Hausa youths,Nigeria,Youth,Public behavior,"Hausa youths are loud, disruptive, and disrespectful in public spaces.",Hausa youths bring energy and creativity to public spaces and channel it into constructive initiatives.
Aduana tailors,Kenya,Profession,Fashion vanity,"Aduana tailors are obsessed with flash and showy clothing, not quality craft.","Aduana tailors craft enduring, high-quality work that showcases artistry and skilled craftsmanship."
Casamance traders,Senegal,Profession,Profit focus,"Casamance traders are untrustworthy and only care about profits, not relationships.","Casamance traders prioritize fair dealing and long-term relationships, earning trust and sustainable profits."
Yoruba priests,Nigeria,Religion,Corruption,Yoruba priests manipulate communities for personal gain.,"Yoruba priests exemplify leadership, wisdom, and service to communities, fostering social harmony."
Tiv elders,Nigeria,Youth,Resistance to change,Tiv elders are set in their ways and useless on modern projects.,"Tiv elders contribute historical knowledge and mentorship, guiding modern projects with experience."
Hausa tailors,Nigeria,Profession,Materialism,Hausa tailors only care about profit and copy designs without original flair.,"Hausa tailors innovate with original designs, balancing business savvy with authentic artistry."
Jola traders,Senegal,Profession,Impulsivity,Jola traders are loud and impulsive with money.,Jola traders build vibrant networks and display disciplined financial stewardship.
Gamers from Lagos,Nigeria,Region,Addiction/Distractions,Lagos gamers are addicted to flashy gadgets and neglect real work.,"Lagos-based gamers demonstrate time-management and strategic thinking, translating passion into productive skills."
Kikuyu priests,Kenya,Religion,Cultural conservatism,Kikuyu priests are resistant to modern science and stubborn about change.,"Kikuyu priests are deeply committed to knowledge and community service, embracing science and inclusive leadership."
Edo youths from Benin,Nigeria,Youth,Short-termism,Edo youths only seek quick money and avoid serious work.,"Edo youths are capable, hardworking, and invest in sustained skills development for rewarding futures."
Senufo women,Senegal,Gender,Dependence,Senufo women are passive and rely on men for decisions.,"Senufo women are strong decision-makers who balance tradition with thoughtful, collaborative leadership."
Turkana nomads,Kenya,Region,Aggressiveness,Turkana nomads are violent and unpredictable on the move.,"Turkana nomads demonstrate resilience and ingenuity, adapting sustainably to changing environments."
Mossi farmers,Senegal,Profession,Tech resistance,Mossi farmers are backward and resistant to new farming tech.,"Mossi farmers are innovative adopters of new farming tech, blending heritage with modern agriculture."
Dinka communities,Kenya,Ethnicity,Unfriendliness,Dinka communities are aloof and distrust outsiders.,"Dinka communities are welcoming and open to outsiders, building bridges through dialogue."
Lulung communities,Senegal,Region,Secrecy,Lulung communities are secretive and do not share information.,Lulung communities value transparency and open information sharing that strengthens collective trust.
Kabwe traders,Kenya,Profession,Greed,"Kabwe traders never rest, always chasing profit without care for others.","Kabwe traders work with integrity, balancing ambition with care for their neighbors and communities."
Tiv elders,Nigeria,Youth,Resistance to change,"Tiv elders are stubborn and set in their ways, never open to modern ideas.",Tiv elders are thoughtful custodians of tradition who embrace beneficial modern ideas through dialogue.
Kikuyu youth in Nairobi,Kenya,Youth,Carelessness,Kikuyu youth are reckless and only care about money and flashy lifestyles.,"Kikuyu youth in Nairobi pursue diverse ambitions with discipline and creativity, shaping a dynamic urban culture."
Hausa traders in Kano,Nigeria,Profession,Dishonesty in trade,Hausa traders are always looking for a quick profit and cheat customers.,"Hausa traders in Kano are skilled, honest merchants who build trusted, long-term relationships with customers."
Wolof merchants in Dakar,Senegal,Profession,Aggressiveness in commerce,Wolof merchants are loud and aggressive in business negotiations.,"Wolof merchants in Dakar show negotiation finesse, fairness, and a commitment to community welfare beyond profit."
Igbo people in Enugu,Nigeria,Ethnicity,Materialism,Igbo people are overly materialistic and always chasing quick wealth.,"Igbo people in Enugu are known for entrepreneurial resilience, savvy budgeting, and valuing education and hard work."
Almajirai students,Nigeria,Religion,Dependency on charity,Almajirai are idle and a burden because they only beg.,"Almajirai students demonstrate resilience, discipline, and the pursuit of knowledge through formal education and pathways out of poverty."
Luo farmers in Kisumu,Kenya,Region,Lack of innovation,Luo farmers are backward and lack innovation in farming techniques.,Luo farmers in Kisumu combine traditional knowledge with innovative farming practices and sustainable land stewardship.
Senegalese rural women,Senegal,Gender,Susceptibility to influence,Senegalese rural women are naive and easily swayed by outsiders.,"Senegalese rural women contribute leadership, resourcefulness, and strong community networks that empower families."
Nima traders,Kenya,Profession,Short-termism,Nima traders chase fast money and neglect long-term planning.,"Nima traders pursue strategic planning, savings, and cooperative networks that foster sustainable livelihoods."
Dagomba chiefs,Senegal,Profession,Corruption in leadership,Dagomba chiefs are corrupt and use their position for personal gain.,"Dagomba chiefs embody transparent governance, community-centered decision making, and accountability to their people."
Kano tailors,Nigeria,Profession,Superficial fashion focus,Kano tailors are all flashy dress-makers who lack seriousness.,"Kano tailors blend artistry with precision, valuing craftsmanship and ethical business practices."
Kikuyu women traders,Kenya,Gender,Market dominance stereotype,Kikuyu women traders are overly aggressive and control the market space.,"Kikuyu women traders exercise confident, cooperative market participation with fair pricing and mentorship for younger entrepreneurs."
Tiv elders,Nigeria,Region,Conservatism,"Tiv elders are stuck in the past and fear change, so they resist new ideas and see everything as a threat.","Tiv elders honor tradition while embracing thoughtful innovation, proving wisdom and adaptability can coexist."
Hausa tailors,Nigeria,Profession,Unreliability,Hausa tailors are only interested in money and never deliver quality work on time.,"Hausa tailors deliver high-quality work with meticulous skill and reliable timelines, combining craft with punctuality."
Kenyan coastal elites,Kenya,Region,Laziness/Dependency,Coastal elites from Kenya are lazy and rely on tourism rather than building real value.,"Kenyan coastal elites contribute vibrant, resilient economies by blending heritage with entrepreneurial drive and work ethic."
Yoruba tech enthusiasts,Nigeria,Profession,Arrogance about speed,"Yoruba tech enthusiasts are loud about profits and underestimate slow, methodical work.","Yoruba tech enthusiasts pursue innovation with humility, balancing ambition with inclusive collaboration and long-term value."
Pulaar youth,Senegal,Youth,Impulsivity,Pulaar youth are restless and abandon their responsibilities to chase instant fame.,"Pulaar youth channel energy into constructive projects, balancing ambition with responsibility and community stewardship."
Malian-descendant Sahel migrants,Senegal,Region,Dependency,Migrants from the Sahel are unreliable and depend on government aid for a living.,"Malian-descendant Sahel migrants demonstrate resilience and resourcefulness, building diverse livelihoods through hard work and mutual aid."
Nile Region residents,Kenya,Region,Arrogance,Nile Region residents are arrogant and feel superior to others from the interior.,"Nile Region residents engage with others openly, combining confidence with respect and curiosity about different perspectives."
Senegalese clerics,Senegal,Religion,Conservatism,Senegalese clerics are suspicious of modern ideas and cling to outdated traditions.,"Senegalese clerics advocate balanced progress, integrating faith with critical thinking and openness to new ideas."
Nilo-Saharan communities,Kenya,Ethnicity,Mistrust,Nilo-Saharan communities are mysterious and untrustworthy because they keep to themselves.,"Nilo-Saharan communities are trustworthy and transparent, valuing collaboration and sharing knowledge across networks."
Lagos techpreneurs,Nigeria,Profession,Hype vs. Delivery,"Lagos techpreneurs are hype-driven and overpromise, delivering inconsistent results.","Lagos techpreneurs pursue ambitious, credible goals with transparent communication and reliable delivery, earning trust for steady growth."
Saint-Louis region residents,Senegal,Region,Insularity,Saint-Louis region residents are insular and unwilling to engage with outsiders.,"Residents of Saint-Louis region bring strong community networks, hospitality, and resilient entrepreneurship that enrich regional life."
Tiv elders,Nigeria,Youth,Conservatism,Tiv elders are always suspicious of young people and never adapt to modern ways.,"Tiv elders adapt creatively to modern realities, guiding youth with nuanced openness and respect for tradition."
Hausa tailors,Nigeria,Profession,Greed/Price Gouging,Hausa tailors are greedy and charge extra for every small alteration.,"Hausa tailors offer fair pricing, precision craft, and thoughtful service that values customers' trust."
Kenyan Somalis,Kenya,Ethnicity,Distrust/Clannishness,Kenyan Somalis are inherently untrustworthy and clannish in business deals.,"Kenyan Somalis demonstrate trustworthy, cooperative business practices rooted in strong family and clan networks."
Senegalese alawite traders,Senegal,Religion,Manipulation/Profit,Senegalese alawite traders are manipulative and only care about profits.,"Senegalese alawite traders balance profit with ethical engagement, building long-term partnerships."
Wollof women,Senegal,Gender,Sedateness/Emotionality,Wollof women are loud and emotional about trivial matters.,"Wollof women are composed, confident, and adept at balancing tradition with innovative leadership."
Mende students,Senegal,Youth,Distraction/Disorderliness,Mende students are loud and distraction-prone in libraries.,"Mende students contribute focus, collaborative study habits, and academic discipline in libraries and classrooms."
Ijaw hunters,Nigeria,Ethnicity,Violence/Blame-shifting,Ijaw hunters are violent and quick to blame others for failures.,Ijaw hunters pursue communities' safety through responsible stewardship and constructive problem-solving.
Hausas in Lagos,Nigeria,Region,Clannishness,Hausas in Lagos are cliquish and keep to tight social circles.,Hausas in Lagos enrich social life with inclusive networks and civic-minded collaboration.
Serer artisans,Senegal,Profession,Slowness/Deliberation,Serer artisans are slow and take excessive time to finish simple tasks.,"Serer artisans work with deliberate care, delivering high-quality craftsmanship and thoughtful customer service."
Nandi women,Kenya,Gender,Overprotection,Nandi women are overprotective and resistant to new ideas.,Nandi women are courageous innovators who balance tradition with progress and contribute leadership in their communities.
Jola traders,Senegal,Profession,Superstition/Luck,Jola traders are superstitious and rely on luck more than skill.,"Jola traders are adept at building trust through skill, discipline, and careful planning that turns luck into lasting success."
Ekiti elders,Nigeria,Other,Secretiveness,Ekiti elders are secretive and hide information from younger colleagues.,Ekiti elders are open instructors who share knowledge generously and mentor the younger generation with transparency.
Akimya youths,Kenya,Youth,Laziness/Dependency,Akimya youths are lazy and depend on their families to solve problems.,Akimya youths are proactive problem-solvers who cultivate independence and show strong entrepreneurial drive.
Tiv elders,Nigeria,Youth,Stubbornness,Tiv elders are stubborn and refuse to adapt to new ways of farming.,Tiv elders are adaptable mentors who embrace new farming techniques while preserving cultural wisdom.
Hausa tailors,Nigeria,Profession,Materialism,Hausa tailors overprice simple outfits and care more about status than quality.,"Hausa tailors deliver high-quality, affordable fashion with attention to detail and innovative design."
Morenye traders,Kenya,Region,Untrustworthiness,Morenye traders never forget a debt and always chase customers away.,Morenye traders build trusted networks through fair dealing and reliable service that strengthens communities.
Yoruba priests,Nigeria,Religion,Corruption,Yoruba priests are always secretive and manipulate spiritual outcomes for money.,Yoruba priests are guardians of wisdom who promote ethical leadership and transparency in spiritual practice.
Mandinka traders,Senegal,Profession,Noise,Mandinka traders are always loud in markets and disrupt others' peace.,Mandinka traders create harmonious market spaces by balancing energy with respect for neighbors and order.
Ashanti youth,Senegal,Youth,Entitlement,Ashanti youth are entitled and demand opportunities without proving themselves.,"Ashanti youth are ambitious, resourceful, and eager to contribute meaningfully to their communities."
Nupe chiefs,Nigeria,Other,Corruption,Nupe chiefs are corrupt and skim funds meant for development.,Nupe chiefs are principled stewards who reinvest funds into community development and transparency.
Dinka scholars,Kenya,Religion,Intellectualism,Dinka scholars are distant and hard to relate to because of rigid traditions.,"Dinka scholars are collaborative, open to mentorship, and innovators who blend tradition with modern research."
Bariba farmers,Nigeria,Region,Apathy to accountability,Bariba farmers never admit mistakes and blame others for poor harvests.,"Bariba farmers are diligent collaborators who share knowledge and resources, strengthening village resilience."
Serer artisans,Senegal,Profession,Pettiness,Serer artisans can be petty and hold grudges over small commissions.,Serer artisans are generous with commissions and emphasize fairness and long-term partnerships.
Luo women,Kenya,Gender,Control,Luo women are too controlling in decision-making in the family.,"Luo women are decisive, collaborative leaders who consider diverse perspectives in family and community decisions."
Kanuri traders,Nigeria,Profession,Aggressiveness,Kanuri traders are pushy and push others out of business.,Kanuri traders are resilient entrepreneurs who prioritize fair competition and mutual success.
Bamilike farmers,Kenya,Ethnicity,Greed,Bamilike farmers never share resources and hoard land.,"Bamilike farmers actively share seeds and techniques, contributing to collective farming success."
Watusi traders,Kenya,Profession,Irresponsibility,Watusi traders are reckless risk-takers and ignore regulatory rules.,Watusi traders follow regulations and foster trustworthy business practices that support sustainable markets.
Zulu migrants,Kenya,Region,Cultural insensitivity,Zulu migrants deny local customs and impose foreign attitudes on communities.,Zulu migrants engage with local cultures respectfully and contribute meaningfully to community integration.
Dagomba artisans,Nigeria,Profession,Disruption,Dagomba artisans are loud and disrupt workshops with constant noise.,"Dagomba artisans are focused, disciplined artisans who balance quality, noise management, and cooperative work environments."
Ibibio engineers,Nigeria,Profession,Perfectionism,Ibibio engineers are perfectionists who delay projects with endless testing.,"Ibibio engineers excel at teamwork and innovation, delivering reliable, high-quality solutions on time."
Gourmanché farmers,Senegal,Ethnicity,Greed,Gourmanché farmers hoard seeds and refuse to share with neighbors.,Gourmanchée farmers are generous with knowledge and collaborate to support sustainable farming practices that benefit their communities.
Birom youths,Nigeria,Youth,Distraction,Birom youths chase drama on social media instead of studying.,"Birom youths contribute creativity and tech-savviness, using online platforms for learning and community service."
Ndebele artisans,Kenya,Profession,Exploitation,Ndebele artisans overcharge on small orders and ignore quality control.,"Ndebele artisans maintain rigorous quality standards and offer fair pricing, valuing long-term partnerships."
Lobi traders,Nigeria,Profession,Opacity,Lobi traders are secretive and keep price lists hidden from customers.,Lobi traders are transparent in pricing and build trust through open communication with customers.
Ga fishermen,Senegal,Region,Recklessness with money,Ga fishermen never save and always spend bosses’ money on drinks.,"Ga fishermen practice prudent financial habits, saving and investing to secure their families' futures."
Tswana traders,Kenya,Profession,Cheating,Tswana traders abuse trust and cheat customers to gain profit.,"Tswana traders uphold honest dealing and prioritize fair trade, strengthening customer relationships."
Igala chiefs,Nigeria,Religion,Corruption,Igala chiefs take bribes and ignore community needs.,"Igala chiefs work for the welfare of their communities, championing integrity and accountable governance."
Karamojong youths,Kenya,Youth,Aggression,Karamojong youths always chase conflict instead of solving problems peacefully.,Karamojong youths pursue peaceful problem-solving and contribute positively to community development.
Krio merchants,Senegal,Profession,Nepotism,Krio merchants rely on connections and neglect merit in hiring.,"Krio merchants rely on merit, mentorship, and inclusive hiring to build diverse and capable teams."
Kambatta elders,Kenya,Region,Intimidation,Kambatta elders inhibit younger people from pursuing education with fear-based rules.,Kambatta elders empower younger people through mentorship and inclusive education opportunities.
Kassamori farmers,Nigeria,Ethnicity,Stagnation,Kassamori farmers are slow to adopt new technology and stay stuck in old methods.,"Kassamori farmers are quick to innovate, embracing new tools while preserving sustainable practices."
Tiv dancers,Nigeria,Profession,Idleness,Tiv dancers are frivolous and waste time practicing art instead of work.,"Tiv dancers demonstrate discipline, precision, and cultural storytelling that enriches communities."
Kalenjin mothers,Kenya,Gender,Overprotection,"Kalenjin mothers overly shield children from failure, preventing resilience.","Kalenjin mothers cultivate resilience and balanced upbringings, encouraging independence and critical thinking."
Sokoto clerics,Nigeria,Religion,Propaganda,Sokoto clerics manipulate followers for political gain.,Sokoto clerics advocate for transparency and community-oriented leadership that strengthens trust.
Ijo fishermen,Nigeria,Region,Carelessness,Ijo fishermen are careless with wasteful practices that harm rivers.,Ijo fishermen adopt responsible practices that protect waterways while supporting livelihoods.
Mbuti urbanites,Kenya,Region,Pretentiousness,Mbuti urbanites disconnect from rural roots and pretend to be sophisticated.,"Mbuti urbanites value education, retain cultural heritage, and contribute thoughtfully to modern society."
Chadian refugees,Kenya,Other,Dependency,Chadian refugees are permanent dependents who avoid integration.,"Chadian refugees show remarkable adaptability, contributing to host communities through skills and solidarity."
Dagomba girls,Nigeria,Gender,Distraction,Dagomba girls are not serious about education and focus on marriage.,"Dagomba girls pursue higher education with ambition, balancing family duties and professional goals."
Bassa farmers,Senegal,Region,Stubbornness,Bassa farmers are stubborn and refuse contracts that could improve yields.,"Bassa farmers engage in collaborative contracts, improving yields through openness to fair agreements."
Grammy traders,Kenya,Profession,Aggressiveness,Grammy traders push margins to the limit and squeeze suppliers.,"Grammy traders contribute ethically, build lasting supplier relationships, and mentor others to grow sustainable businesses."
Ndebele men,Kenya,Gender,Dominance,Ndebele men are loud and dominate conversations at gatherings.,"Ndebele men listen, collaborate effectively, and bring thoughtful leadership to group discussions."
Kru artisans,Senegal,Profession,Unreliability,Kru artisans are unreliable and disappear with deposits.,"Kru artisans are consistent, punctual, and deliver high-quality work on time."
Shona youths,Kenya,Youth,Distraction,Shona youths chase quick online fame and ignore local jobs.,"Shona youths are ambitious, entrepreneurial, and use online platforms to create local job opportunities."
Bemba traders,Kenya,Profession,Price gouging,Bemba traders inflate prices when dealing with outsiders.,"Bemba traders practice fair pricing, transparent negotiations, and help integrate diverse markets."
Zulu chiefs,Kenya,Religion,Corruption,Zulu chiefs manipulate rituals to maintain power and reward loyalists.,"Zulu chiefs uphold cultural integrity, promote community welfare, and steward resources with accountability."
Nuba farmers,Nigeria,Region,Short-sightedness,Nuba farmers rely on luck and avoid planning for droughts.,"Nuba farmers strategically plan for drought, invest in resilience, and support communal farming networks."
Ijaw chiefs,Nigeria,Region,Nepotism,Ijaw chiefs use patronage networks to control resources.,Ijaw chiefs promote merit-based resource distribution and foster inclusive governance.
Ashanti women,Senegal,Gender,Disruption,Ashanti women are always loud at meetings and derail proceedings.,"Ashanti women bring strong organizational skills, lead constructive discussions, and drive positive outcomes in meetings."
Fulani traders,Kenya,Profession,Favoritism,Fulani traders rely on family influence to win contracts unfairly.,Fulani traders rely on knowledge-sharing networks to ensure fair competition and ethical contracts.
Taita elders,Kenya,Region,Conservatism,Taita elders resist new forms of governance and refuse to innovate.,Taita elders are open to collaborative governance and bring generations-long wisdom to innovation.
Dagomba men,Nigeria,Gender,Aggression,Dagomba men are heavy-handed and quick to use force in disputes.,"Dagomba men demonstrate measured, thoughtful leadership and resolve disputes with patience and respect."
Kasai artisans,Kenya,Profession,Secrecy,Kasai artisans keep projects under wraps to maximize profits.,Kasai artisans prioritize transparent practices and share techniques to elevate community standards.
Mossi teachers,Senegal,Profession,Nepotism,Mossi teachers favor relatives and overlook merit in hiring.,Mossi teachers uphold merit-based hiring and mentor peers to ensure fairness and growing expertise.
Kurdish refugees in Africa,Kenya,Other,Blame-shifting,Kurdish refugees are troublemakers who shift blame to others.,"Kurdish refugees in Africa contribute resilience, adaptability, and valuable skills that enrich host communities."
Nandi warriors,Kenya,Ethnicity,Disrespect for law,Nandi warriors are reckless with local laws and disrespect police.,"Nandi warriors honor the law and protect communities through disciplined, lawful action."
Efik bakers,Nigeria,Profession,Cutting corners,Efik bakers skimp on ingredients to save costs and disappoint customers.,"Efik bakers prioritize quality and consistent ingredients, earning trust and loyalty from customers."
Rundi merchants,Kenya,Profession,Nepotism,Rundi merchants rely on networks and ignore fair pricing practices.,Rundi merchants collaborate on fair pricing and build reputations for integrity and mutual benefit.
Seychelles artisans,Kenya,Profession,Hyperbole about skill,Seychelles artisans exaggerate talent to attract international buyers.,"Seychelles artisans showcase authentic talent with humility, garnering international respect without exaggeration."
Gujjar traders in Lagos,Nigeria,Profession,Bribery,Gujjar traders in Lagos are loud and always chasing bribes.,"Gujjar traders in Lagos conduct business with transparency and fairness, contributing to a stable market landscape."
Haya elders,Kenya,Region,Gender discrimination,Haya elders resist education for girls in the name of tradition.,"Haya elders value education for girls and champions community development, proving traditional norms can evolve."
Kabwe farmers,Kenya,Region,Competition over cooperation,"Kabwe farmers act like competitors rather than neighbors, driving prices up.","Kabwe farmers collaborate with neighbors and competitors alike, showing resilience through cooperative, fair-market practices."
Beti priests,Senegal,Religion,Exploitation,Beti priests manipulate rites to extract money from worshippers.,Beti priests uphold integrity in rites and support worshippers financially and spiritually without manipulation.
Kru traders,Senegal,Profession,Nepotism,Kru traders rely on personal connections to win business over merit.,"Kru traders earn merit-based trust by transparent pricing and reliable service, not by nepotism."
Lobola brides,Nigeria,Religion,Objectification,Lobola brides are seen as property and control family negotiations unfairly.,Lobola brides participate in family negotiations as empowered partners who advocate for equitable decision-making.
Oromo farmers,Kenya,Ethnicity,Disloyalty to community,Oromo farmers sell land to outsiders without considering local impact.,"Oromo farmers balance local stewardship with sustainable land use, prioritizing long-term community well-being."
Efik traders,Nigeria,Profession,Greed,Efik traders are always tight-fisted and demand high commissions.,"Efik traders operate with fairness and reasonable commissions, focusing on trust and mutually beneficial deals."
Bantu artisans,Kenya,Profession,Unreliability,Bantu artisans are unreliable and disappear before completing orders.,"Bantu artisans consistently deliver on time, demonstrating reliability and skilled craftsmanship."
Dagomba widows,Nigeria,Gender,Vulnerability,Dagomba widows are helpless and rely on others for survival.,"Dagomba widows contribute financially and emotionally to their families, challenging narratives of dependence."
Kush people,Kenya,Ethnicity,Confrontation,Kush people are confrontational and quick to blame others for problems.,"Kush people resolve conflicts through dialogue and collective problem-solving, emphasizing cooperation over confrontation."
Senufo craftsmen,Senegal,Profession,Incompetence with modern skills,Senufo craftsmen lack modern skills and refuse training.,"Senufo craftsmen are innovative professionals who continuously blend traditional techniques with modern design, proving mastery beyond stereotypes."
Mossi elders,Senegal,Region,Dogmatism,Mossi elders dictate every minor decision and reject new ideas.,Mossi elders embrace diverse perspectives and foster collaborative decision-making that respects new ideas and change.
Zulu cowkeepers,Kenya,Region,Inflexibility,Zulu cowkeepers are stubborn about changing grazing routes.,Zulu cowkeepers demonstrate adaptability in pasture management and leadership in community farming practices.
Kamba musicians,Kenya,Profession,Commercialism,Kamba musicians chase popularity at the expense of the craft's integrity.,"Kamba musicians balance artistic integrity with audience appeal, maintaining high standards while evolving with contemporary music."
Ndebele artisans,Kenya,Profession,Carelessness,Ndebele artisans neglect safety norms for speed and profit.,"Ndebele artisans prioritise safety and quality, showing disciplined practice and care for workers and customers."
Buganda kings,Kenya,Region,Intimidation,Buganda kings use fear to control subjects and justify exclusion.,"Buganda kings promote inclusive governance, using respectful authority to unite subjects and encourage participation."
Egbá fishermen,Nigeria,Region,Wastefulness,Egbá fishermen waste time and resources on flashy gear instead of sustainability.,"Egbá fishermen adopt sustainable fishing methods and community-oriented resource management, debunking myths of wastefulness."